bodyId,type,instance,side,nt,nt_conf,pre,post,status,group,sign,role,azimuth,elevation,rf_az_sd,rf_el_sd,superclass
11913,LT52,LT52_L,L,glutamate,0.77520352602005,842,3845,Traced,11913.0,-1,middle_feedback,,,,,visual_projection
80565,JO-A1,JO-A1_L,L,acetylcholine,0.9242008924484252,288,116,Traced,,1,sense_hearing,,,,,cb_sensory
20749,LPLC2,LPLC2_R,R,acetylcholine,0.966212511062622,342,2023,Traced,11498.0,1,sense_looming,20.2781018811653,-22.55072837375107,8.065082396962016,7.614101068046971,visual_projection
45466,LC6,LC6_R,R,acetylcholine,0.8983945250511169,178,680,Traced,18842.0,1,sense_looming,138.25410811550722,6.608096510511359,9.624098347695766,5.065371793744773,visual_projection
10145,PVLP130,PVLP130_L,L,gaba,0.8596009612083435,1694,5820,Traced,10145.0,-1,middle_feedback,,,,,cb_intrinsic
26519,JO-FV,JO-FV_R,R,acetylcholine,0.9550895690917968,247,273,Traced,,1,sense_hearing,,,,,cb_sensory
15665,SAD064,SAD064_R,R,acetylcholine,0.9520959854125975,557,2338,Traced,15665.0,1,middle_gf,,,,,cb_intrinsic
13156,SAD052,SAD052_R,R,acetylcholine,0.9607616066932678,833,1187,Traced,13156.0,1,middle_feedback,,,,,cb_intrinsic
539978,JO-DA,JO-DA_L,L,acetylcholine,0.8631417155265808,252,202,Traced,,1,sense_hearing,,,,,cb_sensory
19082,CB1314,CB1314_R,R,gaba,0.8427704572677612,274,1100,Traced,,-1,middle_feedback,,,,,cb_intrinsic
519168,LC10a,LC10a_L,L,acetylcholine,0.961131751537323,214,715,Traced,10573.0,1,sense_pursuit,137.8610837916425,-22.039954086839263,7.990981372393159,3.397668543796116,visual_projection
24319,LoVP76,LoVP76_R,R,glutamate,0.8224814534187317,394,1559,Traced,21780.0,-1,middle_feedback,,,,,visual_projection
11199,LAL123,LAL123_R,R,unclear,0.4100343883037567,2421,10446,Traced,11199.0,0,middle_feedback,,,,,cb_intrinsic
524162,SAD023,SAD023_L,L,gaba,0.8502892851829529,292,984,Traced,29859.0,-1,middle_feedback,,,,,cb_intrinsic
18167,CB1948,CB1948_R,R,gaba,0.8556012511253357,355,1701,Traced,18167.0,-1,middle_feedback,,,,,cb_intrinsic
46071,JO-A2,JO-A2_L,L,acetylcholine,0.8740109205245972,318,261,Traced,,1,sense_hearing,,,,,cb_sensory
523564,PVLP011,PVLP011_L,L,gaba,0.8418892621994019,5338,39311,Traced,16659.0,-1,middle_feedback,,,,,cb_intrinsic
15959,SAD014,SAD014_R,R,gaba,0.7440923452377319,234,1844,Traced,15959.0,-1,middle_feedback,,,,,cb_intrinsic
218203,JO-EV6,JO-EV6_L,L,acetylcholine,0.9100934863090516,240,135,Traced,,1,sense_hearing,,,,,cb_sensory
519415,SAD014,SAD014_L,L,gaba,0.8692271113395691,171,2268,Traced,15959.0,-1,middle_feedback,,,,,cb_intrinsic
64293,JO-ED2_b,JO-ED2_b_L,L,acetylcholine,0.938070833683014,291,195,Traced,,1,sense_hearing,,,,,cb_sensory
922950,JO-B1_a,JO-B1_a_L,L,acetylcholine,0.8511641025543213,157,202,Traced,,1,sense_hearing,,,,,cb_sensory
26416,LPLC2,LPLC2_L,L,acetylcholine,0.9569553732872008,327,1482,Traced,11498.0,1,sense_looming,127.69354764454528,-29.787757614197417,8.591962115125071,4.456892697177023,visual_projection
919061,JO-A2,JO-A2_L,L,acetylcholine,0.8865094184875488,275,201,Traced,,1,sense_hearing,,,,,cb_sensory
64964,LC10a,LC10a_L,L,acetylcholine,0.927623689174652,165,626,Traced,10573.0,1,sense_pursuit,114.44194689005585,24.182481717701503,6.406845127803607,3.947142302059581,visual_projection
34869,CB1638,CB1638_R,R,acetylcholine,0.9404852390289308,170,595,Traced,,1,middle_feedback,,,,,cb_intrinsic
555227,CL038,CL038_L,L,glutamate,0.754686176776886,434,2862,Traced,17144.0,-1,middle_feedback,,,,,cb_intrinsic
515514,JO-ED2_b,JO-ED2_b_L,L,acetylcholine,0.960928738117218,281,203,Traced,,1,sense_hearing,,,,,cb_sensory
19260,LC4,LC4_R,R,acetylcholine,0.9603374004364014,404,2820,Traced,12032.0,1,sense_looming,23.07170921610081,7.722958735387849,11.853216355628597,6.838930415990582,visual_projection
12420,CB2153,CB2153_L,L,acetylcholine,0.9642693400382996,835,1617,Traced,,1,middle_feedback,,,,,cb_intrinsic
68728,LC10a,LC10a_L,L,acetylcholine,0.8946344256401062,97,243,Traced,10573.0,1,sense_pursuit,4.488671549400337,-27.40091467382729,3.136455383240784,8.25403603019191,visual_projection
37587,LC4,LC4_L,L,acetylcholine,0.9375774264335632,365,2148,Traced,12032.0,1,sense_looming,143.49602902121606,-12.321682887169928,11.780750836570732,7.753371416958498,visual_projection
19924,CB2664,CB2664_L,L,acetylcholine,0.9490370750427246,604,1580,Traced,13600.0,1,middle_feedback,,,,,cb_intrinsic
533751,CB0466,CB0466_L,L,gaba,0.8701525926589966,1405,5970,Traced,12747.0,-1,middle_feedback,,,,,cb_intrinsic
480601747,JO-EV2,JO-EV2_R,R,acetylcholine,0.806640625,127,101,Traced,,1,sense_hearing,,,,,cb_sensory
22184,LC10a,LC10a_L,L,acetylcholine,0.9485363960266112,370,1286,Traced,10573.0,1,sense_pursuit,53.25233913202811,-10.653299829064991,7.926056996096882,3.32094455688346,visual_projection
33396,LPLC2,LPLC2_R,R,acetylcholine,0.9451278448104858,262,1744,Traced,11498.0,1,sense_looming,110.9088386864976,26.40918494603221,7.74883123554839,5.650730377489176,visual_projection
530841,JO-EV3,JO-EV3_R,R,acetylcholine,0.8847306370735168,269,123,Traced,,1,sense_hearing,,,,,cb_sensory
32111,LC10a,LC10a_L,L,acetylcholine,0.9486907720565796,261,804,Traced,10573.0,1,sense_pursuit,111.96545672208114,-2.807127966943206,9.242279046571491,3.468817125048905,visual_projection
261211,JO-CA1,JO-CA1_L,L,acetylcholine,0.8605462312698364,136,205,Traced,,1,sense_hearing,,,,,cb_sensory
529105,JO-EV5,JO-EV5_L,L,acetylcholine,0.9426465630531312,332,256,Traced,,1,sense_hearing,,,,,cb_sensory
88051,CB3466,CB3466_L,L,acetylcholine,0.9669048190116882,496,3285,Traced,20568.0,1,middle_feedback,,,,,cb_intrinsic
226996233,JO-EV2,JO-EV2_R,R,acetylcholine,0.7915976047515869,106,59,Traced,,1,sense_hearing,,,,,cb_sensory
90589,AMMC035,AMMC035_L,L,gaba,0.7260071635246277,294,602,Traced,16073.0,-1,middle_feedback,,,,,cb_intrinsic
35332,JO-EV2,JO-EV2_L,L,acetylcholine,0.939830720424652,250,310,Traced,,1,sense_hearing,,,,,cb_sensory
10348,AVLP501,AVLP501_L,L,acetylcholine,0.96806800365448,2762,9738,Traced,10348.0,1,middle_feedback,,,,,cb_intrinsic
875638914,JO-EV2,JO-EV2_R,R,acetylcholine,0.5586614608764648,161,105,Traced,,1,sense_hearing,,,,,cb_sensory
13501,VES087,VES087_R,R,gaba,0.8639931678771973,1023,5057,Traced,13289.0,-1,middle_feedback,,,,,cb_intrinsic
523923,LT52,LT52_L,L,glutamate,0.7864553928375244,894,4478,Traced,11913.0,-1,middle_feedback,,,,,visual_projection
87750,LC10a,LC10a_L,L,acetylcholine,0.9520217180252076,128,560,Traced,10573.0,1,sense_pursuit,123.191358529892,34.86986993578293,7.831388668860802,5.263928565659098,visual_projection
84470,LC10a,LC10a_R,R,acetylcholine,0.8305439949035645,74,248,Traced,10573.0,1,sense_pursuit,2.572421022284832,-9.830182222418273,4.886078359798507,22.09261229034471,visual_projection
27620,CB1638,CB1638_R,R,acetylcholine,0.9503498077392578,239,907,Traced,,1,middle_feedback,,,,,cb_intrinsic
30893,LPLC2,LPLC2_L,L,acetylcholine,0.958261787891388,294,1439,Traced,11498.0,1,sense_looming,158.07411564452252,-7.403667678216955,8.819756687801457,6.932731986991578,visual_projection
517078,LPLC2,LPLC2_L,L,acetylcholine,0.9690003991127014,339,1873,Traced,11498.0,1,sense_looming,40.80579171975334,-26.43315497223488,10.289886059701972,5.602806162500568,visual_projection
48716,LC10a,LC10a_R,R,acetylcholine,0.9385063648223876,134,461,Traced,10573.0,1,sense_pursuit,141.26209391932912,6.207124773759745,10.366444367258396,7.044816458919376,visual_projection
32238,LC10a,LC10a_L,L,acetylcholine,0.9390047192573548,299,960,Traced,10573.0,1,sense_pursuit,111.48205805455152,-24.24014447036237,6.578343207609992,3.1621987386158974,visual_projection
519538,DNg24,DNg24_R,R,gaba,0.8703507781028748,2465,3187,Traced,10739.0,-1,middle_feedback,,,,,descending_neuron
26730,LPLC2,LPLC2_R,R,acetylcholine,0.937930166721344,343,2120,Traced,11498.0,1,sense_looming,102.81956849625432,-32.78433394962714,8.266606928766478,4.602466898293012,visual_projection
523921,PVLP122,PVLP122_R,R,acetylcholine,0.9616720080375672,1188,8326,Traced,10992.0,1,middle_gf,,,,,cb_intrinsic
516909,LC4,LC4_L,L,acetylcholine,0.969030261039734,340,2327,Traced,12032.0,1,sense_looming,11.948824563058498,19.126800082993825,9.169479935877945,7.353395860878484,visual_projection
129290,JO-B4_a,JO-B4_a_L,L,acetylcholine,0.9571962356567384,166,116,Traced,,1,sense_hearing,,,,,cb_sensory
87956,CB3019,CB3019_R,R,acetylcholine,0.929210126399994,554,4087,Traced,12156.0,1,middle_feedback,,,,,cb_intrinsic
11101,AVLP502,AVLP502_L,L,acetylcholine,0.9624581933021544,2132,6240,Traced,11101.0,1,middle_feedback,,,,,cb_intrinsic
20799,LPLC2,LPLC2_L,L,acetylcholine,0.9535164833068848,366,2115,Traced,11498.0,1,sense_looming,48.11207205377636,13.785792984434778,7.470408742893875,4.434515787224395,visual_projection
23191,SAD078,SAD078_L,L,unclear,0.4945042729377746,273,1484,Traced,10505.0,0,middle_feedback,,,,,cb_intrinsic
15414,PVLP123,PVLP123_R,R,acetylcholine,0.9629315733909608,493,3253,Traced,15414.0,1,middle_feedback,,,,,cb_intrinsic
22397,LC10a,LC10a_R,R,acetylcholine,0.9670420289039612,378,1594,Traced,10573.0,1,sense_pursuit,48.69255496846758,-10.041550779442382,8.325331275951655,3.597018404680109,visual_projection
42452,LC10a,LC10a_R,R,acetylcholine,0.9018054008483888,173,756,Traced,10573.0,1,sense_pursuit,11.95012593837366,-25.91621019312577,4.702179329373348,4.053468952560023,visual_projection
89103,JO-EV1,JO-EV1_L,L,acetylcholine,0.9540267586708068,281,260,Traced,,1,sense_hearing,,,,,cb_sensory
60254,WED106,WED106_L,L,gaba,0.8179145455360413,844,1722,Traced,15966.0,-1,middle_feedback,,,,,cb_intrinsic
140676,LC10a,LC10a_L,L,acetylcholine,0.940590798854828,256,838,Traced,10573.0,1,sense_pursuit,44.37839493254566,-41.23100002746385,4.837516640756145,2.873943601680878,visual_projection
11630,AVLP498,AVLP498_R,R,acetylcholine,0.9511415362358092,2136,12686,Traced,11630.0,1,middle_feedback,,,,,cb_intrinsic
277683,JO-CA2,JO-CA2_L,L,acetylcholine,0.9162926077842712,166,184,Traced,,1,sense_hearing,,,,,cb_sensory
50736,LC6,LC6_R,R,acetylcholine,0.9334009289741516,211,942,Traced,18842.0,1,sense_looming,1.9810985988534071,18.121214385195003,7.905013194723067,6.492252991815612,visual_projection
231936,JO-FD1,JO-FD1_L,L,acetylcholine,0.9298060536384584,151,177,Traced,,1,sense_hearing,,,,,cb_sensory
10667,AVLP210,AVLP210_L,L,acetylcholine,0.952167809009552,1849,8312,Traced,10667.0,1,middle_feedback,,,,,cb_intrinsic
532909,LAL123,LAL123_L,L,unclear,0.434475839138031,2539,10564,Traced,11199.0,0,middle_feedback,,,,,cb_intrinsic
39125,LC6,LC6_R,R,acetylcholine,0.920063853263855,213,615,Traced,18842.0,1,sense_looming,146.09484447379276,-32.99995520477954,9.056966542047284,4.294641742480854,visual_projection
47206,LC10a,LC10a_L,L,acetylcholine,0.9414905309677124,146,424,Traced,10573.0,1,sense_pursuit,18.47600398987908,-37.57301641179846,3.8835810601405454,2.5301150408424133,visual_projection
11526,PVLP114,PVLP114_R,R,acetylcholine,0.9288724660873412,2053,8618,Traced,10594.0,1,middle_feedback,,,,,cb_intrinsic
529641,LAL018,LAL018_R,R,acetylcholine,0.9497498273849488,1437,8529,Traced,519461.0,1,middle_feedback,,,,,cb_intrinsic
54562,LC10a,LC10a_R,R,acetylcholine,0.924015462398529,134,533,Traced,10573.0,1,sense_pursuit,14.939161315561456,-30.482628080999525,6.607325478031655,6.418051368355773,visual_projection
28296,SAD001,SAD001_L,L,acetylcholine,0.8666533827781677,368,696,Traced,10743.0,1,middle_feedback,,,,,cb_intrinsic
37871,LC10a,LC10a_R,R,acetylcholine,0.8907862901687622,208,845,Traced,10573.0,1,sense_pursuit,79.55537670668656,49.49799448232488,8.089000731556698,3.5232647536301824,visual_projection
521377,DNpe024,DNpe024(CL325)_R,R,acetylcholine,0.9487159252166748,1493,4299,Traced,33335.0,1,middle_feedback,,,,,descending_neuron
13289,VES087,VES087_R,R,gaba,0.8466673493385315,1039,5455,Traced,13289.0,-1,middle_feedback,,,,,cb_intrinsic
11441,PS322,PS322_L,L,glutamate,0.6986178159713745,1739,5851,Traced,11441.0,-1,middle_feedback,,,,,cb_intrinsic
62835,LC6,LC6_R,R,acetylcholine,0.9070429801940918,129,380,Traced,18842.0,1,sense_looming,91.00402652645494,39.1699669147736,9.739993845383983,2.754505149729224,visual_projection
26528,LPLC2,LPLC2_L,L,acetylcholine,0.9483296275138856,331,1875,Traced,11498.0,1,sense_looming,100.01187025142502,37.66088614031668,8.55817923934789,4.16003224679602,visual_projection
12255,PVLP019,PVLP019_R,R,gaba,0.8542274236679077,862,3124,Traced,12255.0,-1,middle_feedback,,,,,cb_intrinsic
25511,LPLC2,LPLC2_R,R,acetylcholine,0.954602599143982,289,2608,Traced,11498.0,1,sense_looming,76.29982883878243,1.9824837870679488,8.586521898870004,5.399133732137992,visual_projection
516228,CB3207,CB3207_L,L,gaba,0.7932420372962952,273,694,Traced,,-1,middle_feedback,,,,,cb_intrinsic
530838,JO-ED2_b,JO-ED2_b_R,R,acetylcholine,0.8795302510261536,163,62,Traced,,1,sense_hearing,,,,,cb_sensory
92045,JO-unclear,JO-unclear_L,L,acetylcholine,0.9496414065361024,116,178,Traced,,1,sense_hearing,,,,,cb_sensory
520655,WED208,WED208_L,L,gaba,0.7575393319129944,1313,1114,Traced,11661.0,-1,middle_feedback,,,,,cb_intrinsic
27300,LC10a,LC10a_R,R,acetylcholine,0.9675914645195008,272,642,Traced,10573.0,1,sense_pursuit,119.38258994767074,-45.51749103624355,9.370301668785292,4.784812948361735,visual_projection
13648,PVLP150,PVLP150_R,R,acetylcholine,0.963651716709137,1313,4685,Traced,13648.0,1,middle_feedback,,,,,cb_intrinsic
30440,LC6,LC6_R,R,acetylcholine,0.9325190782546996,253,797,Traced,18842.0,1,sense_looming,43.526261816925945,-24.75480540163121,9.56181443003075,3.7098257109260016,visual_projection
929909,JO-EV2,JO-EV2_L,L,acetylcholine,0.7211225032806396,111,46,Traced,,1,sense_hearing,,,,,cb_sensory
531985,PVLP010,PVLP010_R,R,glutamate,0.6049111485481262,2815,19122,Traced,10074.0,-1,middle_gf,,,,,cb_intrinsic
65991,PVLP021,PVLP021_L,L,gaba,0.8581942915916443,919,3389,Traced,13794.0,-1,middle_feedback,,,,,cb_intrinsic
17054,LC4,LC4_R,R,acetylcholine,0.9619563817977904,456,3806,Traced,12032.0,1,sense_looming,55.989107232232726,-44.997875089177846,20.098897974327635,6.76086779271619,visual_projection
10760,DNa01,DNa01(VES006)_R,R,acetylcholine,0.9433017373085022,2594,13804,Traced,10442.0,1,out_steer,,,,,descending_neuron
348644043,JO-FV,JO-FV_R,R,acetylcholine,0.9747326970100404,51,51,Traced,,1,sense_hearing,,,,,cb_sensory
38301,LC10a,LC10a_L,L,acetylcholine,0.9644527435302734,189,632,Traced,10573.0,1,sense_pursuit,130.76873008676677,-11.4774981551992,5.487502982948765,4.376073691524645,visual_projection
35424,LC6,LC6_L,L,acetylcholine,0.9564690589904784,266,976,Traced,18842.0,1,sense_looming,68.90937979813839,-27.453122511969227,13.319150081577847,3.407220579536564,visual_projection
27624,LC4,LC4_L,L,acetylcholine,0.950394868850708,438,2446,Traced,12032.0,1,sense_looming,159.19846230159337,-27.41151368648036,8.533818826781385,9.264295123963398,visual_projection
18396,LC4,LC4_L,L,acetylcholine,0.941045105457306,317,1818,Traced,12032.0,1,sense_looming,105.31772984872973,39.5971331572874,11.519652763890734,6.639199697811561,visual_projection
11579,LT82a,LT82a_R,R,acetylcholine,0.9524188041687012,1000,8321,Traced,11219.0,1,middle_feedback,,,,,visual_projection
17953,AOTU002_c,AOTU002_c_R,R,acetylcholine,0.9585972428321838,421,2529,Traced,17953.0,1,middle_feedback,,,,,cb_intrinsic
13441,AOTU027,AOTU027_R,R,acetylcholine,0.947976291179657,762,5608,Traced,12391.0,1,middle_feedback,,,,,cb_intrinsic
25304,LC10a,LC10a_L,L,acetylcholine,0.9582188129425048,353,1278,Traced,10573.0,1,sense_pursuit,70.14477072707834,-9.878167917541164,7.670077535738551,3.6359190623811375,visual_projection
89700,LC6,LC6_L,L,acetylcholine,0.9109321236610411,137,375,Traced,18842.0,1,sense_looming,106.15304048205851,34.84667849016729,10.632209315113672,3.0227667147881627,visual_projection
524366,LPLC2,LPLC2_L,L,acetylcholine,0.9465928673744202,241,1228,Traced,11498.0,1,sense_looming,129.30539056470988,5.95490681659156,9.26783239610206,5.516254696771753,visual_projection
51658,PS018_a,PS018_a_L,L,acetylcholine,0.9409964680671692,1122,3858,Traced,14200.0,1,middle_feedback,,,,,cb_intrinsic
513681,SAD104,SAD104_L,L,gaba,0.8382224440574646,258,631,Traced,19637.0,-1,middle_feedback,,,,,cb_intrinsic
800146,TTMn,TTMn_R,R,glutamate,0.618985652923584,128,4042,Traced,800146.0,-1,out_escape,,,,,vnc_motor
43248,LC6,LC6_L,L,acetylcholine,0.9492092728614808,266,1100,Traced,18842.0,1,sense_looming,2.6138063158105247,18.41360427834441,9.59031946734636,6.271236887985842,visual_projection
200259,JO-FD2,JO-FD2_L,L,acetylcholine,0.926561951637268,161,96,Traced,,1,sense_hearing,,,,,cb_sensory
523438,SAD112_b,SAD112_b_R,R,gaba,0.8722145557403564,1566,5476,Traced,11476.0,-1,middle_feedback,,,,,cb_intrinsic
23929,LC4,LC4_R,R,acetylcholine,0.9643893241882324,375,2561,Traced,12032.0,1,sense_looming,152.04003496923133,-14.837350986660129,10.001048147240262,8.663428763421226,visual_projection
17939,PVLP046,PVLP046_R,R,gaba,0.888421893119812,630,1427,Traced,,-1,middle_feedback,,,,,visual_centrifugal
512630,JO-ED2_b,JO-ED2_b_R,R,acetylcholine,0.9349535703659058,244,117,Traced,,1,sense_hearing,,,,,cb_sensory
29092,LC10a,LC10a_R,R,acetylcholine,0.9418630003929138,295,1455,Traced,10573.0,1,sense_pursuit,23.120942875794874,34.16221464901231,6.543272490962671,4.24257252908598,visual_projection
21808,LPLC2,LPLC2_R,R,acetylcholine,0.958668291568756,423,2601,Traced,11498.0,1,sense_looming,37.09631473952864,45.02516596989301,13.226202955070846,4.384800500592258,visual_projection
512629,JO-CM,JO-CM_R,R,acetylcholine,0.860437273979187,280,136,Traced,,1,sense_hearing,,,,,cb_sensory
17548,LC4,LC4_R,R,acetylcholine,0.958721160888672,484,3332,Traced,12032.0,1,sense_looming,52.93208816320619,-36.28968811152227,16.26936443011242,6.695355935647662,visual_projection
512978,LC10a,LC10a_L,L,acetylcholine,0.9452984929084778,165,397,Traced,10573.0,1,sense_pursuit,83.58261306972673,-55.08830542959725,7.1177190729427,2.665090932870343,visual_projection
517752,LC4,LC4_L,L,acetylcholine,0.9396756887435912,277,1847,Traced,12032.0,1,sense_looming,67.30656550685019,17.958727993731415,11.23708155681693,5.814316792295114,visual_projection
24164,LC10a,LC10a_R,R,acetylcholine,0.9495689272880554,347,1185,Traced,10573.0,1,sense_pursuit,36.727339561775885,-32.88441668430082,5.249852103351342,3.4505294883951594,visual_projection
241016,JO-B3,JO-B3_R,R,acetylcholine,0.9567386507987976,54,29,Traced,,1,sense_hearing,,,,,cb_sensory
68291,JO-CM,JO-CM_L,L,acetylcholine,0.9677885174751282,279,119,Traced,,1,sense_hearing,,,,,cb_sensory
19686,AOTU016_a,AOTU016_a_L,L,acetylcholine,0.9510464072227478,492,3198,Traced,18026.0,1,middle_feedback,,,,,cb_intrinsic
17461,AOTU015,AOTU015_R,R,acetylcholine,0.970750629901886,488,3102,Traced,12627.0,1,middle_steer,,,,,cb_intrinsic
20006,CB4118,CB4118_L,L,gaba,0.8190420269966125,391,2251,Traced,17815.0,-1,middle_feedback,,,,,cb_intrinsic
60980,PS231,PS231_L,L,acetylcholine,0.9563421010971068,1108,2556,Traced,14681.0,1,middle_feedback,,,,,cb_intrinsic
54962,LC6,LC6_L,L,acetylcholine,0.9234076738357544,227,804,Traced,18842.0,1,sense_looming,64.70351956137722,34.719582515681495,11.523122109003731,3.922637008304731,visual_projection
37431,LPLC2,LPLC2_R,R,acetylcholine,0.9539400935173036,280,1795,Traced,11498.0,1,sense_looming,53.58128540673661,-0.0595030461714785,8.100490177809657,5.249135115820796,visual_projection
42475,LC6,LC6_R,R,acetylcholine,0.9546992182731628,194,567,Traced,18842.0,1,sense_looming,108.40398789664198,11.054280528972953,11.05562651746376,3.938625105562506,visual_projection
52810,LC6,LC6_L,L,acetylcholine,0.9528669714927672,222,690,Traced,18842.0,1,sense_looming,41.95702589455873,-36.17322908972763,10.995432965950853,3.0748620223930843,visual_projection
21361,LPLC2,LPLC2_L,L,acetylcholine,0.957683801651001,341,2018,Traced,11498.0,1,sense_looming,5.817807240812449,-0.7180094168473588,7.279529958831848,8.26859970487704,visual_projection
47907,LC6,LC6_R,R,acetylcholine,0.905753254890442,183,587,Traced,18842.0,1,sense_looming,124.73862642952685,22.469322871254164,9.18191451927229,2.719481672630073,visual_projection
286384065,JO-ED2_a,JO-ED2_a_L,L,acetylcholine,0.512717604637146,250,97,Traced,,1,sense_hearing,,,,,cb_sensory
19667,LC10a,LC10a_L,L,acetylcholine,0.956875205039978,326,1064,Traced,10573.0,1,sense_pursuit,90.6795501608359,-22.375897126127303,7.111421683613146,3.117599316743989,visual_projection
21548,AVLP094,AVLP094_R,R,gaba,0.7862748503684998,546,1520,Traced,21548.0,-1,middle_gf,,,,,cb_intrinsic
522305,JO-B1_a,JO-B1_a_L,L,acetylcholine,0.8913978934288025,163,262,Traced,,1,sense_hearing,,,,,cb_sensory
975904445,JO-FV,JO-FV_L,L,acetylcholine,0.928103804588318,104,69,Traced,,1,sense_hearing,,,,,cb_sensory
24769,LC10a,LC10a_R,R,acetylcholine,0.9475061893463136,321,1468,Traced,10573.0,1,sense_pursuit,84.98901051260661,1.4354712316822713,8.669370106027934,4.358228236916628,visual_projection
30041,LPLC2,LPLC2_R,R,acetylcholine,0.9446232914924622,258,1749,Traced,11498.0,1,sense_looming,110.50819946238316,-4.220394592331282,10.21509601435381,4.794782386011598,visual_projection
525844,LPLC2,LPLC2_L,L,acetylcholine,0.9527713656425476,309,1598,Traced,11498.0,1,sense_looming,111.53801483451156,33.695398300704724,9.441304212429866,4.495440270573845,visual_projection
516223,AOTU006,AOTU006_L,L,acetylcholine,0.9219315052032472,570,4494,Traced,20280.0,1,middle_steer,,,,,cb_intrinsic
14102,LPLC2,LPLC2_L,L,acetylcholine,0.9594039916992188,379,1999,Traced,11498.0,1,sense_looming,43.80505437042239,-16.392285917428076,8.804331099342495,6.156799602757222,visual_projection
17775,LPLC2,LPLC2_L,L,acetylcholine,0.9318085312843324,384,2230,Traced,11498.0,1,sense_looming,18.88791640931112,27.046281706908488,6.422204591808842,5.162608067249491,visual_projection
521693,PVLP122,PVLP122_L,L,acetylcholine,0.9533382654190063,1225,8374,Traced,10992.0,1,middle_feedback,,,,,cb_intrinsic
520630,JO-EV6,JO-EV6_R,R,acetylcholine,0.8862032294273376,208,85,Traced,,1,sense_hearing,,,,,cb_sensory
20182,LPLC2,LPLC2_R,R,acetylcholine,0.9544594883918762,383,2781,Traced,11498.0,1,sense_looming,53.50898727542531,8.24734381439535,7.513642279309449,5.2757620554941616,visual_projection
516152,PVLP027,PVLP027_L,L,gaba,0.8159507513046265,362,4557,Traced,16424.0,-1,middle_feedback,,,,,cb_intrinsic
565953,JO-B3,JO-B3_L,L,acetylcholine,0.9418202042579652,118,96,Traced,,1,sense_hearing,,,,,cb_sensory
529571,VES087,VES087_L,L,gaba,0.8676792979240417,1005,5207,Traced,13289.0,-1,middle_feedback,,,,,cb_intrinsic
31334,AN08B009,AN08B009_L,L,acetylcholine,0.9660012125968932,1886,5049,Traced,30789.0,1,middle_feedback,,,,,ascending_neuron
30499,LC10a,LC10a_R,R,acetylcholine,0.9667047262191772,242,857,Traced,10573.0,1,sense_pursuit,40.26134888383081,-37.86626397607792,4.491278481501165,3.881182754654312,visual_projection
24211,LC10a,LC10a_R,R,acetylcholine,0.9472762942314148,318,1613,Traced,10573.0,1,sense_pursuit,53.16236495591888,12.598578404218642,6.717862981701954,4.957322041916292,visual_projection
23210,LC10a,LC10a_R,R,acetylcholine,0.9602689743041992,335,1362,Traced,10573.0,1,sense_pursuit,32.02701592326268,-25.138339289021182,6.164439801513555,3.3114662077335337,visual_projection
158576,JO-B1_b,JO-B1_b_L,L,acetylcholine,0.952423930168152,87,145,Traced,,1,sense_hearing,,,,,cb_sensory
24308,LPLC2,LPLC2_L,L,acetylcholine,0.9585068225860596,359,1880,Traced,11498.0,1,sense_looming,108.11541479261308,-23.766140990701658,9.085373397569462,5.52231817506134,visual_projection
16775,LC10a,LC10a_L,L,acetylcholine,0.9560139179229736,311,974,Traced,10573.0,1,sense_pursuit,83.50009846901968,-25.916610969983864,6.4847663968249005,3.8714775609896015,visual_projection
21173,LC10a,LC10a_L,L,acetylcholine,0.9323849678039552,252,728,Traced,10573.0,1,sense_pursuit,114.94634676774712,-42.87981010068536,6.873387491447882,3.106002903205677,visual_projection
10986,PVLP140,PVLP140_R,R,gaba,0.8755133152008057,2005,7099,Traced,10986.0,-1,middle_feedback,,,,,cb_intrinsic
43873,AOTU059,AOTU059_R,R,gaba,0.802678644657135,226,596,Traced,43873.0,-1,middle_feedback,,,,,cb_intrinsic
20933,LC10a,LC10a_L,L,acetylcholine,0.9159234762191772,132,385,Traced,10573.0,1,sense_pursuit,36.87564188273929,-45.915974657742986,5.345148312593142,2.23598182501461,visual_projection
40811,LPLC2,LPLC2_L,L,acetylcholine,0.946914792060852,279,1512,Traced,11498.0,1,sense_looming,126.70457247951992,28.88810879527713,12.746428333743191,6.04777168593185,visual_projection
10202,GNG103,GNG103(hb5813083315)_R,R,gaba,0.8195405602455139,3907,18515,Traced,10202.0,-1,middle_feedback,,,,,cb_intrinsic
37963,LC6,LC6_L,L,acetylcholine,0.9260037541389464,219,622,Traced,18842.0,1,sense_looming,125.5010663934094,-7.794670172464684,11.74402602671016,3.5785455825208112,visual_projection
225878,JO-CA2,JO-CA2_L,L,acetylcholine,0.9293642044067384,107,245,Traced,,1,sense_hearing,,,,,cb_sensory
32005,LC6,LC6_R,R,acetylcholine,0.9591270089149476,249,1303,Traced,18842.0,1,sense_looming,17.108526949122982,-4.562240643790801,10.696452564093878,4.550473550560456,visual_projection
11118,PVLP137,PVLP137_L,L,acetylcholine,0.9614062905311584,1821,9858,Traced,10329.0,1,middle_feedback,,,,,cb_intrinsic
423565,JO-CM,JO-CM_R,R,acetylcholine,0.6292437314987183,59,22,Traced,,1,sense_hearing,,,,,cb_sensory
29955,LPLC2,LPLC2_L,L,acetylcholine,0.956581711769104,267,1610,Traced,11498.0,1,sense_looming,120.6451091273517,22.2242673233056,8.961902316037227,6.022965748020265,visual_projection
46376,AN17B002,AN17B002_L,L,gaba,0.8497685790061951,3133,3229,Traced,46376.0,-1,middle_feedback,,,,,ascending_neuron
10447,DNge138,DNge138_M,M,unclear,0.8423277139663696,4071,6904,Traced,10447.0,0,middle_feedback,,,,,descending_neuron
23226,LC4,LC4_L,L,acetylcholine,0.9036210775375366,300,1924,Traced,12032.0,1,sense_looming,56.53281893316418,24.44585448148382,8.885878103337891,6.104361219802836,visual_projection
532198,WED196,WED196_M,M,gaba,0.8142964839935303,2647,5405,Traced,,-1,middle_feedback,,,,,cb_intrinsic
14017,CL022_c,CL022_c_R,R,acetylcholine,0.959500253200531,764,2998,Traced,14017.0,1,middle_feedback,,,,,cb_intrinsic
522355,AN08B007,AN08B007_R,R,gaba,0.8759526014328003,2170,5379,Traced,10620.0,-1,middle_feedback,,,,,ascending_neuron
41690,LC6,LC6_L,L,acetylcholine,0.8490097522735596,270,954,Traced,18842.0,1,sense_looming,69.16549469958899,-19.87600351312993,11.782814325618384,3.4508690925437504,visual_projection
513904,SAD049,SAD049_L,L,acetylcholine,0.9640439748764038,817,3581,Traced,33474.0,1,middle_gf,,,,,cb_intrinsic
154152,JO-FV,JO-FV_L,L,acetylcholine,0.9556801915168762,102,102,Traced,,1,sense_hearing,,,,,cb_sensory
556767,WED106,WED106_R,R,gaba,0.8484665155410767,729,1931,Traced,15513.0,-1,middle_feedback,,,,,cb_intrinsic
48790,LC10a,LC10a_L,L,acetylcholine,0.961180567741394,215,919,Traced,10573.0,1,sense_pursuit,89.55851094334696,39.79944073851138,8.581460108566274,3.4548934632902544,visual_projection
50564,LC10a,LC10a_R,R,acetylcholine,0.8733869791030884,134,498,Traced,10573.0,1,sense_pursuit,22.074381846575243,-30.168294133196383,8.910116832947434,22.48044791551314,visual_projection
36286,LC10a,LC10a_L,L,acetylcholine,0.9332445859909058,281,942,Traced,10573.0,1,sense_pursuit,105.50002085562794,3.846770239717543,8.029451277461323,3.819376563544557,visual_projection
516363,AOTU017,AOTU017_L,L,acetylcholine,0.9484462141990662,554,2274,Traced,18720.0,1,middle_feedback,,,,,cb_intrinsic
23878,LPLC2,LPLC2_R,R,acetylcholine,0.954009771347046,375,2696,Traced,11498.0,1,sense_looming,67.62619087448134,25.31186703165636,7.684006539494415,4.86801209874278,visual_projection
30938,LPLC2,LPLC2_R,R,acetylcholine,0.9396783709526062,249,1786,Traced,11498.0,1,sense_looming,88.25144085915633,5.215909092834352,8.727812718186497,6.166816922129626,visual_projection
66510,LC6,LC6_L,L,acetylcholine,0.907059371471405,172,544,Traced,18842.0,1,sense_looming,116.6022336957636,37.90970177662082,11.616148546947878,4.321651202959434,visual_projection
20282,LC4,LC4_R,R,acetylcholine,0.9564473032951356,371,2895,Traced,12032.0,1,sense_looming,128.447600401972,-35.44337430735797,11.991190821588608,6.628222307721846,visual_projection
32153,LC10a,LC10a_L,L,acetylcholine,0.954213798046112,284,888,Traced,10573.0,1,sense_pursuit,115.40105069563396,-38.13701312247522,5.912006545235546,3.112231456660753,visual_projection
20755,LAL300m,LAL300m_R,R,acetylcholine,0.952178716659546,516,1806,Traced,17685.0,1,middle_steer,,,,,cb_intrinsic
18936,LPLC2,LPLC2_L,L,acetylcholine,0.953520655632019,412,2317,Traced,11498.0,1,sense_looming,-5.691374579285895,-1.0942066218239503,7.035266596926447,9.042511456254443,visual_projection
194348,JO-EV2,JO-EV2_L,L,acetylcholine,0.9114285111427308,138,177,Traced,,1,sense_hearing,,,,,cb_sensory
533996,JO-CM,JO-CM_L,L,acetylcholine,0.967149257659912,256,122,Traced,,1,sense_hearing,,,,,cb_sensory
17066,AVLP175,AVLP175_L,L,acetylcholine,0.8608983755111694,621,3369,Traced,17066.0,1,middle_feedback,,,,,cb_intrinsic
10364,PVLP061,PVLP061_L,L,acetylcholine,0.9674970507621764,3755,32798,Traced,10364.0,1,middle_feedback,,,,,cb_intrinsic
524756,AVLP488,AVLP488_L,L,acetylcholine,0.8954582810401917,1235,4162,Traced,13264.0,1,middle_feedback,,,,,cb_intrinsic
11472,PVLP015,PVLP015_L,L,glutamate,0.7196540236473083,1681,8185,Traced,11472.0,-1,middle_feedback,,,,,cb_intrinsic
16445,PVLP123,PVLP123_R,R,acetylcholine,0.9484722018241882,702,3942,Traced,16445.0,1,middle_gf,,,,,cb_intrinsic
536998,JO-B1_c,JO-B1_c_R,R,acetylcholine,0.8938102722167969,60,105,Traced,,1,sense_hearing,,,,,cb_sensory
53419,LC6,LC6_R,R,acetylcholine,0.9197620153427124,159,410,Traced,18842.0,1,sense_looming,51.345841281951934,45.14812297750703,10.455408333051444,3.938768130846656,visual_projection
11727,AVLP258,AVLP258_R,R,acetylcholine,0.970243275165558,2159,8037,Traced,,1,middle_feedback,,,,,cb_intrinsic
104113,JO-ED2_b,JO-ED2_b_L,L,acetylcholine,0.9274672865867616,287,172,Traced,,1,sense_hearing,,,,,cb_sensory
520189,JO-A3,JO-A3_L,L,acetylcholine,0.9618016481399536,524,199,Traced,,1,sense_hearing,,,,,cb_sensory
15861,PVLP026,PVLP026_R,R,gaba,0.8126040101051331,369,4300,Traced,,-1,middle_feedback,,,,,cb_intrinsic
859985596,JO-EV3,JO-EV3_L,L,acetylcholine,0.6700752377510071,223,97,Traced,,1,sense_hearing,,,,,cb_sensory
10243,VES104,VES104_L,L,gaba,0.8818669319152832,1835,5961,Traced,10243.0,-1,middle_feedback,,,,,cb_intrinsic
23399,CL268,CL268_R,R,acetylcholine,0.9494864344596864,423,1950,Traced,23399.0,1,middle_feedback,,,,,cb_intrinsic
25027,LPLC2,LPLC2_L,L,acetylcholine,0.960248589515686,268,1477,Traced,11498.0,1,sense_looming,101.78981573121597,9.489903628231929,7.422783863475318,5.822018332143323,visual_projection
14368,AOTU059,AOTU059_L,L,gaba,0.77423095703125,443,921,Traced,14368.0,-1,middle_feedback,,,,,cb_intrinsic
73005,JO-EV3,JO-EV3_L,L,acetylcholine,0.9288244247436525,317,202,Traced,,1,sense_hearing,,,,,cb_sensory
28823,LC10a,LC10a_R,R,acetylcholine,0.963832139968872,267,752,Traced,10573.0,1,sense_pursuit,118.70905921825528,-50.90150242819012,9.824612809037763,3.579303122394188,visual_projection
34643,LC10a,LC10a_L,L,acetylcholine,0.9520507454872132,257,766,Traced,10573.0,1,sense_pursuit,134.0308261748903,-37.76658521909101,6.432722645326207,2.998351297359037,visual_projection
40220,LC10a,LC10a_L,L,acetylcholine,0.949026346206665,302,915,Traced,10573.0,1,sense_pursuit,30.06398508913761,41.52574594395527,6.82790537050742,4.641014541617753,visual_projection
240644,JO-FV,JO-FV_L,L,acetylcholine,0.9529868364334106,89,71,Traced,,1,sense_hearing,,,,,cb_sensory
17556,,,L,acetylcholine,0.9444119930267334,576,2186,Traced,,1,middle_feedback,,,,,cb_intrinsic
35930,CB0533,CB0533_L,L,acetylcholine,0.9605410695075988,1505,3371,Traced,10688.0,1,middle_feedback,,,,,cb_intrinsic
109189,JO-CM,JO-CM_L,L,acetylcholine,0.9487937092781068,262,135,Traced,,1,sense_hearing,,,,,cb_sensory
17774,LPLC2,LPLC2_L,L,acetylcholine,0.9456907510757446,334,1775,Traced,11498.0,1,sense_looming,20.283340538538106,-24.79649990753586,10.12472999827314,7.23838955802031,visual_projection
19634,LC4,LC4_R,R,acetylcholine,0.966954469680786,374,2663,Traced,12032.0,1,sense_looming,28.49213932630696,23.644830568059945,11.136158215297698,7.076897019599733,visual_projection
283806,JO-B4_b,JO-B4_b_L,L,acetylcholine,0.9339760541915894,119,110,Traced,,1,sense_hearing,,,,,cb_sensory
26560,LC10a,LC10a_R,R,acetylcholine,0.9418076872825624,295,959,Traced,10573.0,1,sense_pursuit,105.39942256610864,-10.78416424526619,8.22183186195504,4.85186086369269,visual_projection
49773,LC10a,LC10a_R,R,acetylcholine,0.9621987342834472,155,477,Traced,10573.0,1,sense_pursuit,73.12896367246228,-53.25969249131165,7.072759269560207,3.762445272557092,visual_projection
10872,CB0677,CB0677_L,L,gaba,0.8682395815849304,1249,7156,Traced,10215.0,-1,middle_feedback,,,,,cb_intrinsic
31563,LPLC2,LPLC2_L,L,acetylcholine,0.9570000171661376,383,1792,Traced,11498.0,1,sense_looming,69.27946043105133,40.72750652983103,7.023703796532932,3.762342010909521,visual_projection
23590,LPLC2,LPLC2_R,R,acetylcholine,0.9437587261199952,376,2337,Traced,11498.0,1,sense_looming,51.97519753351989,48.862025316207095,9.239754034451868,4.352225519620225,visual_projection
512617,CB2153,CB2153_L,L,acetylcholine,0.9474127888679504,746,1544,Traced,,1,middle_feedback,,,,,cb_intrinsic
26915,LPLC2,LPLC2_R,R,acetylcholine,0.9506586194038392,282,1916,Traced,11498.0,1,sense_looming,81.54235991757444,8.251528025322784,8.325035540143396,5.080977461949618,visual_projection
25108,JO-A2,JO-A2_L,L,acetylcholine,0.9228160977363586,355,326,Traced,,1,sense_hearing,,,,,cb_sensory
529072,JO-EV3,JO-EV3_L,L,acetylcholine,0.9373425841331482,285,163,Traced,,1,sense_hearing,,,,,cb_sensory
150421,JO-B1_b,JO-B1_b_L,L,acetylcholine,0.8854655027389526,87,164,Traced,,1,sense_hearing,,,,,cb_sensory
134521,LPLC2,LPLC2_L,L,acetylcholine,0.970892608165741,252,1747,Traced,11498.0,1,sense_looming,68.97479795936732,-9.84602034994208,8.961280103769097,6.702302732674925,visual_projection
10010,DNp01,DNp01(GF)_L,L,acetylcholine,0.5571407079696655,976,24896,Traced,10001.0,1,out_escape,,,,,descending_neuron
112292,LPLC2,LPLC2_L,L,acetylcholine,0.9455155730247498,299,1755,Traced,11498.0,1,sense_looming,28.246971944494177,-3.37781390524426,6.517156810340429,6.550139861642031,visual_projection
12621,DNg56,DNg56_L,L,gaba,0.8798987865447998,1608,4166,Traced,10033.0,-1,middle_feedback,,,,,descending_neuron
10795,SAD051_a,SAD051_a_L,L,acetylcholine,0.9479699730873108,1014,1429,Traced,10795.0,1,middle_feedback,,,,,cb_intrinsic
14861,WED060,WED060_R,R,acetylcholine,0.9694724082946776,738,2795,Traced,14861.0,1,middle_feedback,,,,,cb_intrinsic
29359,LC10a,LC10a_R,R,acetylcholine,0.960232675075531,268,1129,Traced,10573.0,1,sense_pursuit,12.178563492926472,-19.21907020927524,5.467609908864458,3.3511945534020624,visual_projection
51462,LC10a,LC10a_L,L,acetylcholine,0.9449282884597778,163,631,Traced,10573.0,1,sense_pursuit,-6.3506573332967164,-16.127558957511674,3.728863455702804,4.754695342124813,visual_projection
523317,AOTU041,AOTU041_R,R,gaba,0.8597585558891296,2199,20848,Traced,10031.0,-1,middle_feedback,,,,,cb_intrinsic
18512,CB1948,CB1948_R,R,gaba,0.8560367226600647,360,2028,Traced,18167.0,-1,middle_feedback,,,,,cb_intrinsic
512975,JO-A3,JO-A3_L,L,acetylcholine,0.9518139362335204,550,198,Traced,,1,sense_hearing,,,,,cb_sensory
12444,AVLP592,AVLP592_R,R,acetylcholine,0.965308427810669,1854,8855,Traced,12020.0,1,middle_feedback,,,,,cb_intrinsic
36832,LC6,LC6_R,R,acetylcholine,0.9091665744781494,237,1025,Traced,18842.0,1,sense_looming,81.92194822637501,-0.823882382406353,8.21029900458054,4.704184549066123,visual_projection
433834,JO-EV2,JO-EV2_L,L,acetylcholine,0.8171383738517761,191,143,Traced,,1,sense_hearing,,,,,cb_sensory
10788,SAD112_c,SAD112_c_R,R,gaba,0.8843744993209839,1571,5465,Traced,10788.0,-1,middle_feedback,,,,,cb_intrinsic
12824,LC4,LC4_L,L,acetylcholine,0.957409143447876,392,2573,Traced,12032.0,1,sense_looming,33.04728077367306,-13.73045223905192,11.987558591631249,7.229284273135292,visual_projection
21703,LPLC2,LPLC2_R,R,acetylcholine,0.9315572381019592,337,2382,Traced,11498.0,1,sense_looming,32.313946248947296,-7.927736114965931,8.156783779330992,6.8718678930333805,visual_projection
512324,SAD052,SAD052_L,L,acetylcholine,0.9541805386543274,944,1703,Traced,13156.0,1,middle_feedback,,,,,cb_intrinsic
12614,SAD092,SAD092_M,M,gaba,0.6759788990020752,657,3448,Traced,,-1,middle_feedback,,,,,cb_intrinsic
46033,LC6,LC6_R,R,acetylcholine,0.9477649927139282,180,739,Traced,18842.0,1,sense_looming,56.55117112195741,37.7853412282073,10.479568914217008,3.2809043023223667,visual_projection
235133,JO-CM,JO-CM_R,R,acetylcholine,0.8726358413696289,76,41,Traced,,1,sense_hearing,,,,,cb_sensory
534437,JO-B1_b,JO-B1_b_L,L,acetylcholine,0.9747326970100404,84,170,Traced,,1,sense_hearing,,,,,cb_sensory
514083,JO-ED2_b,JO-ED2_b_R,R,acetylcholine,0.8925589919090271,283,155,Traced,,1,sense_hearing,,,,,cb_sensory
531014,LPLC2,LPLC2_L,L,acetylcholine,0.952932834625244,356,1657,Traced,11498.0,1,sense_looming,59.35989614820801,50.145260877676606,12.031208570206449,4.232557707086981,visual_projection
25253,LPLC2,LPLC2_R,R,acetylcholine,0.9549329280853271,343,2323,Traced,11498.0,1,sense_looming,78.41002240346181,17.110985351977632,7.775761146272719,5.455471298811508,visual_projection
10406,AOTU012,AOTU012_R,R,acetylcholine,0.9502139687538148,1623,12712,Traced,10406.0,1,middle_steer,,,,,cb_intrinsic
14465,LPLC2,LPLC2_R,R,acetylcholine,0.9539464712142944,327,2158,Traced,11498.0,1,sense_looming,12.480880818154397,-11.521475748834677,8.332641242742449,6.79252971795571,visual_projection
11795,LAL083,LAL083_L,L,glutamate,0.7349511384963989,1154,8343,Traced,10868.0,-1,middle_feedback,,,,,cb_intrinsic
14200,PS018_a,PS018_a_R,R,acetylcholine,0.9531569480895996,1169,5101,Traced,14200.0,1,middle_feedback,,,,,cb_intrinsic
533129,LC4,LC4_L,L,acetylcholine,0.9650506973266602,400,2687,Traced,12032.0,1,sense_looming,4.7076984237862405,7.32512125364164,7.410986779630357,7.800754837231921,visual_projection
123650,JO-B3,JO-B3_L,L,acetylcholine,0.920823574066162,162,223,Traced,,1,sense_hearing,,,,,cb_sensory
12213,SAD052,SAD052_L,L,acetylcholine,0.9534770846366882,1004,1702,Traced,11754.0,1,middle_feedback,,,,,cb_intrinsic
63399,LC6,LC6_R,R,acetylcholine,0.8790565729141235,142,389,Traced,18842.0,1,sense_looming,88.70155072772609,47.2470004056143,10.451431836257884,2.833425395358672,visual_projection
20334,LPLC2,LPLC2_R,R,acetylcholine,0.9550554752349854,345,2565,Traced,11498.0,1,sense_looming,51.13972421071094,-15.734975926757391,11.169910673576773,7.067977550423973,visual_projection
556817,SAD023,SAD023_L,L,gaba,0.8664814233779907,260,857,Traced,29859.0,-1,middle_gf,,,,,cb_intrinsic
17270,LC4,LC4_L,L,acetylcholine,0.9660372138023376,335,2228,Traced,12032.0,1,sense_looming,56.58939330005767,-13.52264561011765,11.952849677096973,7.357030172992865,visual_projection
86507,LC10a,LC10a_R,R,acetylcholine,0.7920413613319397,85,380,Traced,10573.0,1,sense_pursuit,-9.68431861535952,19.563378742913542,7.1578221334599705,6.780597549527529,visual_projection
26142,LC10a,LC10a_L,L,acetylcholine,0.9498460292816162,312,966,Traced,10573.0,1,sense_pursuit,81.8188496915773,-15.220146911664392,7.3161470783672655,5.335250106587213,visual_projection
46221,CB1638,CB1638_R,R,acetylcholine,0.9623093605041504,234,813,Traced,,1,middle_feedback,,,,,cb_intrinsic
806736,IN00A041,IN00A041_M,M,gaba,0.8479875922203064,419,1794,Traced,806192.0,-1,middle_feedback,,,,,vnc_intrinsic
24035,LC10a,LC10a_R,R,acetylcholine,0.9315741658210754,337,1322,Traced,10573.0,1,sense_pursuit,70.22748160423271,-28.56298141808771,6.612753141965386,3.64703739874272,visual_projection
519461,LAL018,LAL018_L,L,acetylcholine,0.9654609560966492,1257,8728,Traced,519461.0,1,middle_feedback,,,,,cb_intrinsic
10030,pIP1,pIP1_L,L,acetylcholine,0.9402498602867126,5744,23050,Traced,10030.0,1,middle_feedback,,,,,descending_neuron
33177,LC10a,LC10a_R,R,acetylcholine,0.9496086835861206,232,741,Traced,10573.0,1,sense_pursuit,131.36304071058046,-9.55914543374027,8.655812383881178,4.332270681478462,visual_projection
98583,JO-EV3,JO-EV3_L,L,acetylcholine,0.8850942254066467,346,154,Traced,,1,sense_hearing,,,,,cb_sensory
26380,LC10a,LC10a_L,L,acetylcholine,0.9718665480613708,339,1194,Traced,10573.0,1,sense_pursuit,69.08080817601503,-25.199783186968567,7.198524908835313,2.7901844410741723,visual_projection
29119,LC6,LC6_R,R,acetylcholine,0.9270452260971068,285,1160,Traced,18842.0,1,sense_looming,29.963873501822995,-1.5477590490620583,9.179003209996418,3.5159160587925986,visual_projection
570458,AVLP176_d,AVLP176_d_L,L,acetylcholine,0.9340108633041382,500,3209,Traced,22620.0,1,middle_feedback,,,,,cb_intrinsic
520764,LPLC2,LPLC2_L,L,acetylcholine,0.9524585604667664,305,1594,Traced,11498.0,1,sense_looming,81.3169720178271,23.725847447374804,6.392420066553834,4.54048731265531,visual_projection
18116,AVLP158,AVLP158_L,L,acetylcholine,0.8939748406410217,900,2669,Traced,18116.0,1,middle_feedback,,,,,cb_intrinsic
18020,LT52,LT52_L,L,glutamate,0.797579824924469,947,5645,Traced,11913.0,-1,middle_feedback,,,,,visual_projection
849226085,JO-EV1,JO-EV1_R,R,acetylcholine,0.8465884327888489,106,43,Traced,,1,sense_hearing,,,,,cb_sensory
113085,PVLP008_c,PVLP008_c_R,R,glutamate,0.8295850157737732,311,1575,Traced,31011.0,-1,middle_feedback,,,,,cb_intrinsic
45579,LC10a,LC10a_L,L,acetylcholine,0.9372233748435974,207,650,Traced,10573.0,1,sense_pursuit,15.412060855589676,40.00887775796497,7.344800322436562,4.9473768427995966,visual_projection
20859,LC4,LC4_L,L,acetylcholine,0.968472182750702,465,3166,Traced,12032.0,1,sense_looming,1.5703646464250305,-8.462665842444814,9.36775034720042,9.015843832850075,visual_projection
111903,LPLC2,LPLC2_L,L,acetylcholine,0.9552276134490968,348,2055,Traced,11498.0,1,sense_looming,127.76820387204076,-42.0853915950035,8.320870444535599,4.125979579970753,visual_projection
535512,JO-FV,JO-FV_R,R,acetylcholine,0.9121984243392944,93,83,Traced,,1,sense_hearing,,,,,cb_sensory
98638,JO-EV1,JO-EV1_L,L,acetylcholine,0.957285225391388,278,171,Traced,,1,sense_hearing,,,,,cb_sensory
581331,,,L,acetylcholine,0.9657886028289796,433,1677,Traced,16109.0,1,middle_feedback,,,,,cb_intrinsic
525266,AOTU009,AOTU009_L,L,glutamate,0.6852368116378784,767,5536,Traced,14411.0,-1,middle_feedback,,,,,cb_intrinsic
51720,LC10a,LC10a_L,L,acetylcholine,0.9136533141136168,143,549,Traced,10573.0,1,sense_pursuit,124.74680410618345,4.365250992845418,6.934650880926613,3.583100369389565,visual_projection
10146,AMMC-A1,AMMC-A1_R,R,acetylcholine,0.5266557335853577,236,8355,Traced,10017.0,1,middle_feedback,,,,,cb_intrinsic
22328,LC4,LC4_R,R,acetylcholine,0.9516348242759703,336,2597,Traced,12032.0,1,sense_looming,80.21462466623375,8.935485567415952,11.587385954905711,5.853965913104343,visual_projection
14373,AOTU015,AOTU015_L,L,acetylcholine,0.938697338104248,458,2844,Traced,12627.0,1,middle_feedback,,,,,cb_intrinsic
30194,SAD013,SAD013_L,L,gaba,0.8604434132575989,1971,9615,Traced,,-1,middle_gf,,,,,cb_intrinsic
129687,LPLC2,LPLC2_L,L,acetylcholine,0.9649971127510072,299,1691,Traced,11498.0,1,sense_looming,84.96130278857358,-15.944421594014422,10.174120017418534,6.029114574272431,visual_projection
49381,LC6,LC6_R,R,acetylcholine,0.945561707019806,166,673,Traced,18842.0,1,sense_looming,96.91138278491825,-42.10110495811601,9.525344211775742,3.5300063037221805,visual_projection
25167,LC10a,LC10a_R,R,acetylcholine,0.9397782683372498,333,1118,Traced,10573.0,1,sense_pursuit,8.225250744162295,-10.57748765181389,6.5724717954423015,4.389111028489353,visual_projection
13264,AVLP488,AVLP488_R,R,acetylcholine,0.921832263469696,1191,5010,Traced,13264.0,1,middle_feedback,,,,,cb_intrinsic
37188,LoVP76,LoVP76_L,L,glutamate,0.8229024410247803,425,1316,Traced,21780.0,-1,middle_feedback,,,,,visual_projection
18842,LC6,LC6_L,L,acetylcholine,0.9226693511009216,261,735,Traced,18842.0,1,sense_looming,72.17245694008281,-11.39849077922844,13.603390063602037,3.399505435205583,visual_projection
34450,LC6,LC6_R,R,acetylcholine,0.9185365438461304,242,1326,Traced,18842.0,1,sense_looming,65.7904158934488,5.673649656903706,11.433963919291624,3.9624993796972814,visual_projection
25394,LC10a,LC10a_R,R,acetylcholine,0.9471078515052797,316,1354,Traced,10573.0,1,sense_pursuit,3.1341282194314104,0.6098855767214175,6.075124331033484,4.087078795498584,visual_projection
10325,AVLP572,AVLP572_R,R,acetylcholine,0.9328879714012146,1505,10811,Traced,10325.0,1,middle_feedback,,,,,cb_intrinsic
20922,LAL027,LAL027_R,R,acetylcholine,0.932289719581604,480,4312,Traced,20922.0,1,middle_feedback,,,,,cb_intrinsic
11509,AVLP339,AVLP339_L,L,acetylcholine,0.9585406184196472,1376,3670,Traced,11509.0,1,middle_feedback,,,,,cb_intrinsic
31308,LC4,LC4_L,L,acetylcholine,0.9642624258995056,278,1779,Traced,12032.0,1,sense_looming,43.38858569228769,20.40118033139146,10.262610170992245,5.141311604949782,visual_projection
524753,PVLP124,PVLP124_L,L,acetylcholine,0.9338662624359132,404,1915,Traced,24411.0,1,middle_feedback,,,,,cb_intrinsic
29014,LPLC2,LPLC2_R,R,acetylcholine,0.955114245414734,297,2587,Traced,11498.0,1,sense_looming,22.951604524961425,18.361163992026093,5.683619588314672,5.273867729105367,visual_projection
11572,SAD091,SAD091_M,M,gaba,0.7800966501235962,1350,3561,Traced,,-1,middle_gf,,,,,cb_intrinsic
44481,LC10d,LC10d_L,L,acetylcholine,0.9335092902183532,212,833,Traced,13593.0,1,middle_feedback,,,,,visual_projection
15804,LPLC2,LPLC2_L,L,acetylcholine,0.9670126438140868,377,2120,Traced,11498.0,1,sense_looming,53.33071235215314,-7.127522842683746,7.727062589565202,5.2883068324071125,visual_projection
25003,LC10a,LC10a_L,L,acetylcholine,0.9462600350379944,341,1379,Traced,10573.0,1,sense_pursuit,48.416749299214494,36.69513189784689,8.488082838598315,4.500426530873133,visual_projection
22677,LPLC2,LPLC2_R,R,acetylcholine,0.9689663648605348,337,2361,Traced,11498.0,1,sense_looming,89.21422215746,-41.660670497853424,11.8230717106332,4.628600168806425,visual_projection
19572,CB2316,CB2316_R,R,acetylcholine,0.9476717114448548,430,2366,Traced,19572.0,1,middle_feedback,,,,,cb_intrinsic
23852,LC10a,LC10a_L,L,acetylcholine,0.9580786228179932,350,1149,Traced,10573.0,1,sense_pursuit,17.318361627065045,4.25258640290923,5.896183805544309,4.116289261621037,visual_projection
42624,LC6,LC6_R,R,acetylcholine,0.9093592762947084,193,567,Traced,18842.0,1,sense_looming,139.09634022811457,-4.839811164478647,10.453949651446734,3.5123558986627708,visual_projection
40815,LC10a,LC10a_L,L,acetylcholine,0.9404358863830566,198,557,Traced,10573.0,1,sense_pursuit,42.32379983997662,49.57322289021421,10.4513880030677,3.503778009698422,visual_projection
28003,LPLC2,LPLC2_R,R,acetylcholine,0.939671277999878,277,2035,Traced,11498.0,1,sense_looming,60.072114737037225,-8.158430309107622,9.962179752055953,6.107192266037026,visual_projection
34838,LC10a,LC10a_R,R,acetylcholine,0.9595920443534852,192,607,Traced,10573.0,1,sense_pursuit,63.861336452741895,-48.12970983150472,5.064925368109325,3.628278425497958,visual_projection
25711,LC10a,LC10a_R,R,acetylcholine,0.9573763012886048,279,862,Traced,10573.0,1,sense_pursuit,84.73982443048452,-48.3964298278511,5.184504387062289,3.573052686634663,visual_projection
16870,CB3019,CB3019_R,R,acetylcholine,0.9224737882614136,557,4521,Traced,12156.0,1,middle_feedback,,,,,cb_intrinsic
39281,LC6,LC6_R,R,acetylcholine,0.8869844675064087,210,739,Traced,18842.0,1,sense_looming,147.02685975019278,-13.23795751367028,9.449663250832128,3.7333013661170615,visual_projection
531898,DNp04,DNp04_L,L,acetylcholine,0.9614192843437196,2624,12604,Traced,11137.0,1,out_escape,,,,,descending_neuron
24208,LC10a,LC10a_R,R,acetylcholine,0.9477080702781676,323,1142,Traced,10573.0,1,sense_pursuit,114.768116065217,-19.31035047882208,8.046047799010791,3.8182668248727767,visual_projection
20584,LPLC2,LPLC2_R,R,acetylcholine,0.9498451948165894,312,2299,Traced,11498.0,1,sense_looming,49.53925163299084,-29.90937711741326,11.662605997277254,5.330283556157078,visual_projection
21342,CL323,CL323_L,L,acetylcholine,0.9676405191421508,548,2730,Traced,,1,middle_gf,,,,,cb_intrinsic
529578,LC10a,LC10a_L,L,acetylcholine,0.9655374884605408,317,1148,Traced,10573.0,1,sense_pursuit,53.94019669498512,-27.944421562773726,7.663774749670171,3.168764284335746,visual_projection
30803,LC4,LC4_R,R,acetylcholine,0.920113205909729,391,2793,Traced,12032.0,1,sense_looming,112.1189213391721,32.54809600843372,13.779371323362753,11.275182197993582,visual_projection
183483,LC10a,LC10a_L,L,acetylcholine,0.9133869409561156,79,358,Traced,10573.0,1,sense_pursuit,-4.164379093650107,21.41314655244399,7.522568871386997,18.020996229623208,visual_projection
530085,PVLP022,PVLP022_R,R,gaba,0.8733550906181335,947,4784,Traced,11895.0,-1,middle_feedback,,,,,cb_intrinsic
19951,CB3400,CB3400_R,R,acetylcholine,0.970974326133728,516,2798,Traced,,1,middle_feedback,,,,,cb_intrinsic
89301,LC10a,LC10a_L,L,acetylcholine,0.929926335811615,130,464,Traced,10573.0,1,sense_pursuit,135.5107975803642,25.25113020866773,7.18743429425732,9.275302096892649,visual_projection
11750,LAL083,LAL083_L,L,glutamate,0.6959381103515625,1244,8423,Traced,10868.0,-1,middle_feedback,,,,,cb_intrinsic
562806,JO-EV3,JO-EV3_R,R,acetylcholine,0.8444904088973999,134,83,Traced,,1,sense_hearing,,,,,cb_sensory
100487,JO-ED2_a,JO-ED2_a_L,L,acetylcholine,0.9187652468681335,173,186,Traced,,1,sense_hearing,,,,,cb_sensory
519975,LC6,LC6_L,L,acetylcholine,0.9459742307662964,270,916,Traced,18842.0,1,sense_looming,40.27928728975368,-0.1283040721671255,11.979984721612452,3.764755644859976,visual_projection
10573,LC10a,LC10a_L,L,acetylcholine,0.9514238238334656,375,1295,Traced,10573.0,1,sense_pursuit,16.823820329333522,-4.2892199779002524,6.654694721586127,3.92963726025483,visual_projection
31634,LC10a,LC10a_R,R,acetylcholine,0.93650084733963,254,1144,Traced,10573.0,1,sense_pursuit,81.03791842176196,27.313649989945617,7.566559170080915,4.133538120762349,visual_projection
145000,JO-CL,JO-CL_L,L,acetylcholine,0.8552982211112976,138,162,Traced,,1,sense_hearing,,,,,cb_sensory
11508,AN02A001,AN02A001_L,L,glutamate,0.792290985584259,8758,7576,Traced,10550.0,-1,middle_feedback,,,,,ascending_neuron
20280,AOTU006,AOTU006_R,R,acetylcholine,0.9571436643600464,497,5080,Traced,20280.0,1,middle_steer,,,,,cb_intrinsic
21744,LC10a,LC10a_L,L,acetylcholine,0.9685053825378418,312,1078,Traced,10573.0,1,sense_pursuit,5.473601954700364,22.51623735129792,6.184591610538284,3.785889513654076,visual_projection
37903,LC6,LC6_L,L,acetylcholine,0.9168102145195008,201,511,Traced,18842.0,1,sense_looming,123.5013341749991,3.3243194816073043,12.38990273285316,3.906831238390478,visual_projection
27829,LC4,LC4_L,L,acetylcholine,0.9594264030456544,317,2208,Traced,12032.0,1,sense_looming,82.35108237749634,-21.06674454768163,11.604693236674343,6.323924208003446,visual_projection
10936,LT61b,LT61b_L,L,acetylcholine,0.9544681906700134,2151,13212,Traced,10936.0,1,middle_feedback,,,,,visual_projection
37316,LC10a,LC10a_L,L,acetylcholine,0.9469918608665466,245,810,Traced,10573.0,1,sense_pursuit,117.91177386574196,-12.044659337012448,8.353353111980072,3.07224574225736,visual_projection
45897,LC6,LC6_R,R,acetylcholine,0.9167320132255554,184,609,Traced,18842.0,1,sense_looming,108.36124150058586,-0.065700277679177,13.017808136670231,3.437749311759436,visual_projection
22261,LPLC2,LPLC2_R,R,acetylcholine,0.8979331851005554,354,2754,Traced,11498.0,1,sense_looming,69.00748352672274,-2.9540826702117613,10.31887359730746,6.212684581019251,visual_projection
23719,LC10a,LC10a_R,R,acetylcholine,0.9450445175170898,327,1233,Traced,10573.0,1,sense_pursuit,34.83729950946656,-17.863672921031835,6.168386518451003,3.167941592105028,visual_projection
199352,DNge130,DNge130_L,L,acetylcholine,0.940920114517212,1148,1020,Traced,199352.0,1,middle_gf,,,,,descending_neuron
31033,LC10a,LC10a_L,L,acetylcholine,0.954171895980835,236,582,Traced,10573.0,1,sense_pursuit,133.07618107800675,-45.45284181422218,5.941921934299081,3.004577432130832,visual_projection
80160,LC6,LC6_L,L,acetylcholine,0.9249908924102784,195,597,Traced,18842.0,1,sense_looming,133.13492343595394,11.997745246792306,10.555970270113582,3.9520903236184433,visual_projection
16138,LC4,LC4_R,R,acetylcholine,0.9637571573257446,353,2336,Traced,12032.0,1,sense_looming,61.72806195973841,4.798013213286438,12.723778782897895,6.353375269471697,visual_projection
930621,JO-EV5,JO-EV5_L,L,acetylcholine,0.8971332907676697,175,181,Traced,,1,sense_hearing,,,,,cb_sensory
518681,LC10a,LC10a_L,L,acetylcholine,0.9453760981559752,397,1105,Traced,10573.0,1,sense_pursuit,70.37910287998854,-31.488097886001817,7.683591116694066,3.617233443448224,visual_projection
20016,LC4,LC4_R,R,acetylcholine,0.969304621219635,358,2846,Traced,12032.0,1,sense_looming,40.94364843073308,33.561037707550426,12.168781025231628,6.470940293316567,visual_projection
516361,AOTU025,AOTU025_L,L,acetylcholine,0.9098777770996094,973,10397,Traced,516361.0,1,middle_steer,,,,,cb_intrinsic
10148,AOTU041,AOTU041_L,L,gaba,0.842947244644165,2336,19960,Traced,10031.0,-1,middle_feedback,,,,,cb_intrinsic
34372,LPLC2,LPLC2_R,R,acetylcholine,0.9545148015022278,240,1466,Traced,11498.0,1,sense_looming,143.68905119234745,3.6903772471977874,9.908892383439644,7.303077499640223,visual_projection
99700,,28648_L,L,acetylcholine,0.9680106043815612,577,862,Traced,28648.0,1,middle_feedback,,,,,cb_intrinsic
12150,CB1542,CB1542_R,R,acetylcholine,0.9588894844055176,1103,1231,Traced,,1,middle_feedback,,,,,cb_intrinsic
800999,IN07B104,IN07B104_R,R,glutamate,0.7487488389015198,1447,2665,Traced,800999.0,-1,middle_feedback,,,,,vnc_intrinsic
15966,WED106,WED106_R,R,gaba,0.8506135940551758,782,2087,Traced,15966.0,-1,middle_feedback,,,,,cb_intrinsic
22510,LC10a,LC10a_R,R,acetylcholine,0.9443813562393188,352,1451,Traced,10573.0,1,sense_pursuit,78.4594334279081,-10.448185789683556,7.663331526187456,3.614745322915859,visual_projection
41097,LPLC2,LPLC2_L,L,acetylcholine,0.9435632228851318,280,1601,Traced,11498.0,1,sense_looming,98.84417460238792,30.84029913746825,7.700920146124288,3.606280127012528,visual_projection
533895,LPLC2,LPLC2_L,L,acetylcholine,0.9031805992126464,380,2061,Traced,11498.0,1,sense_looming,50.27593840568808,35.6230776199986,8.810255342072129,3.858894625433951,visual_projection
147029,JO-EV2,JO-EV2_L,L,acetylcholine,0.8981610536575317,152,195,Traced,,1,sense_hearing,,,,,cb_sensory
24854,LC10a,LC10a_R,R,acetylcholine,0.956476092338562,319,1184,Traced,10573.0,1,sense_pursuit,98.73281247143112,-16.128151178825327,7.388926119880902,4.331604915107744,visual_projection
391272,JO-CA2,JO-CA2_L,L,acetylcholine,0.9637130498886108,88,205,Traced,,1,sense_hearing,,,,,cb_sensory
57850,LC6,LC6_R,R,acetylcholine,0.9113110899925232,153,438,Traced,18842.0,1,sense_looming,74.19039117590931,46.16244607683342,11.041382834546122,3.114223760163401,visual_projection
15018,LC4,LC4_L,L,acetylcholine,0.9668874144554138,371,2481,Traced,12032.0,1,sense_looming,122.80412553082115,28.663854704946857,10.703734619101256,9.382195996281505,visual_projection
534097,JO-ED2_a,JO-ED2_a_L,L,acetylcholine,0.8390974402427673,279,158,Traced,,1,sense_hearing,,,,,cb_sensory
11950,CB0591,CB0591_L,L,acetylcholine,0.9582532048225404,1707,5026,Traced,11950.0,1,middle_feedback,,,,,cb_intrinsic
18817,LAL301m,LAL301m_R,R,acetylcholine,0.9612352252006532,503,1501,Traced,18817.0,1,middle_feedback,,,,,cb_intrinsic
526065,JO-mz,JO-mz_L,L,acetylcholine,0.9665092825889589,354,205,Traced,,1,sense_hearing,,,,,cb_sensory
106702,JO-B1_a,JO-B1_a_L,L,acetylcholine,0.9140740633010864,160,233,Traced,,1,sense_hearing,,,,,cb_sensory
54421,LC10a,LC10a_R,R,acetylcholine,0.9498718976974488,156,595,Traced,10573.0,1,sense_pursuit,99.09467028694512,46.905459912877845,7.056907133886121,2.940634333988867,visual_projection
12768,SAD110,SAD110_L,L,gaba,0.8729217648506165,1032,3833,Traced,11242.0,-1,middle_feedback,,,,,cb_intrinsic
516980,CB0414,CB0414_L,L,gaba,0.8269847631454468,230,2317,Traced,,-1,middle_feedback,,,,,cb_intrinsic
14036,AVLP488,AVLP488_R,R,acetylcholine,0.9023125767707824,1165,4412,Traced,13264.0,1,middle_feedback,,,,,cb_intrinsic
517079,LPLC2,LPLC2_L,L,acetylcholine,0.9537772536277772,324,1758,Traced,11498.0,1,sense_looming,79.76053339544461,33.946293765209404,9.2381211466539,4.744732198681532,visual_projection
95994,JO-EV3,JO-EV3_R,R,acetylcholine,0.8231050968170166,339,185,Traced,,1,sense_hearing,,,,,cb_sensory
79515,JO-mz,JO-mz_L,L,acetylcholine,0.9543665051460266,428,162,Traced,,1,sense_hearing,,,,,cb_sensory
30207,LPLC2,LPLC2_R,R,acetylcholine,0.9571747779846193,276,1469,Traced,11498.0,1,sense_looming,139.60962091447067,-24.944353792381385,8.857958753537737,4.426186335943817,visual_projection
34666,LC6,LC6_R,R,acetylcholine,0.9645050764083862,190,773,Traced,18842.0,1,sense_looming,53.82028213444663,-37.56783789413976,9.411969187172769,3.93639600051114,visual_projection
516362,AOTU015,AOTU015_L,L,acetylcholine,0.963490664958954,517,2148,Traced,12627.0,1,middle_feedback,,,,,cb_intrinsic
25806,LC10d,LC10d_R,R,acetylcholine,0.9478011727333068,288,1249,Traced,13593.0,1,middle_feedback,,,,,visual_projection
18090,CB4180,CB4180_R,R,gaba,0.822354257106781,232,2419,Traced,,-1,middle_feedback,,,,,cb_intrinsic
11646,SAD112_c,SAD112_c_L,L,gaba,0.8756301403045654,1683,6360,Traced,10788.0,-1,middle_feedback,,,,,cb_intrinsic
44666,LC10a,LC10a_R,R,acetylcholine,0.9340827465057372,191,687,Traced,10573.0,1,sense_pursuit,26.472415278686192,43.42779274903394,8.143017515520112,5.615185969770034,visual_projection
276829,JO-EV1,JO-EV1_L,L,acetylcholine,0.9132437109947203,205,117,Traced,,1,sense_hearing,,,,,cb_sensory
518730,LC4,LC4_L,L,acetylcholine,0.9597557187080384,324,2015,Traced,12032.0,1,sense_looming,104.43847788359066,-31.22643502036342,12.035552996560137,6.303299597932201,visual_projection
25286,LPLC2,LPLC2_L,L,acetylcholine,0.9718148708343506,333,1723,Traced,11498.0,1,sense_looming,150.6378385188638,-37.82069652785594,9.161792342713364,5.415107191695254,visual_projection
13764,LPLC2,LPLC2_L,L,acetylcholine,0.9597159028053284,323,2077,Traced,11498.0,1,sense_looming,87.87106412574954,-26.989785880072,10.56874699011452,5.841753212367624,visual_projection
141560,JO-B3,JO-B3_L,L,acetylcholine,0.9581394791603088,117,115,Traced,,1,sense_hearing,,,,,cb_sensory
520659,JO-CM,JO-CM_L,L,acetylcholine,0.9204479455947876,268,110,Traced,,1,sense_hearing,,,,,cb_sensory
11370,AOTU063_b,AOTU063_b_L,L,glutamate,0.6936590671539307,1202,9058,Traced,11370.0,-1,middle_feedback,,,,,cb_intrinsic
68763,LC6,LC6_L,L,acetylcholine,0.9327635765075684,185,544,Traced,18842.0,1,sense_looming,51.83248252279351,-42.23139904224938,10.16820787261024,3.1330627199838754,visual_projection
133366,LC6,LC6_L,L,acetylcholine,0.9100148677825928,225,666,Traced,18842.0,1,sense_looming,146.99951606675964,-4.417428253312565,10.692769221588163,5.201925502602145,visual_projection
18940,AN05B006,AN05B006_L,L,gaba,0.8812003135681152,3500,10730,Traced,18940.0,-1,middle_feedback,,,,,ascending_neuron
15831,AVLP605,AVLP605_M,M,gaba,0.8077964186668396,567,3559,Traced,,-1,middle_feedback,,,,,cb_intrinsic
35616,LC4,LC4_L,L,acetylcholine,0.9714165329933168,293,1792,Traced,12032.0,1,sense_looming,44.205393068038575,1.4862685270412328,11.602400535097912,6.977242961977552,visual_projection
835154280,JO-DA,JO-DA_L,L,acetylcholine,0.7877073287963867,83,41,Traced,,1,sense_hearing,,,,,cb_sensory
60028,LC10a,LC10a_L,L,acetylcholine,0.938751757144928,162,520,Traced,10573.0,1,sense_pursuit,7.016334495590154,-26.449064138795613,5.810951482668335,5.341810685409638,visual_projection
36152,LC10a,LC10a_L,L,acetylcholine,0.9096973538398744,164,571,Traced,10573.0,1,sense_pursuit,107.38350461392776,46.23286484121674,10.061613007944109,3.927443242143956,visual_projection
512631,JO-EV3,JO-EV3_R,R,acetylcholine,0.8288723826408386,279,183,Traced,,1,sense_hearing,,,,,cb_sensory
23930,LC10a,LC10a_L,L,acetylcholine,0.9608004689216614,348,858,Traced,10573.0,1,sense_pursuit,76.65435561988589,-42.9183617421992,6.66108686789665,2.942293009268771,visual_projection
480555286,JO-EV1,JO-EV1_R,R,acetylcholine,0.6223399043083191,146,85,Traced,,1,sense_hearing,,,,,cb_sensory
19229,LPLC2,LPLC2_R,R,acetylcholine,0.9502190947532654,396,2836,Traced,11498.0,1,sense_looming,22.61426320685017,-1.2957115314578758,7.477713476365186,6.9671376027773135,visual_projection
519650,LC4,LC4_L,L,acetylcholine,0.9747326970100404,298,2169,Traced,12032.0,1,sense_looming,38.81363713327019,12.329101166578596,10.594400564368463,6.936449437691588,visual_projection
13069,WED187,WED187_R,M,gaba,0.8569584488868713,1002,3030,Traced,12852.0,-1,middle_feedback,,,,,cb_intrinsic
74384,JO-EV1,JO-EV1_L,L,acetylcholine,0.9415320754051208,263,272,Traced,,1,sense_hearing,,,,,cb_sensory
77273,JO-EV3,JO-EV3_L,L,acetylcholine,0.935868203639984,324,228,Traced,,1,sense_hearing,,,,,cb_sensory
521675,AN05B006,AN05B006_R,R,gaba,0.8474829792976379,3243,10431,Traced,18940.0,-1,middle_feedback,,,,,ascending_neuron
18825,LAL029_c,LAL029_c_R,R,acetylcholine,0.9701909422874452,427,2304,Traced,18825.0,1,middle_feedback,,,,,cb_intrinsic
22557,LPLC2,LPLC2_L,L,acetylcholine,0.9423776268959044,390,1858,Traced,11498.0,1,sense_looming,31.168080429906844,37.00125786559072,7.597027636679997,4.093287799209602,visual_projection
47933,LC6,LC6_R,R,acetylcholine,0.9493181109428406,191,666,Traced,18842.0,1,sense_looming,124.31544956744398,-27.319354950291192,12.437147015943214,3.946173119321441,visual_projection
77370,JO-EV2,JO-EV2_L,L,acetylcholine,0.9563541412353516,264,317,Traced,,1,sense_hearing,,,,,cb_sensory
111277,JO-B3,JO-B3_L,L,acetylcholine,0.9549294114112854,147,211,Traced,,1,sense_hearing,,,,,cb_sensory
38020,LC10a,LC10a_L,L,acetylcholine,0.9496080875396729,232,720,Traced,10573.0,1,sense_pursuit,70.31720187252148,47.85513891753838,7.815413770276508,3.704750346182526,visual_projection
11219,LT82a,LT82a_L,L,acetylcholine,0.962121605873108,1771,5726,Traced,11219.0,1,middle_feedback,,,,,visual_projection
11233,DNa11,DNa11(VES008)_R,R,acetylcholine,0.9639486074447632,2611,12903,Traced,10971.0,1,middle_feedback,,,,,descending_neuron
126498,JO-A1,JO-A1_R,R,acetylcholine,0.8706633448600769,28,9,Traced,,1,sense_hearing,,,,,cb_sensory
512530,AN17B002,AN17B002_R,R,gaba,0.8497626781463623,2993,2810,Traced,46376.0,-1,middle_feedback,,,,,ascending_neuron
10203,PS100,PS100_L,L,gaba,0.8628146648406982,2087,14255,Traced,,-1,middle_feedback,,,,,cb_intrinsic
11361,CL367,CL367(hb1506382974)_R,R,gaba,0.8274521827697754,2396,4719,Traced,11361.0,-1,middle_feedback,,,,,cb_intrinsic
20652,GNG124,GNG124_L,L,gaba,0.8720604777336121,1612,4012,Traced,11164.0,-1,middle_feedback,,,,,cb_intrinsic
21318,LPLC2,LPLC2_R,R,acetylcholine,0.9505723118782043,281,2096,Traced,11498.0,1,sense_looming,66.81249863195413,-36.65620489783223,11.260368282049088,5.100737228341104,visual_projection
16128,LC4,LC4_R,R,acetylcholine,0.9510266184806824,532,4122,Traced,12032.0,1,sense_looming,13.85321576492382,-21.90889551696094,13.141424848818827,11.099532296434573,visual_projection
17880,LPLC2,LPLC2_L,L,acetylcholine,0.9645065665245056,285,1516,Traced,11498.0,1,sense_looming,59.72161718836922,-24.25909323737134,7.105942574835147,5.458737228858481,visual_projection
31250,LC10a,LC10a_R,R,acetylcholine,0.9295728802680968,215,861,Traced,10573.0,1,sense_pursuit,118.69591633313,-10.108705848574488,9.231123412258173,4.094219117186098,visual_projection
37009,LC6,LC6_L,L,acetylcholine,0.9392265677452089,246,936,Traced,18842.0,1,sense_looming,51.32357608172846,-15.346027798978064,12.776949411229795,3.3522665166091232,visual_projection
16603,CB4176,CB4176_L,L,gaba,0.880426824092865,787,1694,Traced,,-1,middle_feedback,,,,,cb_intrinsic
12857,AVLP721m,AVLP721m_R,R,acetylcholine,0.9655543565750122,1479,4612,Traced,12857.0,1,middle_feedback,,,,,cb_intrinsic
10091,DNpe042,DNpe042(CL262)_L,L,acetylcholine,0.9563035368919371,2476,15908,Traced,10091.0,1,middle_gf,,,,,descending_neuron
514646,LC10a,LC10a_L,L,acetylcholine,0.9686341881752014,318,1263,Traced,10573.0,1,sense_pursuit,24.58306010329175,-13.40284791318878,5.191466705237223,4.064979212710359,visual_projection
10432,LoVCLo3,LoVCLo3_L,L,octopamine,0.8684641122817993,8837,14043,Traced,10100.0,0,middle_feedback,,,,,visual_centrifugal
10136,PS304,PS304_L,L,gaba,0.8388333320617676,2063,7990,Traced,10136.0,-1,middle_feedback,,,,,cb_intrinsic
21862,LPLC2,LPLC2_R,R,acetylcholine,0.9458691477775574,370,2799,Traced,11498.0,1,sense_looming,61.28909127112783,35.66107589130972,8.202727431098454,4.549254403712276,visual_projection
146314,JO-FV,JO-FV_L,L,acetylcholine,0.9614158272743224,218,121,Traced,,1,sense_hearing,,,,,cb_sensory
536218,JO-EV1,JO-EV1_R,R,acetylcholine,0.7273678779602051,208,137,Traced,,1,sense_hearing,,,,,cb_sensory
89545,LAL301m,LAL301m_L,L,acetylcholine,0.9531410336494446,495,1647,Traced,18817.0,1,middle_steer,,,,,cb_intrinsic
511752,CB0307,CB0307_L,L,gaba,0.8047811388969421,803,4439,Traced,511752.0,-1,middle_gf,,,,,cb_intrinsic
248488,JO-B2,JO-B2_R,R,acetylcholine,0.9516069293022156,42,96,Traced,,1,sense_hearing,,,,,cb_sensory
19532,WED206,WED206_L,L,gaba,0.836347222328186,524,849,Traced,17449.0,-1,middle_feedback,,,,,cb_intrinsic
75373,JO-CL,JO-CL_L,L,acetylcholine,0.9100791811943054,135,170,Traced,,1,sense_hearing,,,,,cb_sensory
18900,LPLC2,LPLC2_L,L,acetylcholine,0.9504534006118774,360,2024,Traced,11498.0,1,sense_looming,22.754933032024383,-9.926817676996627,8.97436499135372,5.652933304056339,visual_projection
21287,LC4,LC4_R,R,acetylcholine,0.96953684091568,374,2428,Traced,12032.0,1,sense_looming,58.87192064001074,43.4488533999166,11.39260616981212,5.637350298371851,visual_projection
31988,LPLC2,LPLC2_R,R,acetylcholine,0.9489390254020692,263,1814,Traced,11498.0,1,sense_looming,94.13528675762794,23.13476124813738,8.444186900389784,6.05654317248173,visual_projection
930160,JO-CL,JO-CL_L,L,acetylcholine,0.8237871527671814,90,53,Traced,,1,sense_hearing,,,,,cb_sensory
523644,SAD072,SAD072_L,L,gaba,0.8695123791694641,1474,2335,Traced,11988.0,-1,middle_feedback,,,,,cb_intrinsic
17908,WED125,WED125_R,R,acetylcholine,0.9653077125549316,515,2079,Traced,17908.0,1,middle_feedback,,,,,cb_intrinsic
20885,AVLP093,AVLP093_L,L,gaba,0.7613936066627502,596,1230,Traced,20885.0,-1,middle_feedback,,,,,cb_intrinsic
14980,LC10a,LC10a_L,L,acetylcholine,0.9575728178024292,226,469,Traced,10573.0,1,sense_pursuit,98.71645751357,-53.19995701852436,9.86111960078875,3.439484463242112,visual_projection
18078,LC10a,LC10a_L,L,acetylcholine,0.97154700756073,305,897,Traced,10573.0,1,sense_pursuit,35.83732088488689,-34.967126252452,5.162228581179674,3.0359534630092004,visual_projection
98485,JO-ED2_b,JO-ED2_b_L,L,acetylcholine,0.935306429862976,295,149,Traced,,1,sense_hearing,,,,,cb_sensory
14112,AVLP370_a,AVLP370_a_R,R,acetylcholine,0.9439811706542968,1293,4296,Traced,13036.0,1,middle_feedback,,,,,cb_intrinsic
519307,JO-EV2,JO-EV2_R,R,acetylcholine,0.7514527440071106,252,167,Traced,,1,sense_hearing,,,,,cb_sensory
16475,PVLP024,PVLP024_L,L,gaba,0.8617317080497742,582,4172,Traced,16459.0,-1,middle_feedback,,,,,cb_intrinsic
56087,JO-B1_c,JO-B1_c_L,L,acetylcholine,0.933820366859436,166,244,Traced,,1,sense_hearing,,,,,cb_sensory
515380,JO-mz,JO-mz_L,L,acetylcholine,0.951753795146942,211,157,Traced,,1,sense_hearing,,,,,cb_sensory
76185,LC10a,LC10a_L,L,acetylcholine,0.9667026996612548,121,262,Traced,10573.0,1,sense_pursuit,53.46951194237923,-51.03353790400827,6.973478608971667,2.974268513797289,visual_projection
176004,JO-EV3,JO-EV3_L,L,acetylcholine,0.8300299644470215,389,210,Traced,,1,sense_hearing,,,,,cb_sensory
16657,CB4176,CB4176_R,R,gaba,0.8757352828979492,728,1219,Traced,,-1,middle_feedback,,,,,cb_intrinsic
16628,LC4,LC4_R,R,acetylcholine,0.9614201784133912,510,3846,Traced,12032.0,1,sense_looming,-1.2213433089013943,0.0742295699520028,8.293075898833703,11.275718318545222,visual_projection
13794,PVLP021,PVLP021_R,R,gaba,0.8631519079208374,1014,3683,Traced,13794.0,-1,middle_feedback,,,,,cb_intrinsic
83741,JO-CL,JO-CL_L,L,acetylcholine,0.9432299733161926,123,134,Traced,,1,sense_hearing,,,,,cb_sensory
31976,LC10a,LC10a_R,R,acetylcholine,0.9523281455039978,303,928,Traced,10573.0,1,sense_pursuit,39.91816795868598,41.10153989174205,7.608911308418692,4.168005583367377,visual_projection
11137,DNp04,DNp04_R,R,acetylcholine,0.966145396232605,2486,9326,Traced,11137.0,1,out_escape,,,,,descending_neuron
519539,CB0956,CB0956_L,L,acetylcholine,0.957183003425598,553,1438,Traced,17357.0,1,middle_feedback,,,,,cb_intrinsic
11610,DNae007,DNae007(VES009)_R,R,acetylcholine,0.9438264966011048,2073,10366,Traced,11610.0,1,middle_feedback,,,,,descending_neuron
513114,AN01A055,AN01A055_R,R,acetylcholine,0.961407482624054,2404,5446,Traced,12143.0,1,middle_feedback,,,,,ascending_neuron
14511,CB3588,CB3588_L,L,acetylcholine,0.9491288661956788,720,2011,Traced,14087.0,1,middle_feedback,,,,,cb_intrinsic
65100,JO-CL,JO-CL_L,L,acetylcholine,0.9673718810081482,132,139,Traced,,1,sense_hearing,,,,,cb_sensory
12349,LC4,LC4_L,L,acetylcholine,0.9604427218437196,475,2802,Traced,12032.0,1,sense_looming,130.49820828537258,-48.88746430911746,12.825238189330676,5.743531552211165,visual_projection
36795,LC6,LC6_R,R,acetylcholine,0.9181222915649414,240,772,Traced,18842.0,1,sense_looming,85.24512325570183,9.593665600730134,11.194575893188558,4.504411170088068,visual_projection
10493,CB4176,CB4176_R,R,gaba,0.8710652589797974,759,1312,Traced,,-1,middle_feedback,,,,,cb_intrinsic
19608,LPLC2,LPLC2_R,R,acetylcholine,0.9610247611999512,425,2951,Traced,11498.0,1,sense_looming,16.43379036512673,27.90392330230881,7.202506327462921,4.844291330150687,visual_projection
23463,LC10a,LC10a_R,R,acetylcholine,0.9369962215423584,386,1778,Traced,10573.0,1,sense_pursuit,29.251114643764616,10.917271451662115,8.413717096670078,4.34171238195272,visual_projection
218513,JO-FV,JO-FV_R,R,acetylcholine,0.952780306339264,177,116,Traced,,1,sense_hearing,,,,,cb_sensory
32507,LPLC2,LPLC2_R,R,acetylcholine,0.944808840751648,227,1462,Traced,11498.0,1,sense_looming,107.42895563333032,-10.81030281982688,10.705044905178584,5.432895770706513,visual_projection
21225,LC4,LC4_R,R,acetylcholine,0.9592534899711608,376,2843,Traced,12032.0,1,sense_looming,46.63250232264109,-20.57261080810441,10.931207867791963,7.171698607325712,visual_projection
32767,LC10a,LC10a_L,L,acetylcholine,0.9301609992980956,196,735,Traced,10573.0,1,sense_pursuit,-9.35558136867941,-4.888688426715838,6.527885775547073,7.727973988301282,visual_projection
21199,LC10a,LC10a_R,R,acetylcholine,0.9503713846206664,398,1649,Traced,10573.0,1,sense_pursuit,27.020937815264222,-9.820978341286484,8.54590539050342,4.279653283883439,visual_projection
31105,LPLC2,LPLC2_L,L,acetylcholine,0.970525324344635,230,1162,Traced,11498.0,1,sense_looming,130.29611990974783,21.932425526229352,8.865596149390322,5.586195624872614,visual_projection
12530,CB1542,CB1542_L,L,acetylcholine,0.9644222855567932,1035,1807,Traced,,1,middle_feedback,,,,,cb_intrinsic
24264,LoVP76,LoVP76_L,L,glutamate,0.8324710726737976,439,1355,Traced,21780.0,-1,middle_feedback,,,,,visual_projection
15718,WED072,WED072_L,L,acetylcholine,0.9640293121337892,726,3032,Traced,15225.0,1,middle_feedback,,,,,cb_intrinsic
21151,LC4,LC4_R,R,acetylcholine,0.966166079044342,340,2509,Traced,12032.0,1,sense_looming,21.31543923249947,35.6572062057561,9.945251640589303,6.145509856964861,visual_projection
125938,CL268,CL268_L,L,acetylcholine,0.9543776512145996,429,1955,Traced,23399.0,1,middle_feedback,,,,,cb_intrinsic
21562,LPLC2,LPLC2_R,R,acetylcholine,0.95698481798172,383,2557,Traced,11498.0,1,sense_looming,53.894383083903904,24.59378076556392,7.413967363515516,4.248396889445071,visual_projection
17375,SAD064,SAD064_L,L,acetylcholine,0.9314365386962892,493,1812,Traced,17375.0,1,middle_gf,,,,,cb_intrinsic
529073,JO-EV3,JO-EV3_L,L,acetylcholine,0.8719193339347839,311,192,Traced,,1,sense_hearing,,,,,cb_sensory
521115,LPLC2,LPLC2_L,L,acetylcholine,0.9514549970626832,292,1413,Traced,11498.0,1,sense_looming,68.04256939651825,20.26124284223264,6.394862356375609,4.854039294385362,visual_projection
10709,WED193,WED193_R,R,acetylcholine,0.9617080092430116,1936,5884,Traced,10709.0,1,middle_feedback,,,,,cb_intrinsic
521298,DNge130,DNge130_R,R,acetylcholine,0.9562117457389832,1047,1038,Traced,199352.0,1,middle_feedback,,,,,descending_neuron
28862,LC6,LC6_R,R,acetylcholine,0.934834599494934,292,875,Traced,18842.0,1,sense_looming,35.74094819554211,-15.11141647029242,10.10019325434827,4.64653995764131,visual_projection
21721,LC4,LC4_L,L,acetylcholine,0.963501274585724,345,2344,Traced,12032.0,1,sense_looming,48.063652687287295,45.95381229587667,11.01381107936313,4.9134815132983976,visual_projection
36184,LC6,LC6_L,L,acetylcholine,0.9341139793395996,239,980,Traced,18842.0,1,sense_looming,46.28331665146301,17.700174776724694,9.090397766445346,3.9901896887160895,visual_projection
126095791,JO-FV,JO-FV_R,R,acetylcholine,0.9483498930931092,147,129,Traced,,1,sense_hearing,,,,,cb_sensory
514252,AVLP488,AVLP488_L,L,acetylcholine,0.9100018739700316,1093,3606,Traced,13264.0,1,middle_feedback,,,,,cb_intrinsic
12232,GNG515,GNG515_R,R,gaba,0.8500955104827881,947,3175,Traced,12232.0,-1,middle_feedback,,,,,cb_intrinsic
332877,JO-CL,JO-CL_R,R,acetylcholine,0.7959305047988892,76,59,Traced,,1,sense_hearing,,,,,cb_sensory
36925,CB0591,CB0591_L,L,acetylcholine,0.7225744128227234,1589,1752,Traced,14926.0,1,middle_feedback,,,,,cb_intrinsic
14606,AVLP607,AVLP607_M,M,gaba,0.796363890171051,571,3226,Traced,,-1,middle_feedback,,,,,cb_intrinsic
517426,PVLP026,PVLP026_L,L,gaba,0.815913200378418,431,4502,Traced,,-1,middle_gf,,,,,cb_intrinsic
48608,LC6,LC6_L,L,acetylcholine,0.9164850115776062,250,907,Traced,18842.0,1,sense_looming,20.55733254246615,33.724555308796496,9.614774790009484,5.141469020893463,visual_projection
69404,LC6,LC6_R,R,acetylcholine,0.949205219745636,152,555,Traced,18842.0,1,sense_looming,82.36536143760263,-44.1498101762907,9.759884034272323,4.099206272645574,visual_projection
19249,LPLC2,LPLC2_R,R,acetylcholine,0.9565573930740356,320,2515,Traced,11498.0,1,sense_looming,80.27322480042282,-48.85607355983574,15.603438257713348,3.727477168821242,visual_projection
532839,CL140,CL140_L,L,gaba,0.8677979111671448,1254,6031,Traced,12419.0,-1,middle_feedback,,,,,cb_intrinsic
44299,LC10a,LC10a_R,R,acetylcholine,0.9083872437477112,161,551,Traced,10573.0,1,sense_pursuit,35.28253477175538,-42.04115920401042,5.456970363166117,2.554017158956786,visual_projection
727132040,JO-B4_b,JO-B4_b_L,L,acetylcholine,0.9348424077033995,73,63,Traced,,1,sense_hearing,,,,,cb_sensory
17357,CB0956,CB0956_L,L,acetylcholine,0.9568427205085754,542,1472,Traced,17357.0,1,middle_feedback,,,,,cb_intrinsic
55627,LPLC2,LPLC2_R,R,acetylcholine,0.9309102296829224,221,1264,Traced,11498.0,1,sense_looming,129.31777456615404,14.40595748901049,9.315803874497382,5.939293911782523,visual_projection
11108,CL286,CL286_R,R,acetylcholine,0.9648603796958924,2358,6634,Traced,,1,middle_feedback,,,,,cb_intrinsic
27211,LC6,LC6_R,R,acetylcholine,0.950478971004486,320,1209,Traced,18842.0,1,sense_looming,55.58455561282133,-16.494918289096454,10.670526483160668,4.102207495955839,visual_projection
15340,LC10a,LC10a_L,L,acetylcholine,0.9410342574119568,288,578,Traced,10573.0,1,sense_pursuit,111.44477987607604,-52.26832080206452,8.76647871292714,2.897533812758513,visual_projection
17987,LC4,LC4_R,R,acetylcholine,0.9564677476882936,425,3264,Traced,12032.0,1,sense_looming,98.002820540207,-53.5824612291833,18.877763824361622,3.6787320241753374,visual_projection
519413,PLP029,PLP029_L,L,glutamate,0.7338977456092834,977,6986,Traced,12110.0,-1,middle_feedback,,,,,cb_intrinsic
327202,JO-EV2,JO-EV2_R,R,acetylcholine,0.905366063117981,28,11,Traced,,1,sense_hearing,,,,,cb_sensory
47357,LC6,LC6_L,L,acetylcholine,0.9460391402244568,203,509,Traced,18842.0,1,sense_looming,117.7529023113263,-25.015561732840204,13.820363308209147,2.553917949963493,visual_projection
517936,CB1702,CB1702_L,L,acetylcholine,0.946993887424469,525,1654,Traced,15942.0,1,middle_feedback,,,,,cb_intrinsic
19856,,,L,acetylcholine,0.9747326970100404,322,1667,Traced,16109.0,1,middle_feedback,,,,,cb_intrinsic
37503,LC6,LC6_R,R,acetylcholine,0.932951271533966,209,703,Traced,18842.0,1,sense_looming,113.50866002081162,-20.876411394767267,11.977383202646594,4.598816646361639,visual_projection
19692,WED117,WED117_L,L,acetylcholine,0.9625276923179626,476,1422,Traced,13261.0,1,middle_feedback,,,,,cb_intrinsic
11440,PLP060,PLP060_R,R,gaba,0.8780276775360107,2687,7664,Traced,11440.0,-1,middle_feedback,,,,,cb_intrinsic
75415,LC6,LC6_L,L,acetylcholine,0.8963997960090637,186,685,Traced,18842.0,1,sense_looming,58.84688307756254,-41.36087426618978,11.734806915490774,3.038560642729354,visual_projection
534464626,JO-FV,JO-FV_R,R,acetylcholine,0.8865152597427368,121,90,Traced,,1,sense_hearing,,,,,cb_sensory
144957,LC10a,LC10a_L,L,acetylcholine,0.9253135919570924,157,284,Traced,10573.0,1,sense_pursuit,71.08515956199778,-54.55004487350314,7.07714543343497,1.6836843889090192,visual_projection
18026,AOTU016_a,AOTU016_a_R,R,acetylcholine,0.9140287041664124,496,3510,Traced,18026.0,1,middle_steer,,,,,cb_intrinsic
30134,LC6,LC6_R,R,acetylcholine,0.923833429813385,267,1573,Traced,18842.0,1,sense_looming,46.91768373523505,4.895517051833295,10.995558984872291,4.206432404699027,visual_projection
12424,LC10a,LC10a_L,L,acetylcholine,0.9612126350402832,359,1232,Traced,10573.0,1,sense_pursuit,65.75541623901496,5.435823449360072,7.666472413327075,3.6261334714899416,visual_projection
13534,LC33,LC33_L,L,glutamate,0.8137995600700378,979,3015,Traced,12712.0,-1,middle_feedback,,,,,visual_projection
25575,LPLC2,LPLC2_L,L,acetylcholine,0.9478828310966492,253,1476,Traced,11498.0,1,sense_looming,43.08235037699326,-9.030902081536112,8.291784767054258,6.4727454175283645,visual_projection
520903,AOTU002_b,AOTU002_b_L,L,acetylcholine,0.960028111934662,462,2073,Traced,27730.0,1,middle_feedback,,,,,cb_intrinsic
30710,LC6,LC6_R,R,acetylcholine,0.9414226412773132,233,747,Traced,18842.0,1,sense_looming,89.6698951852361,-16.557266214770813,11.891225687914591,5.291278322231317,visual_projection
23729,LC10d,LC10d_R,R,acetylcholine,0.9512198567390442,330,1698,Traced,13593.0,1,middle_feedback,,,,,visual_projection
20112,LC10a,LC10a_L,L,acetylcholine,0.954069197177887,329,1032,Traced,10573.0,1,sense_pursuit,82.27067428235702,4.194802192172801,8.975981998681473,4.329560154140631,visual_projection
43668,LC6,LC6_R,R,acetylcholine,0.9132088422775269,189,575,Traced,18842.0,1,sense_looming,107.08830048118082,-34.26306296757299,12.453156096566346,3.176339048341537,visual_projection
10074,PVLP010,PVLP010_L,L,glutamate,0.6151948571205139,3386,19542,Traced,10074.0,-1,middle_gf,,,,,cb_intrinsic
556073,JO-FV,JO-FV_R,R,acetylcholine,0.8777533769607544,210,262,Traced,,1,sense_hearing,,,,,cb_sensory
520300,DNg75,DNg75(hb1874217622)_R,R,acetylcholine,0.9580347537994384,3255,18305,Traced,10192.0,1,middle_feedback,,,,,descending_neuron
11371,PS013,PS013_R,R,acetylcholine,0.958523154258728,1496,7985,Traced,11306.0,1,middle_feedback,,,,,cb_intrinsic
51397,LC10a,LC10a_R,R,acetylcholine,0.940035343170166,140,472,Traced,10573.0,1,sense_pursuit,138.52298623476338,-6.211206620141141,10.577114915649672,4.095306115260846,visual_projection
35598,LC6,LC6_R,R,acetylcholine,0.9330670833587646,233,1133,Traced,18842.0,1,sense_looming,65.2867710471392,17.73017160946557,9.520655474280565,4.172896982431085,visual_projection
100368,LC10a,LC10a_R,R,acetylcholine,0.8532874584197998,64,275,Traced,10573.0,1,sense_pursuit,-3.142119909137924,23.948311682539995,9.980834780908944,15.27909854957928,visual_projection
52174,LC6,LC6_L,L,acetylcholine,0.9611485600471495,214,622,Traced,18842.0,1,sense_looming,7.606436538553481,-9.299514018345585,9.184194854108418,3.919135644637564,visual_projection
22772,LC4,LC4_L,L,acetylcholine,0.9691006541252136,344,2284,Traced,12032.0,1,sense_looming,23.588012453950093,29.93395444017945,9.23780195885624,7.169827973093272,visual_projection
304167,JO-FV,JO-FV_R,R,acetylcholine,0.9610790014266968,142,117,Traced,,1,sense_hearing,,,,,cb_sensory
807265,IN00A062,IN00A062_M,M,gaba,0.806515634059906,407,1393,Traced,,-1,middle_feedback,,,,,vnc_intrinsic
69870,LC10a,LC10a_L,L,acetylcholine,0.92509126663208,137,538,Traced,10573.0,1,sense_pursuit,122.95449514278218,15.120175609504471,7.455447255775878,4.19589092036805,visual_projection
17767,AVLP132,AVLP132_R,R,acetylcholine,0.933513641357422,706,1618,Traced,17767.0,1,middle_feedback,,,,,cb_intrinsic
97354,JO-CA2,JO-CA2_L,L,acetylcholine,0.9609776735305786,141,261,Traced,,1,sense_hearing,,,,,cb_sensory
14049,PLP300m,PLP300m_R,R,acetylcholine,0.9550774693489076,593,2703,Traced,11810.0,1,middle_feedback,,,,,cb_intrinsic
14926,CB0591,CB0591_R,R,acetylcholine,0.8960204124450684,1537,2160,Traced,14926.0,1,middle_feedback,,,,,cb_intrinsic
31943,LC6,LC6_L,L,acetylcholine,0.9363616108894348,253,668,Traced,18842.0,1,sense_looming,95.44982055369177,-42.53849543067344,14.214474554915755,2.8793200397833165,visual_projection
524138,SAD111,SAD111_L,L,gaba,0.8685159087181091,1487,5064,Traced,10876.0,-1,middle_gf,,,,,cb_intrinsic
818095421,JO-DA,JO-DA_L,L,acetylcholine,0.892949640750885,83,117,Traced,,1,sense_hearing,,,,,cb_sensory
525191,LT52,LT52_L,L,glutamate,0.6602025032043457,1060,5055,Traced,11913.0,-1,middle_feedback,,,,,visual_projection
27273,AOTU059,AOTU059_R,R,gaba,0.7426244616508484,388,1483,Traced,14368.0,-1,middle_feedback,,,,,cb_intrinsic
33439,LPLC2,LPLC2_R,R,acetylcholine,0.9357864260673524,224,1910,Traced,11498.0,1,sense_looming,111.24153762672064,13.841117304534222,9.714272127046076,6.177355186470463,visual_projection
17815,CB4118,CB4118_R,R,gaba,0.8638566732406616,398,2570,Traced,17815.0,-1,middle_feedback,,,,,cb_intrinsic
21336,LC4,LC4_R,R,acetylcholine,0.9605973958969116,343,2463,Traced,12032.0,1,sense_looming,76.2805049157005,-10.711851331518533,13.149502034745469,6.09862158817566,visual_projection
12032,LC4,LC4_L,L,acetylcholine,0.9590470194816588,433,2788,Traced,12032.0,1,sense_looming,42.15294673262096,51.22020817324112,16.326855593199966,4.937221423589972,visual_projection
24401,LPLC2,LPLC2_R,R,acetylcholine,0.95870041847229,303,2162,Traced,11498.0,1,sense_looming,41.2618655255791,14.603672523412143,6.743809726384041,4.810893446544751,visual_projection
38810,LC10a,LC10a_R,R,acetylcholine,0.9327149391174316,208,739,Traced,10573.0,1,sense_pursuit,39.32670218665832,47.1755873825511,9.69867092263226,4.491351733979385,visual_projection
494022,JO-EV2,JO-EV2_R,R,acetylcholine,0.6549457311630249,170,98,Traced,,1,sense_hearing,,,,,cb_sensory
243520,JO-ED2_b,JO-ED2_b_L,L,acetylcholine,0.8765864968299866,168,116,Traced,,1,sense_hearing,,,,,cb_sensory
527684,LC10a,LC10a_L,L,acetylcholine,0.947453796863556,356,1240,Traced,10573.0,1,sense_pursuit,30.25002808851358,29.82321444167667,6.461055436713022,4.711290930687371,visual_projection
30436,LC6,LC6_L,L,acetylcholine,0.9304683804512024,263,733,Traced,18842.0,1,sense_looming,23.87108024205368,9.569391804633966,11.5432221878747,3.393911152503634,visual_projection
531583,WED104,WED104_R,R,gaba,0.770444929599762,2576,8322,Traced,520792.0,-1,middle_feedback,,,,,cb_intrinsic
932780,JO-B1_a,JO-B1_a_R,R,acetylcholine,0.6625885367393494,84,112,Traced,,1,sense_hearing,,,,,cb_sensory
10923,DNg40,DNg40(hb5813056435)_R,R,glutamate,0.6188473701477051,1463,10614,Traced,10361.0,-1,middle_feedback,,,,,descending_neuron
24410,CB1852,CB1852_L,L,acetylcholine,0.9708558320999146,1002,3257,Traced,,1,middle_feedback,,,,,cb_intrinsic
18189,LC4,LC4_R,R,acetylcholine,0.960823118686676,418,3074,Traced,12032.0,1,sense_looming,73.60269616359612,-33.54931238440952,14.46760807907691,5.518898615853897,visual_projection
18089,AMMC035,AMMC035_L,L,gaba,0.8046604990959167,277,691,Traced,16073.0,-1,middle_feedback,,,,,cb_intrinsic
912272687,JO-EV2,JO-EV2_L,L,acetylcholine,0.6859136819839478,121,72,Traced,,1,sense_hearing,,,,,cb_sensory
146290481,JO-CA1,JO-CA1_L,L,acetylcholine,0.8752390146255493,117,153,Traced,,1,sense_hearing,,,,,cb_sensory
522352,GNG636,GNG636_L,L,gaba,0.8364803791046143,1027,3476,Traced,10462.0,-1,middle_feedback,,,,,cb_intrinsic
37103,LC6,LC6_R,R,acetylcholine,0.9123544692993164,218,854,Traced,18842.0,1,sense_looming,26.31936369345319,36.96585449230695,10.099485738114463,4.277296361433627,visual_projection
52430,LC10a,LC10a_L,L,acetylcholine,0.9188119173049928,139,418,Traced,10573.0,1,sense_pursuit,158.42801544980028,-25.79188500290649,9.178154815681175,3.765856284650076,visual_projection
79237,JO-EV1,JO-EV1_L,L,acetylcholine,0.9629950523376464,248,227,Traced,,1,sense_hearing,,,,,cb_sensory
536318,LC10a,LC10a_L,L,acetylcholine,0.9490699768066406,189,680,Traced,10573.0,1,sense_pursuit,109.6248113233048,13.644584256764915,6.129118333280073,4.427895825729048,visual_projection
593749891,JO-EV3,JO-EV3_R,R,acetylcholine,0.5918402671813965,71,35,Traced,,1,sense_hearing,,,,,cb_sensory
562509,JO-ED2_b,JO-ED2_b_R,R,acetylcholine,0.8805897831916809,309,172,Traced,,1,sense_hearing,,,,,cb_sensory
20378,LC10a,LC10a_L,L,acetylcholine,0.9646592140197754,385,1196,Traced,10573.0,1,sense_pursuit,35.08655490310068,-11.659292786066205,8.313416172125972,3.255171181058208,visual_projection
11066,DNa13,DNa13(LAL041)_R,R,acetylcholine,0.9557150602340698,2194,12748,Traced,11066.0,1,middle_feedback,,,,,descending_neuron
49807,LC10a,LC10a_L,L,acetylcholine,0.9327696561813354,185,585,Traced,10573.0,1,sense_pursuit,87.40026011456479,48.72864037106322,8.108932344241104,3.005985609679108,visual_projection
11405,LAL016,LAL016_R,R,acetylcholine,0.9627487063407898,1458,4028,Traced,11405.0,1,middle_feedback,,,,,cb_intrinsic
168652,JO-B2,JO-B2_L,L,acetylcholine,0.9602300524711608,134,143,Traced,,1,sense_hearing,,,,,cb_sensory
808023,IN05B032,IN05B032_R,R,gaba,0.8438073992729187,211,1918,Traced,808023.0,-1,middle_feedback,,,,,vnc_intrinsic
12129,SAD053,SAD053_R,R,acetylcholine,0.9634307026863098,1116,3696,Traced,12129.0,1,middle_feedback,,,,,cb_intrinsic
24071,LC10a,LC10a_R,R,acetylcholine,0.9577280879020692,285,1047,Traced,10573.0,1,sense_pursuit,101.00620573226202,-45.90152044105851,6.281412773172163,3.6482820932309856,visual_projection
30707,LC10a,LC10a_L,L,acetylcholine,0.9495713710784912,347,1231,Traced,10573.0,1,sense_pursuit,13.484454071389472,15.904032098202492,5.091393302946433,4.314510091409142,visual_projection
10082,AVLP016,AVLP016_R,R,glutamate,0.5396932363510132,5241,48123,Traced,10082.0,-1,middle_feedback,,,,,cb_intrinsic
28871,LPLC2,LPLC2_R,R,acetylcholine,0.9715259671211244,303,2095,Traced,11498.0,1,sense_looming,100.24051936892756,30.412963819036705,8.148469561749232,5.3275575701445,visual_projection
11378,CB1280,CB1280_L,L,acetylcholine,0.9254516959190368,965,1892,Traced,,1,middle_gf,,,,,cb_intrinsic
29561,JO-A2,JO-A2_L,L,acetylcholine,0.9079467058181764,479,107,Traced,,1,sense_hearing,,,,,cb_sensory
11826,PVLP151,PVLP151_R,R,acetylcholine,0.9623985290527344,1338,8656,Traced,10173.0,1,middle_gf,,,,,cb_intrinsic
10017,AMMC-A1,AMMC-A1_L,L,acetylcholine,0.4749889969825744,336,9584,Traced,10017.0,1,middle_feedback,,,,,cb_intrinsic
39620,LPLC2,LPLC2_R,R,acetylcholine,0.9653679132461548,310,1876,Traced,11498.0,1,sense_looming,123.7062863554346,32.10663930958778,8.107700762755604,5.832278811264125,visual_projection
67975,LC6,LC6_L,L,acetylcholine,0.9020702838897704,227,644,Traced,18842.0,1,sense_looming,148.622516723619,-31.32863466657212,11.07640052757174,4.530562429840558,visual_projection
51872,LC6,LC6_R,R,acetylcholine,0.901090681552887,145,439,Traced,18842.0,1,sense_looming,105.7989797973386,39.49803727196873,12.719356998013396,2.8001513706298016,visual_projection
142818,JO-CM,JO-CM_L,L,acetylcholine,0.945342779159546,264,107,Traced,,1,sense_hearing,,,,,cb_sensory
69677,LC6,LC6_L,L,acetylcholine,0.9610663056373596,213,854,Traced,18842.0,1,sense_looming,15.647857731981077,3.5844453642274274,10.92022266528122,3.7837174232071056,visual_projection
21065,LC10a,LC10a_R,R,acetylcholine,0.9376116394996644,392,1857,Traced,10573.0,1,sense_pursuit,36.99097998874442,-4.587682878584495,8.992316029635804,3.433990092498844,visual_projection
801027,IN19A003,IN19A003_R,R,gaba,0.8572811484336853,1237,9817,Traced,801027.0,-1,middle_feedback,,,,,vnc_intrinsic
46718,LC6,LC6_R,R,acetylcholine,0.922816276550293,187,611,Traced,18842.0,1,sense_looming,68.57386013618456,28.53932813569709,11.071430875793522,4.029960575564492,visual_projection
33970,JO-EV1,JO-EV1_L,L,acetylcholine,0.953111171722412,269,224,Traced,,1,sense_hearing,,,,,cb_sensory
526066,JO-B2,JO-B2_L,L,acetylcholine,0.9582966566085817,118,132,Traced,,1,sense_hearing,,,,,cb_sensory
15198,AOTU103m,AOTU103m_L,L,glutamate,0.8266919851303101,850,2333,Traced,15198.0,-1,middle_feedback,,,,,cb_intrinsic
10101,PS100,PS100_R,R,gaba,0.8550328016281128,2278,16976,Traced,,-1,middle_feedback,,,,,cb_intrinsic
17284,,,R,acetylcholine,0.9603016972541808,471,2122,Traced,,1,middle_feedback,,,,,cb_intrinsic
233170,JO-B3,JO-B3_L,L,acetylcholine,0.9310020208358764,133,156,Traced,,1,sense_hearing,,,,,cb_sensory
21238,LC10a,LC10a_R,R,acetylcholine,0.9592181444168092,375,1886,Traced,10573.0,1,sense_pursuit,34.79233105759233,0.8934701856455263,8.29652887483845,3.6443434906490806,visual_projection
58449,LC10a,LC10a_L,L,acetylcholine,0.947157382965088,176,774,Traced,10573.0,1,sense_pursuit,97.6601743413166,27.73420443513417,7.113614465211992,3.4811461949703784,visual_projection
63625,LC6,LC6_L,L,acetylcholine,0.9266363382339478,242,790,Traced,18842.0,1,sense_looming,57.41261035827593,-5.613397846227521,12.60759213185027,3.936804586464768,visual_projection
29469,LC4,LC4_L,L,acetylcholine,0.9559198021888732,361,2284,Traced,12032.0,1,sense_looming,100.60757173079304,0.4162022622573715,12.083649624053852,6.193116703300114,visual_projection
523641,CB3024,CB3024_L,L,gaba,0.8553614020347595,335,1764,Traced,,-1,middle_feedback,,,,,cb_intrinsic
520188,AVLP610,AVLP610(hb1416796844)_L,L,dopamine,0.6029518842697144,3034,9594,Traced,11125.0,0,middle_feedback,,,,,cb_intrinsic
529031,GNG300,GNG300_L,L,gaba,0.8561895489692688,1621,8772,Traced,10263.0,-1,middle_gf,,,,,cb_intrinsic
68133,LC6,LC6_L,L,acetylcholine,0.9248479008674622,253,1065,Traced,18842.0,1,sense_looming,37.47012392678703,27.224518603352664,11.580151672483623,4.254362100331811,visual_projection
11832,CL367,CL367(hb1073428001)_L,L,gaba,0.8428096771240234,2449,5085,Traced,11361.0,-1,middle_feedback,,,,,cb_intrinsic
19794,LC4,LC4_R,R,acetylcholine,0.9543834924697876,381,2852,Traced,12032.0,1,sense_looming,118.03964145962073,-47.781606245170096,13.44038875430572,5.546993409416504,visual_projection
12278,PS010,PS010_R,R,acetylcholine,0.9383251070976256,1333,6026,Traced,12278.0,1,middle_feedback,,,,,cb_intrinsic
12384,LPLC2,LPLC2_L,L,acetylcholine,0.9638177156448364,356,2025,Traced,11498.0,1,sense_looming,83.13743065112632,-39.66485902370843,11.327302550649584,4.526700446224193,visual_projection
18138,AOTU015,AOTU015_R,R,acetylcholine,0.9610958695411682,570,2093,Traced,12627.0,1,middle_feedback,,,,,cb_intrinsic
13181,ANXXX027,ANXXX027_R,R,acetylcholine,0.954620897769928,1785,20500,Traced,13181.0,1,middle_feedback,,,,,ascending_neuron
57894,LC10a,LC10a_R,R,acetylcholine,0.9466689825057985,138,427,Traced,10573.0,1,sense_pursuit,46.36217799669148,-46.92585868622928,5.341069262567436,3.267833558535157,visual_projection
155319080,JO-CA1,JO-CA1_L,L,acetylcholine,0.910084307193756,45,43,Traced,,1,sense_hearing,,,,,cb_sensory
19753,AN23B003,AN23B003_L,L,acetylcholine,0.9656851291656494,2037,8655,Traced,19217.0,1,middle_feedback,,,,,ascending_neuron
25497,LPLC2,LPLC2_R,R,acetylcholine,0.9679530262947084,286,2175,Traced,11498.0,1,sense_looming,44.03800021455707,-6.737780253452584,9.51991567989404,6.628765113963943,visual_projection
49360,LC10a,LC10a_L,L,acetylcholine,0.9312098622322084,156,779,Traced,10573.0,1,sense_pursuit,-11.791427540732268,16.40381042327415,3.3943604004612262,4.763975532532922,visual_projection
17364,LC4,LC4_R,R,acetylcholine,0.9531211256980896,493,3727,Traced,12032.0,1,sense_looming,6.542934455484982,32.54375643474904,12.549476315910594,10.961201910237222,visual_projection
11091,AVLP542,AVLP542_L,L,gaba,0.8634577393531799,2310,13271,Traced,10925.0,-1,middle_feedback,,,,,cb_intrinsic
21165,LC4,LC4_R,R,acetylcholine,0.9718246459960938,334,2733,Traced,12032.0,1,sense_looming,52.863851658632896,33.678929597384126,12.469979204937806,6.599060567712066,visual_projection
525289,CB0956,CB0956_L,L,acetylcholine,0.9747326970100404,441,1534,Traced,17357.0,1,middle_feedback,,,,,cb_intrinsic
11476,SAD112_b,SAD112_b_L,L,gaba,0.8316945433616638,1756,6379,Traced,11476.0,-1,middle_feedback,,,,,cb_intrinsic
13974,LC10a,LC10a_L,L,acetylcholine,0.9497710466384888,272,741,Traced,10573.0,1,sense_pursuit,99.0612469888441,-38.860550242596645,6.391653315646916,3.37877632216925,visual_projection
527408,LC4,LC4_R,R,acetylcholine,0.9601790308952332,333,2258,Traced,12032.0,1,sense_looming,116.25662152495605,11.555226024079488,10.986233689211945,7.671906315004025,visual_projection
522405,PVLP106,PVLP106_R,R,unclear,0.4910044372081756,3118,25503,Traced,10641.0,0,middle_feedback,,,,,cb_intrinsic
14106,CB2664,CB2664_L,L,acetylcholine,0.913715124130249,731,1637,Traced,13600.0,1,middle_gf,,,,,cb_intrinsic
246484,JO-FV,JO-FV_L,L,acetylcholine,0.9747326970100404,23,55,Traced,,1,sense_hearing,,,,,cb_sensory
10115,AVLP016,AVLP016_L,L,glutamate,0.5680680871009827,5824,42023,Traced,10082.0,-1,middle_feedback,,,,,cb_intrinsic
91617,JO-B4_a,JO-B4_a_L,L,acetylcholine,0.9218395948410034,165,167,Traced,,1,sense_hearing,,,,,cb_sensory
263492,JO-CM,JO-CM_L,L,acetylcholine,0.927406132221222,123,46,Traced,,1,sense_hearing,,,,,cb_sensory
13274,SAD073,SAD073_L,L,gaba,0.8495327830314636,914,3531,Traced,10315.0,-1,middle_feedback,,,,,cb_intrinsic
522711,SAD023,SAD023_L,L,gaba,0.8113536238670349,241,642,Traced,29859.0,-1,middle_feedback,,,,,cb_intrinsic
18211,CB4118,CB4118_R,R,gaba,0.8644351959228516,387,2660,Traced,17815.0,-1,middle_feedback,,,,,cb_intrinsic
20103,LPLC2,LPLC2_R,R,acetylcholine,0.942314863204956,419,2651,Traced,11498.0,1,sense_looming,6.988361222915497,17.404966959051833,6.835928637245598,5.1774221235881885,visual_projection
95241,LPLC2,LPLC2_L,L,acetylcholine,0.9573029279708862,334,1660,Traced,11498.0,1,sense_looming,9.4096584771439,-16.168536566021288,8.864037370742581,8.823296437600112,visual_projection
138403,JO-EV2,JO-EV2_L,L,acetylcholine,0.8963085412979126,297,259,Traced,,1,sense_hearing,,,,,cb_sensory
22034,LC4,LC4_R,R,acetylcholine,0.9552901983261108,349,2506,Traced,12032.0,1,sense_looming,85.67420165600103,24.99112465314238,11.489233765895897,7.202973558139872,visual_projection
513764,LAL028,LAL028_R,R,acetylcholine,0.9701828956604004,427,2467,Traced,19554.0,1,middle_feedback,,,,,cb_intrinsic
126689,JO-EV1,JO-EV1_R,R,acetylcholine,0.920164167881012,249,189,Traced,,1,sense_hearing,,,,,cb_sensory
19540,LC10a,LC10a_L,L,acetylcholine,0.8918092846870422,351,1515,Traced,10573.0,1,sense_pursuit,78.13949171413215,-1.2281353005956674,8.44417614905366,6.229626049517605,visual_projection
10592,AN08B012,AN08B012_L,L,acetylcholine,0.9170252680778505,2100,21916,Traced,10592.0,1,middle_feedback,,,,,ascending_neuron
39513,LC6,LC6_R,R,acetylcholine,0.946993052959442,210,586,Traced,18842.0,1,sense_looming,115.4636585694396,-12.297977009886113,11.86704799077067,4.631719368350298,visual_projection
12747,CB0466,CB0466_R,R,gaba,0.8915692567825317,1382,7221,Traced,12747.0,-1,middle_feedback,,,,,cb_intrinsic
519411,CB3024,CB3024_L,L,gaba,0.864909291267395,371,1376,Traced,,-1,middle_feedback,,,,,cb_intrinsic
10688,CB0533,CB0533_R,R,acetylcholine,0.9680374264717102,1448,3925,Traced,10688.0,1,middle_feedback,,,,,cb_intrinsic
23835,AOTU059,AOTU059_L,L,gaba,0.8125316500663757,502,1068,Traced,14368.0,-1,middle_feedback,,,,,cb_intrinsic
15323,PVLP123,PVLP123_R,R,acetylcholine,0.9413862824440002,611,3047,Traced,15323.0,1,middle_feedback,,,,,cb_intrinsic
224261,JO-FV,JO-FV_L,L,acetylcholine,0.9578733444213868,115,112,Traced,,1,sense_hearing,,,,,cb_sensory
10038,pIP1,pIP1_R,R,acetylcholine,0.9498214721679688,5690,21379,Traced,10030.0,1,middle_feedback,,,,,descending_neuron
535965,JO-B2,JO-B2_R,R,acetylcholine,0.9529197812080384,89,114,Traced,,1,sense_hearing,,,,,cb_sensory
531538,CB1314,CB1314_L,L,gaba,0.8534971475601196,276,850,Traced,,-1,middle_feedback,,,,,cb_intrinsic
32336,LC10a,LC10a_R,R,acetylcholine,0.9441646337509156,254,940,Traced,10573.0,1,sense_pursuit,73.31815037524713,35.404277039187434,7.195131931192552,3.547951723293154,visual_projection
24411,PVLP124,PVLP124_R,R,acetylcholine,0.9692432880401612,354,1841,Traced,24411.0,1,middle_feedback,,,,,cb_intrinsic
10783,DNp09,DNp09_L,L,acetylcholine,0.9534627199172974,2739,8640,Traced,10783.0,1,out_steer,,,,,descending_neuron
130622,JO-EV4,JO-EV4_L,L,acetylcholine,0.9453778862953186,198,131,Traced,,1,sense_hearing,,,,,cb_sensory
19041,,,R,acetylcholine,0.9651180505752563,403,1440,Traced,16109.0,1,middle_feedback,,,,,cb_intrinsic
12951,PVLP069,PVLP069_R,R,acetylcholine,0.969745397567749,1361,5623,Traced,12427.0,1,middle_feedback,,,,,cb_intrinsic
920330,JO-FV,JO-FV_R,R,acetylcholine,0.905612051486969,14,8,Traced,,1,sense_hearing,,,,,cb_sensory
111787,LC4,LC4_L,L,acetylcholine,0.9413525462150574,320,1873,Traced,12032.0,1,sense_looming,82.11699827763528,-2.3729690295362715,11.730305801062928,5.666076841285558,visual_projection
11887,LT82b,LT82b_R,R,acetylcholine,0.9550188183784484,1082,7224,Traced,11300.0,1,middle_feedback,,,,,visual_projection
27194,PVLP046,PVLP046_R,R,gaba,0.8545426726341248,613,848,Traced,11102.0,-1,middle_feedback,,,,,visual_centrifugal
10992,PVLP122,PVLP122_L,L,acetylcholine,0.9552597403526306,1195,7578,Traced,10992.0,1,middle_gf,,,,,cb_intrinsic
22584,,,L,acetylcholine,0.967667281627655,412,1870,Traced,,1,middle_feedback,,,,,cb_intrinsic
10005,AOTU019,AOTU019_R,R,gaba,0.8350762128829956,2837,31981,Traced,10005.0,-1,middle_steer,,,,,cb_intrinsic
36421,LC10a,LC10a_R,R,acetylcholine,0.9381662011146544,186,616,Traced,10573.0,1,sense_pursuit,141.63073189899865,-19.34541890472751,10.57494160044927,5.257818082581207,visual_projection
514293,CL268,CL268_L,L,acetylcholine,0.956844687461853,380,1251,Traced,23399.0,1,middle_feedback,,,,,cb_intrinsic
16459,PVLP024,PVLP024_R,R,gaba,0.8827358484268188,411,3497,Traced,16459.0,-1,middle_feedback,,,,,cb_intrinsic
241662,JO-ED2_a,JO-ED2_a_L,L,acetylcholine,0.7821196913719177,126,190,Traced,,1,sense_hearing,,,,,cb_sensory
25209,LPLC2,LPLC2_L,L,acetylcholine,0.9601783752441406,267,1463,Traced,11498.0,1,sense_looming,103.84079859603445,18.35090173843639,7.50308775860409,6.290250732554482,visual_projection
11205,SAD073,SAD073_L,L,gaba,0.8533496856689453,710,2763,Traced,11205.0,-1,middle_feedback,,,,,cb_intrinsic
77839,JO-mz,JO-mz_L,L,acetylcholine,0.9693992733955384,364,227,Traced,,1,sense_hearing,,,,,cb_sensory
23919,LPLC2,LPLC2_L,L,acetylcholine,0.9617293477058412,373,1707,Traced,11498.0,1,sense_looming,102.46537535196389,45.33306581509942,9.588565232430964,3.10442775203194,visual_projection
512415,PVLP123,PVLP123_L,L,acetylcholine,0.9640322327613832,544,2858,Traced,15323.0,1,middle_feedback,,,,,cb_intrinsic
237833,JO-FV,JO-FV_L,L,acetylcholine,0.9747326970100404,112,89,Traced,,1,sense_hearing,,,,,cb_sensory
532748,LAL029_d,LAL029_d_L,L,acetylcholine,0.92843359708786,461,1838,Traced,18876.0,1,middle_feedback,,,,,cb_intrinsic
34774,LC10a,LC10a_R,R,acetylcholine,0.9431705474853516,246,970,Traced,10573.0,1,sense_pursuit,-0.7641474666272714,19.83208295843137,5.966784667602575,3.417550312888336,visual_projection
20240,LPLC2,LPLC2_L,L,acetylcholine,0.9604634046554564,408,2105,Traced,11498.0,1,sense_looming,7.042688506327806,20.86916104112916,6.015371087522598,5.624362729605381,visual_projection
23867,LC10a,LC10a_R,R,acetylcholine,0.9567157030105592,323,1367,Traced,10573.0,1,sense_pursuit,43.544442596238696,-24.13607470399303,5.331870348377963,3.662571242732374,visual_projection
11677,PVLP151,PVLP151_R,R,acetylcholine,0.9645674228668212,1433,10961,Traced,10173.0,1,middle_gf,,,,,cb_intrinsic
37613,LPLC2,LPLC2_R,R,acetylcholine,0.8271124958992004,243,1536,Traced,11498.0,1,sense_looming,147.01373142966804,-18.51101721184814,8.367465448945783,4.171880533964293,visual_projection
516500,WED206,WED206_L,L,gaba,0.8274731040000916,406,899,Traced,17449.0,-1,middle_feedback,,,,,cb_intrinsic
536444,LPLC2,LPLC2_L,L,acetylcholine,0.9484407305717468,332,1930,Traced,11498.0,1,sense_looming,66.84871783964019,33.14158507745233,7.967543886511172,3.84044295210363,visual_projection
24118,LPLC2,LPLC2_R,R,acetylcholine,0.941770613193512,324,2536,Traced,11498.0,1,sense_looming,62.444142257506826,16.119645942737037,6.79911743046024,4.90493171472685,visual_projection
523808,VES099,VES099_R,R,gaba,0.8082864880561829,548,2021,Traced,512192.0,-1,middle_feedback,,,,,cb_intrinsic
29633,LC6,LC6_R,R,acetylcholine,0.9662837982177734,230,880,Traced,18842.0,1,sense_looming,36.50864167770396,-29.48986068732055,11.37641487205962,4.624459092644672,visual_projection
123879,JO-EV1,JO-EV1_L,L,acetylcholine,0.9747326970100404,199,236,Traced,,1,sense_hearing,,,,,cb_sensory
34803,LC6,LC6_L,L,acetylcholine,0.9660574793815612,224,588,Traced,18842.0,1,sense_looming,99.50717262301272,-9.38646555414325,10.549149697014537,5.6847849425172825,visual_projection
918248,JO-EV1,JO-EV1_L,L,acetylcholine,0.9200285077095032,213,139,Traced,,1,sense_hearing,,,,,cb_sensory
10197,DNp02,DNp02_L,L,acetylcholine,0.9159098267555236,2427,9375,Traced,10117.0,1,out_escape,,,,,descending_neuron
524789,CL022_c,CL022_c_L,L,acetylcholine,0.9635820984840392,783,2892,Traced,14017.0,1,middle_feedback,,,,,cb_intrinsic
11367,PVLP061,PVLP061_R,R,acetylcholine,0.9187795519828796,3553,38603,Traced,10364.0,1,middle_feedback,,,,,cb_intrinsic
12820,SAD051_b,SAD051_b_L,L,acetylcholine,0.9590511918067932,989,1359,Traced,10153.0,1,middle_feedback,,,,,cb_intrinsic
18745,LAL300m,LAL300m_R,R,acetylcholine,0.9585390090942384,539,2148,Traced,18745.0,1,middle_steer,,,,,cb_intrinsic
60534,JO-EV3,JO-EV3_L,L,acetylcholine,0.9037072658538818,300,172,Traced,,1,sense_hearing,,,,,cb_sensory
521028,IB018,IB018_R,R,acetylcholine,0.9439653754234314,2082,17514,Traced,11208.0,1,middle_feedback,,,,,cb_intrinsic
518450,AOTU016_c,AOTU016_c_L,L,acetylcholine,0.9365657567977904,483,2782,Traced,10850.0,1,middle_feedback,,,,,cb_intrinsic
25296,LC10a,LC10a_R,R,acetylcholine,0.9483121633529664,294,976,Traced,10573.0,1,sense_pursuit,137.36598657562544,-32.2286351715196,7.484984157808848,3.521273434576497,visual_projection
10780,AVLP396,AVLP396_L,L,acetylcholine,0.9625841975212096,1279,8215,Traced,10780.0,1,middle_gf,,,,,cb_intrinsic
44656,LC10a,LC10a_R,R,acetylcholine,0.9091048836708068,148,717,Traced,10573.0,1,sense_pursuit,131.09781281974003,18.333026382973728,7.186890221939438,7.390991040292257,visual_projection
18929,LPLC2,LPLC2_R,R,acetylcholine,0.969434916973114,366,2202,Traced,11498.0,1,sense_looming,28.542890305346617,-30.533304014345347,12.533209625336571,8.109759359923713,visual_projection
96418,JO-EV5,JO-EV5_L,L,acetylcholine,0.9426259994506836,302,261,Traced,,1,sense_hearing,,,,,cb_sensory
263851661,JO-EV6,JO-EV6_L,L,acetylcholine,0.8068631887435913,104,62,Traced,,1,sense_hearing,,,,,cb_sensory
77614,LC4,LC4_L,L,acetylcholine,0.9624433517456056,395,2350,Traced,12032.0,1,sense_looming,125.18104959358485,-33.584424643011204,9.97867088236442,6.534326970507094,visual_projection
16809,LC4,LC4_L,L,acetylcholine,0.96613210439682,338,1909,Traced,12032.0,1,sense_looming,144.88100502548087,-27.11364948766457,9.396831636012145,6.796357361297534,visual_projection
29216,LPLC2,LPLC2_R,R,acetylcholine,0.9445286393165588,257,2013,Traced,11498.0,1,sense_looming,92.98034561158568,-4.885340178009777,10.321632664065175,5.856812106804336,visual_projection
808257,IN00A062,IN00A062_M,M,gaba,0.8339936137199402,353,1351,Traced,806876.0,-1,middle_feedback,,,,,vnc_intrinsic
43886,LC6,LC6_L,L,acetylcholine,0.958286702632904,177,495,Traced,18842.0,1,sense_looming,128.07389668546577,-16.355100675335798,11.794396846142757,3.5560695858669265,visual_projection
25193,LC6,LC6_L,L,acetylcholine,0.90569007396698,239,726,Traced,18842.0,1,sense_looming,76.41425978335562,7.77076515278182,10.858131404746066,3.729676921757501,visual_projection
28082,LC10a,LC10a_L,L,acetylcholine,0.9664527773857116,352,1319,Traced,10573.0,1,sense_pursuit,43.41532766038725,4.97405993107752,7.115063957169745,3.697012945399158,visual_projection
29315,LC6,LC6_R,R,acetylcholine,0.9129015803337096,267,1091,Traced,18842.0,1,sense_looming,45.8092297984284,-8.561278697423383,11.631508148591074,4.057737940677723,visual_projection
18876,LAL029_d,LAL029_d_R,R,acetylcholine,0.950732946395874,444,2091,Traced,18876.0,1,middle_feedback,,,,,cb_intrinsic
100103,LPLC2,LPLC2_L,L,acetylcholine,0.9544844627380372,383,1904,Traced,11498.0,1,sense_looming,10.331461320552794,6.786625678864667,6.166713127132564,6.527456681863948,visual_projection
31623,LC10a,LC10a_R,R,acetylcholine,0.9434916377067566,217,655,Traced,10573.0,1,sense_pursuit,97.48981402547128,-51.08717980354236,6.808277413663148,3.624606865050199,visual_projection
42411,LC6,LC6_L,L,acetylcholine,0.9497306942939758,233,801,Traced,18842.0,1,sense_looming,95.73167950468591,-19.72178330223138,13.133630954892388,4.019555652271727,visual_projection
92767,JO-FD1,JO-FD1_L,L,acetylcholine,0.9148659706115724,162,178,Traced,,1,sense_hearing,,,,,cb_sensory
25854,LPLC2,LPLC2_L,L,acetylcholine,0.9529728293418884,312,1621,Traced,11498.0,1,sense_looming,53.764258689762045,29.98850808200004,7.393889053948649,3.42577684515122,visual_projection
13600,CB2664,CB2664_R,R,acetylcholine,0.9690538048744202,683,1380,Traced,13600.0,1,middle_gf,,,,,cb_intrinsic
274047,JO-mz,JO-mz_L,L,acetylcholine,0.9712766408920288,280,116,Traced,,1,sense_hearing,,,,,cb_sensory
10448,PVLP093,PVLP093_L,L,gaba,0.8786754608154297,3710,8680,Traced,10448.0,-1,middle_feedback,,,,,cb_intrinsic
536217,JO-EV2,JO-EV2_R,R,acetylcholine,0.6916981935501099,343,252,Traced,,1,sense_hearing,,,,,cb_sensory
26450,LC10a,LC10a_R,R,acetylcholine,0.9344468712806702,265,1148,Traced,10573.0,1,sense_pursuit,22.055946374178745,-24.282263330013755,5.1184575565025785,3.392011926290297,visual_projection
23677,LC10a,LC10a_R,R,acetylcholine,0.9564262628555298,318,1199,Traced,10573.0,1,sense_pursuit,52.15819876623748,-37.695642224756455,5.300088574300752,3.139778524755851,visual_projection
19554,LAL028,LAL028_R,R,acetylcholine,0.96953684091568,374,2760,Traced,19554.0,1,middle_feedback,,,,,cb_intrinsic
24592,LC10a,LC10a_R,R,acetylcholine,0.95437890291214,286,1169,Traced,10573.0,1,sense_pursuit,60.50439294094764,-34.98447686018195,4.9919529431204,3.73704080494805,visual_projection
50287,LPLC2,LPLC2_R,R,acetylcholine,0.92664235830307,222,1440,Traced,11498.0,1,sense_looming,130.04613311558018,6.741491732891632,8.289070793313595,5.772277231747298,visual_projection
10739,DNg24,DNg24_L,L,gaba,0.8614627122879028,2572,4344,Traced,10739.0,-1,middle_feedback,,,,,descending_neuron
529200,CB3019,CB3019_L,L,acetylcholine,0.8968976736068726,511,2846,Traced,12156.0,1,middle_feedback,,,,,cb_intrinsic
14252,CB3682,CB3682_L,L,acetylcholine,0.9689808487892152,674,2304,Traced,14252.0,1,middle_feedback,,,,,cb_intrinsic
25316,LPLC2,LPLC2_R,R,acetylcholine,0.964649498462677,289,1777,Traced,11498.0,1,sense_looming,149.78008547239958,-38.95414833195412,8.9182653003475,5.565749572154689,visual_projection
12084,AOTU063_b,AOTU063_b_R,R,glutamate,0.6683940291404724,1282,11136,Traced,11370.0,-1,middle_feedback,,,,,cb_intrinsic
110055,CB1538,CB1538_L,L,gaba,0.7967634797096252,368,1239,Traced,18082.0,-1,middle_feedback,,,,,cb_intrinsic
387990,JO-A1,JO-A1_L,L,acetylcholine,0.7898900508880615,210,74,Traced,,1,sense_hearing,,,,,cb_sensory
29287,LPLC2,LPLC2_R,R,acetylcholine,0.9384881258010864,294,1816,Traced,11498.0,1,sense_looming,73.90590936931186,33.76096863973173,8.514962877896005,4.484976993726422,visual_projection
580966,LC6,LC6_L,L,acetylcholine,0.9409366250038148,115,333,Traced,18842.0,1,sense_looming,93.20827012660952,44.38765950032776,10.68363655533843,2.85746159030228,visual_projection
17668,LC4,LC4_R,R,acetylcholine,0.9341464638710022,430,3174,Traced,12032.0,1,sense_looming,5.1026294428773085,16.524030401818564,7.624114463670986,10.003055847190842,visual_projection
512226,JO-EV1,JO-EV1_R,R,acetylcholine,0.8791463375091553,203,115,Traced,,1,sense_hearing,,,,,cb_sensory
19703,LC10a,LC10a_L,L,acetylcholine,0.936751127243042,230,896,Traced,10573.0,1,sense_pursuit,90.58246960546464,23.29713834529865,8.945759752899693,4.1296957077214,visual_projection
27716,LPLC2,LPLC2_L,L,acetylcholine,0.9445151686668396,289,1699,Traced,11498.0,1,sense_looming,60.44817504501238,0.5896687717463678,8.462879479303007,5.888431348582982,visual_projection
14998,CB1538,CB1538_L,L,gaba,0.8012211918830872,422,1753,Traced,14998.0,-1,middle_gf,,,,,cb_intrinsic
27709,LC10a,LC10a_R,R,acetylcholine,0.9547160863876344,291,919,Traced,10573.0,1,sense_pursuit,126.38372336362664,-39.51467258964291,7.61766149458544,4.0621113539989935,visual_projection
104465393,JO-EV2,JO-EV2_L,L,acetylcholine,0.5892238616943359,204,150,Traced,,1,sense_hearing,,,,,cb_sensory
22148,LC10a,LC10a_R,R,acetylcholine,0.9486730098724364,335,1234,Traced,10573.0,1,sense_pursuit,83.10986600911656,-42.03288916880834,7.281168165526079,4.242704280938048,visual_projection
25110,CB4248,CB4175_L,L,gaba,0.8221490979194641,714,1325,Traced,10413.0,-1,middle_feedback,,,,,cb_intrinsic
12086,GNG562,GNG562_R,R,gaba,0.8356155753135681,1134,5920,Traced,12086.0,-1,middle_feedback,,,,,cb_intrinsic
24909,LC10a,LC10a_R,R,acetylcholine,0.9497675895690918,311,1106,Traced,10573.0,1,sense_pursuit,98.89452814517573,-32.92513103512352,7.311998378953872,3.9283970392643215,visual_projection
126654,JO-EV6,JO-EV6_L,L,acetylcholine,0.9386953711509703,296,148,Traced,,1,sense_hearing,,,,,cb_sensory
532254,LC4,LC4_L,L,acetylcholine,0.9747326970100404,379,2527,Traced,12032.0,1,sense_looming,67.0885364370091,52.43139635462872,16.10428889487754,3.922095774376604,visual_projection
33965,LPLC2,LPLC2_L,L,acetylcholine,0.9662269353866576,228,1410,Traced,11498.0,1,sense_looming,114.3058294965451,6.059678302632605,11.40430334874024,6.121716566530006,visual_projection
108298,JO-CM,JO-CM_L,L,acetylcholine,0.9507649540901184,243,120,Traced,,1,sense_hearing,,,,,cb_sensory
16899,AMMC024,AMMC024_L,L,gaba,0.8469891548156738,477,1237,Traced,,-1,middle_feedback,,,,,cb_intrinsic
33865,LC6,LC6_R,R,acetylcholine,0.9309456944465636,244,1239,Traced,18842.0,1,sense_looming,27.07096457544348,11.191138237532371,10.724213633499788,4.572691490653914,visual_projection
151525,JO-mz,JO-mz_L,L,acetylcholine,0.9582476615905762,294,204,Traced,,1,sense_hearing,,,,,cb_sensory
14168,CB1932,CB1932_L,L,acetylcholine,0.956472098827362,637,2449,Traced,13088.0,1,middle_feedback,,,,,cb_intrinsic
516911,PS230,PS230(PLP242)_L,L,acetylcholine,0.9479315280914308,1087,3430,Traced,11216.0,1,middle_feedback,,,,,cb_intrinsic
570013,SAD098,SAD098_M,M,gaba,0.3006892502307892,655,1299,Traced,,-1,middle_feedback,,,,,cb_intrinsic
15352,CB3692,CB3692_R,R,acetylcholine,0.9563514590263368,581,1540,Traced,15352.0,1,middle_feedback,,,,,cb_intrinsic
25472,LC10a,LC10a_R,R,acetylcholine,0.9454947113990784,299,966,Traced,10573.0,1,sense_pursuit,116.4916010979633,-27.48407901841884,7.534662181985459,4.123919477368859,visual_projection
64805,LC6,LC6_L,L,acetylcholine,0.9452895522117616,165,581,Traced,18842.0,1,sense_looming,74.03483443082413,47.04581832619648,13.152139502968272,2.930051246545031,visual_projection
41240,LC10a,LC10a_R,R,acetylcholine,0.9335476160049438,165,603,Traced,10573.0,1,sense_pursuit,147.72906346368617,-15.778462380980386,8.05668892870551,4.295919315109113,visual_projection
14091,CB3544,CB3544_L,L,gaba,0.7690708637237549,323,2942,Traced,14091.0,-1,middle_gf,,,,,cb_intrinsic
10167,VES041,VES041_R,R,gaba,0.8562464714050293,4208,20673,Traced,10109.0,-1,middle_feedback,,,,,cb_intrinsic
32223,LPLC2,LPLC2_L,L,acetylcholine,0.9495091438293456,269,1280,Traced,11498.0,1,sense_looming,151.09883947484326,-17.256367216765653,8.39671458093478,4.654525733482925,visual_projection
15994,CB3513,CB3513_L,L,gaba,0.845313549041748,605,4461,Traced,15994.0,-1,middle_gf,,,,,cb_intrinsic
519458,JO-B1_a,JO-B1_a_R,R,acetylcholine,0.9401723742485046,28,22,Traced,,1,sense_hearing,,,,,cb_sensory
10867,PVLP076,PVLP076_R,R,acetylcholine,0.958116888999939,2394,13044,Traced,,1,middle_feedback,,,,,cb_intrinsic
15508,LC10a,LC10a_L,L,acetylcholine,0.95774906873703,343,1213,Traced,10573.0,1,sense_pursuit,68.78721436390653,-18.32754079152284,6.959887274553915,3.1789674912288186,visual_projection
28533,LC10a,LC10a_L,L,acetylcholine,0.9604015350341796,338,1127,Traced,10573.0,1,sense_pursuit,60.15705115142734,-0.8571448734281475,8.13775039726809,3.664835302719213,visual_projection
473437,JO-unclear,JO-unclear_R,R,acetylcholine,0.9747326970100404,11,9,Traced,,1,sense_hearing,,,,,cb_sensory
515513,JO-ED2_b,JO-ED2_b_L,L,acetylcholine,0.9316683411598206,338,208,Traced,,1,sense_hearing,,,,,cb_sensory
17616,PVLP123,PVLP123_R,R,acetylcholine,0.9607452154159546,554,3649,Traced,15414.0,1,middle_feedback,,,,,cb_intrinsic
78501,LC6,LC6_L,L,acetylcholine,0.9373831152915956,208,705,Traced,18842.0,1,sense_looming,79.3085863429894,-1.115747227103128,10.963184728914795,3.0022700295382143,visual_projection
11666,SAD108,SAD108_L,L,acetylcholine,0.9580093026161194,1102,3577,Traced,10773.0,1,middle_feedback,,,,,cb_intrinsic
22997,LC10a,LC10a_R,R,acetylcholine,0.9565009474754332,373,1725,Traced,10573.0,1,sense_pursuit,62.6206419062289,-12.501415046182856,7.957653776129716,4.054737668638696,visual_projection
512238,JO-CL,JO-CL_R,R,acetylcholine,0.8785253763198853,111,112,Traced,,1,sense_hearing,,,,,cb_sensory
21299,LPLC2,LPLC2_L,L,acetylcholine,0.9600793719291688,331,1946,Traced,11498.0,1,sense_looming,108.38230709351583,-34.519528431498095,7.829139659141345,4.520132722572233,visual_projection
517819,LPLC2,LPLC2_L,L,acetylcholine,0.9472379684448242,353,2024,Traced,11498.0,1,sense_looming,33.926074476917215,25.83018350582805,5.6379119139865095,5.0968107247138885,visual_projection
25569,LC10d,LC10d_R,R,acetylcholine,0.9616140127182008,296,1176,Traced,13593.0,1,middle_feedback,,,,,visual_projection
23989,LC10a,LC10a_L,L,acetylcholine,0.956206440925598,314,913,Traced,10573.0,1,sense_pursuit,43.91891838919158,-33.81075221960852,5.4652510156766345,3.705585057001886,visual_projection
20588,LC4,LC4_R,R,acetylcholine,0.9669595956802368,374,2691,Traced,12032.0,1,sense_looming,135.16393364702398,-23.47992280012525,10.649815663281608,7.097880917227678,visual_projection
16889,CB4182,CB4182_R,R,acetylcholine,0.9571334719657898,441,1121,Traced,,1,middle_feedback,,,,,cb_intrinsic
11718,SAD093,SAD093_R,R,acetylcholine,0.951407551765442,2117,3852,Traced,11718.0,1,middle_feedback,,,,,cb_intrinsic
520409,CL268,CL268_L,L,acetylcholine,0.94295334815979,428,1642,Traced,23399.0,1,middle_feedback,,,,,cb_intrinsic
26056,AVLP093,AVLP093_R,R,gaba,0.7505260109901428,461,1232,Traced,20885.0,-1,middle_feedback,,,,,cb_intrinsic
74072,LC10a,LC10a_L,L,acetylcholine,0.8791239261627197,132,501,Traced,10573.0,1,sense_pursuit,146.81526481630812,1.1247302952586864,10.346035192959732,7.352093497978305,visual_projection
53585,LC10a,LC10a_L,L,acetylcholine,0.9071186780929564,129,378,Traced,10573.0,1,sense_pursuit,-1.8758436825465363,-21.196744974815267,11.904297764601257,11.510459836017088,visual_projection
491302,JO-EV3,JO-EV3_L,L,acetylcholine,0.7361201643943787,244,132,Traced,,1,sense_hearing,,,,,cb_sensory
10033,DNg56,DNg56_R,R,gaba,0.8807777762413025,1654,4622,Traced,10033.0,-1,middle_feedback,,,,,descending_neuron
25611,LC6,LC6_L,L,acetylcholine,0.9400700330734252,224,673,Traced,18842.0,1,sense_looming,75.9443389261477,-35.84549557597698,13.85972413598042,3.232222920307399,visual_projection
534038,PVLP062,PVLP062_R,R,acetylcholine,0.941523253917694,1110,5894,Traced,,1,middle_feedback,,,,,cb_intrinsic
534098,JO-EV6,JO-EV6_L,L,acetylcholine,0.9747326970100404,160,123,Traced,,1,sense_hearing,,,,,cb_sensory
15733,CB3544,CB3544_R,R,gaba,0.7792044878005981,329,2694,Traced,14091.0,-1,middle_feedback,,,,,cb_intrinsic
15068,PVLP019,PVLP019_L,L,gaba,0.8631443381309509,673,2914,Traced,12255.0,-1,middle_feedback,,,,,cb_intrinsic
29986,LPLC2,LPLC2_R,R,acetylcholine,0.9669287204742432,248,1712,Traced,11498.0,1,sense_looming,66.22844472876537,-16.34588956964464,9.231474966197004,5.5559148320611085,visual_projection
19420,LC4,LC4_R,R,acetylcholine,0.961583375930786,369,2872,Traced,12032.0,1,sense_looming,16.844009414616554,20.7712323793072,10.13013877740204,7.17826146365669,visual_projection
38160,JO-FD1,JO-FD1_L,L,acetylcholine,0.9404601454734802,198,200,Traced,,1,sense_hearing,,,,,cb_sensory
31878,LC10a,LC10a_R,R,acetylcholine,0.9341345429420472,239,721,Traced,10573.0,1,sense_pursuit,150.22346671097364,-30.05708679668684,7.657482703937753,2.9178019942300484,visual_projection
19187,WED125,WED125_L,L,acetylcholine,0.9591954350471495,500,1871,Traced,17908.0,1,middle_feedback,,,,,cb_intrinsic
211443,JO-EV6,JO-EV6_R,R,acetylcholine,0.893939733505249,72,24,Traced,,1,sense_hearing,,,,,cb_sensory
25839,AVLP176_d,AVLP176_d_R,R,acetylcholine,0.9649266600608826,495,3781,Traced,22620.0,1,middle_feedback,,,,,cb_intrinsic
482280,JO-FV,JO-FV_L,L,acetylcholine,0.6512401700019836,48,28,Traced,,1,sense_hearing,,,,,cb_sensory
27796,LPLC2,LPLC2_L,L,acetylcholine,0.951962113380432,298,1730,Traced,11498.0,1,sense_looming,88.95556156300067,17.17101703904224,6.63432514589614,5.942667746899858,visual_projection
24505,LC10a,LC10a_R,R,acetylcholine,0.9625862836837769,319,1181,Traced,10573.0,1,sense_pursuit,45.92803993095356,-30.22370531097924,5.289496517574951,3.814693610148212,visual_projection
802401,PSI,PSI_L,L,unclear,0.4207719564437866,590,6183,Traced,802401.0,0,out_escape,,,,,vnc_efferent
40105,LC6,LC6_L,L,acetylcholine,0.7943667769432068,253,751,Traced,18842.0,1,sense_looming,102.56891402795068,0.9401701765535222,10.86674885472368,3.633183263916657,visual_projection
12984,CL256,CL256_R,R,acetylcholine,0.9428755640983582,1400,6532,Traced,12984.0,1,middle_feedback,,,,,cb_intrinsic
11249,WED190,WED190_M,M,gaba,0.8066351413726807,3119,7186,Traced,,-1,middle_feedback,,,,,cb_intrinsic
44281,LC6,LC6_R,R,acetylcholine,0.9356896281242372,174,820,Traced,18842.0,1,sense_looming,10.4375788174427,18.927528471770074,8.789574430792841,3.9445289729095823,visual_projection
28143,LC10a,LC10a_L,L,acetylcholine,0.9522815942764282,346,1131,Traced,10573.0,1,sense_pursuit,94.25988255258348,-14.145916007890612,8.073224068351461,4.095032156680744,visual_projection
24568,LPLC2,LPLC2_L,L,acetylcholine,0.9599839448928832,329,1947,Traced,11498.0,1,sense_looming,45.189815878666565,5.844842419107323,6.843248031846465,5.461530678879775,visual_projection
35351,JO-A1,JO-A1_L,L,acetylcholine,0.9187268018722534,329,149,Traced,,1,sense_hearing,,,,,cb_sensory
14055,CB4176,CB4176_L,L,gaba,0.871773362159729,633,1171,Traced,,-1,middle_feedback,,,,,cb_intrinsic
16109,,,R,acetylcholine,0.965310037136078,412,1825,Traced,16109.0,1,middle_feedback,,,,,cb_intrinsic
12419,CL140,CL140_R,R,gaba,0.8879553079605103,1195,5633,Traced,12419.0,-1,middle_feedback,,,,,cb_intrinsic
119378,JO-EV1,JO-EV1_L,L,acetylcholine,0.9288622736930848,296,148,Traced,,1,sense_hearing,,,,,cb_sensory
22218,LPLC2,LPLC2_R,R,acetylcholine,0.9536272287368774,322,2850,Traced,11498.0,1,sense_looming,76.55348176062232,-13.112278392881583,10.435734638851644,5.741787025582752,visual_projection
28980,LC4,LC4_L,L,acetylcholine,0.962675929069519,322,2122,Traced,12032.0,1,sense_looming,57.68809966487463,35.96684196218561,12.780214610876303,5.654210990234927,visual_projection
190894,JO-B4_b,JO-B4_b_L,L,acetylcholine,0.9510689377784728,164,130,Traced,,1,sense_hearing,,,,,cb_sensory
901811,JO-EV6,JO-EV6_R,R,acetylcholine,0.7750169634819031,68,39,Traced,,1,sense_hearing,,,,,cb_sensory
52783,LC10a,LC10a_R,R,acetylcholine,0.8906189203262329,127,596,Traced,10573.0,1,sense_pursuit,110.42066076517332,34.81984495800005,9.256437400630938,5.428158276016293,visual_projection
12507,AVLP340,AVLP340_R,R,acetylcholine,0.9446814656257628,1291,6157,Traced,11191.0,1,middle_feedback,,,,,cb_intrinsic
529652,LC6,LC6_L,L,acetylcholine,0.9166008234024048,167,528,Traced,18842.0,1,sense_looming,125.67673166413675,23.06081478101754,11.615133046098324,3.116954818401116,visual_projection
512688,SAD097,SAD097_L,L,acetylcholine,0.9624534249305724,948,2626,Traced,10889.0,1,middle_feedback,,,,,cb_intrinsic
14899,AN05B006,AN05B006_L,L,gaba,0.8882554769515991,3238,7350,Traced,,-1,middle_feedback,,,,,ascending_neuron
256622,JO-ED2_b,JO-ED2_b_L,L,acetylcholine,0.8302999138832092,168,112,Traced,,1,sense_hearing,,,,,cb_sensory
529811,AVLP476,AVLP476_L,L,dopamine,0.6523795127868652,3596,7196,Traced,10898.0,0,middle_feedback,,,,,cb_intrinsic
520628,CB0591,CB0591_R,R,acetylcholine,0.9635937213897704,1741,4202,Traced,11950.0,1,middle_feedback,,,,,cb_intrinsic
11125,AVLP610,AVLP610_R,R,dopamine,0.5758243799209595,2933,9831,Traced,11125.0,0,middle_feedback,,,,,cb_intrinsic
467856331,JO-CM,JO-CM_R,R,acetylcholine,0.6379361152648926,72,22,Traced,,1,sense_hearing,,,,,cb_sensory
12395,IB114,IB114_L,L,gaba,0.8640520572662354,1656,7768,Traced,,-1,middle_feedback,,,,,cb_intrinsic
42121,JO-ED2_c,JO-ED2_c_L,L,acetylcholine,0.9439868927001952,347,242,Traced,,1,sense_hearing,,,,,cb_sensory
552035,JO-A2,JO-A2_L,L,acetylcholine,0.906221091747284,340,147,Traced,,1,sense_hearing,,,,,cb_sensory
519392,WED061,WED061_L,L,acetylcholine,0.9647945165634156,683,1921,Traced,,1,middle_feedback,,,,,cb_intrinsic
10118,DNb05,DNb05_L,L,acetylcholine,0.9593688249588012,3350,17938,Traced,10065.0,1,middle_feedback,,,,,descending_neuron
532569,CL038,CL038_L,L,glutamate,0.7349817752838135,524,3207,Traced,17144.0,-1,middle_feedback,,,,,cb_intrinsic
27689,LC10a,LC10a_L,L,acetylcholine,0.9513928890228271,333,1227,Traced,10573.0,1,sense_pursuit,23.53194411257862,-22.027861729747137,4.897116793198686,3.299713244535431,visual_projection
24719,LC10a,LC10a_L,L,acetylcholine,0.9592492580413818,313,919,Traced,10573.0,1,sense_pursuit,21.986296354301352,-27.33785685410345,5.464291541809934,3.7417810620283647,visual_projection
220799,JO-CL,JO-CL_L,L,acetylcholine,0.7912697792053223,164,130,Traced,,1,sense_hearing,,,,,cb_sensory
558778,AN08B012,AN08B012_R,R,acetylcholine,0.9436095356941224,2088,20148,Traced,10592.0,1,middle_feedback,,,,,ascending_neuron
535341,LC4,LC4_L,L,acetylcholine,0.9682897925376892,301,1885,Traced,12032.0,1,sense_looming,67.02124968013041,8.408025946435728,11.25999416397848,6.180674916652912,visual_projection
19549,LPLC2,LPLC2_R,R,acetylcholine,0.958316206932068,355,2565,Traced,11498.0,1,sense_looming,120.85811061660765,-45.507667282731234,9.1659515353636,4.299038629380351,visual_projection
22975,LC4,LC4_R,R,acetylcholine,0.9719416499137878,348,2547,Traced,12032.0,1,sense_looming,128.93467904083238,-5.897569869474168,12.29731218720273,7.212265858955349,visual_projection
121251,JO-CA2,JO-CA2_L,L,acetylcholine,0.8805074691772461,175,220,Traced,,1,sense_hearing,,,,,cb_sensory
10502,AOTU041,AOTU041_L,L,gaba,0.8429510593414307,2259,19638,Traced,10031.0,-1,middle_feedback,,,,,cb_intrinsic
43910,LC10a,LC10a_R,R,acetylcholine,0.8909677267074585,162,516,Traced,10573.0,1,sense_pursuit,60.390288732504985,-50.97061169360855,5.856458934851002,3.2420300623062475,visual_projection
530029,LC4,LC4_L,L,acetylcholine,0.95903742313385,371,2225,Traced,12032.0,1,sense_looming,127.47855913942296,8.20658021663634,11.58045882101085,7.761389716678823,visual_projection
516907,JO-EV2,JO-EV2_R,R,acetylcholine,0.8477890491485596,321,286,Traced,,1,sense_hearing,,,,,cb_sensory
515971,LPLC2,LPLC2_L,L,acetylcholine,0.9535103440284728,457,2256,Traced,11498.0,1,sense_looming,18.43889673694914,38.82905108412548,8.808615820323947,5.261022654522265,visual_projection
12917,SAD078,SAD078_L,L,unclear,0.480560302734375,338,1526,Traced,10505.0,0,middle_feedback,,,,,cb_intrinsic
70408,LC10a,LC10a_R,R,acetylcholine,0.8533480763435364,72,383,Traced,10573.0,1,sense_pursuit,1.408674879684817,-16.524129055982705,4.177601424361174,12.005607358427287,visual_projection
114598,JO-B4_b,JO-B4_b_L,L,acetylcholine,0.9293824434280396,299,141,Traced,,1,sense_hearing,,,,,cb_sensory
515476,LC4,LC4_L,L,acetylcholine,0.9614444971084596,365,2267,Traced,12032.0,1,sense_looming,76.42799986379073,38.20400214252676,12.686965904317857,5.714167223114163,visual_projection
12041,AVLP396,AVLP396_R,R,acetylcholine,0.9416748881340028,1291,9890,Traced,10780.0,1,middle_gf,,,,,cb_intrinsic
35294,LPLC2,LPLC2_L,L,acetylcholine,0.9560499787330629,208,1275,Traced,11498.0,1,sense_looming,127.0845678692824,14.470770522600205,9.294611750154417,5.3177213477020056,visual_projection
10246,SAD096,SAD096(hb2316502686)_M,M,gaba,0.8326948285102844,1744,3138,Traced,,-1,middle_gf,,,,,cb_intrinsic
52559,CB4163,CB4163_R,R,gaba,0.8264232873916626,303,931,Traced,,-1,middle_feedback,,,,,cb_intrinsic
59269,LC6,LC6_R,R,acetylcholine,0.9157543778419496,181,652,Traced,18842.0,1,sense_looming,142.49123412305647,-21.36585976569436,14.292815107500566,4.252306408796606,visual_projection
29859,SAD023,SAD023_R,R,gaba,0.8489499092102051,242,1017,Traced,29859.0,-1,middle_feedback,,,,,cb_intrinsic
29186,LC10a,LC10a_R,R,acetylcholine,0.945453941822052,232,847,Traced,10573.0,1,sense_pursuit,73.71671513733729,-49.0582150469038,4.6398144880152135,3.156551492700834,visual_projection
107513,LC4,LC4_L,L,acetylcholine,0.9303247928619384,284,1763,Traced,12032.0,1,sense_looming,98.2556330428613,33.6273440925593,11.893039646193111,6.323114439731829,visual_projection
11017,PVLP093,PVLP093_R,R,gaba,0.884028971195221,3684,9253,Traced,10448.0,-1,middle_feedback,,,,,cb_intrinsic
227655,JO-FV,JO-FV_L,L,acetylcholine,0.9648181200027466,98,87,Traced,,1,sense_hearing,,,,,cb_sensory
21392,CB3400,CB3400_L,L,acetylcholine,0.9628760814666748,490,2069,Traced,,1,middle_feedback,,,,,cb_intrinsic
23202,LC4,LC4_L,L,acetylcholine,0.960926115512848,351,2177,Traced,12032.0,1,sense_looming,37.0485377622851,-5.87883048066751,11.635699626681914,7.176198225403556,visual_projection
14002,LC33,LC33_R,R,glutamate,0.8042155504226685,949,3506,Traced,12712.0,-1,middle_feedback,,,,,visual_projection
750369552,JO-B3,JO-B3_L,L,acetylcholine,0.9277877807617188,62,42,Traced,,1,sense_hearing,,,,,cb_sensory
35680,LPLC2,LPLC2_R,R,acetylcholine,0.9508398175239564,203,1560,Traced,11498.0,1,sense_looming,105.07806596596068,19.13520988688994,7.89466485268986,6.249614708148648,visual_projection
11697,AVLP500,AVLP500_L,L,acetylcholine,0.9601657390594482,1398,8196,Traced,11697.0,1,middle_feedback,,,,,cb_intrinsic
79498,JO-B1_c,JO-B1_c_L,L,acetylcholine,0.9137375950813292,175,239,Traced,,1,sense_hearing,,,,,cb_sensory
10925,AVLP542,AVLP542_R,R,gaba,0.8577448129653931,2302,14621,Traced,10925.0,-1,middle_feedback,,,,,cb_intrinsic
46003,WED072,WED072_L,L,acetylcholine,0.9564480185508728,690,2813,Traced,15225.0,1,middle_feedback,,,,,cb_intrinsic
54078,JO-A2,JO-A2_L,L,acetylcholine,0.9229039549827576,412,210,Traced,,1,sense_hearing,,,,,cb_sensory
20572,LC4,LC4_L,L,acetylcholine,0.9610029458999634,353,2284,Traced,12032.0,1,sense_looming,18.430010472795125,-2.4843618043669906,8.561789546415612,7.717124882596551,visual_projection
20440,LC4,LC4_L,L,acetylcholine,0.9636730551719666,351,2294,Traced,12032.0,1,sense_looming,41.5203116082814,37.7740055962868,11.98528120811844,5.230161465035613,visual_projection
10257,AMMC-A1,AMMC-A1_L,L,acetylcholine,0.5931804776191711,267,8677,Traced,10017.0,1,middle_feedback,,,,,cb_intrinsic
10386,PVLP031,PVLP031_L,L,gaba,0.7656511664390564,581,2820,Traced,10386.0,-1,middle_feedback,,,,,cb_intrinsic
19537,LC10a,LC10a_L,L,acetylcholine,0.9554467797279358,302,879,Traced,10573.0,1,sense_pursuit,112.40406463097594,-16.483696756075332,8.507076704497377,3.156573808856581,visual_projection
20535,LPLC2,LPLC2_R,R,acetylcholine,0.9498440623283386,390,2732,Traced,11498.0,1,sense_looming,35.66676468931742,33.99082467754985,7.266750330519089,4.303577951886475,visual_projection
806232,IN00A041,IN00A041_M,M,gaba,0.8454444408416748,403,1882,Traced,806192.0,-1,middle_feedback,,,,,vnc_intrinsic
16723,CB3201,CB3201_R,R,acetylcholine,0.9527022242546082,264,758,Traced,,1,middle_feedback,,,,,cb_intrinsic
32237,LPLC2,LPLC2_L,L,acetylcholine,0.9709673523902892,257,1490,Traced,11498.0,1,sense_looming,140.77022038381816,11.41779882116758,9.20340298552484,8.84706459338039,visual_projection
511996,CB0956,CB0956_L,L,acetylcholine,0.9643890261650084,563,2020,Traced,17357.0,1,middle_feedback,,,,,cb_intrinsic
28654,LC10a,LC10a_R,R,acetylcholine,0.9638709425926208,268,739,Traced,10573.0,1,sense_pursuit,130.52443541450555,-18.36087345831912,7.441003629574241,3.8077015969105887,visual_projection
19756,CB1852,CB1852_R,R,acetylcholine,0.968600869178772,791,3760,Traced,,1,middle_feedback,,,,,cb_intrinsic
205095020,JO-FV,JO-FV_R,R,acetylcholine,0.9242812991142272,77,38,Traced,,1,sense_hearing,,,,,cb_sensory
17990,LPLC2,LPLC2_L,L,acetylcholine,0.950113832950592,355,2089,Traced,11498.0,1,sense_looming,18.139574372667603,16.1487731403503,6.407248997440703,4.910212612438212,visual_projection
20917,LC4,LC4_R,R,acetylcholine,0.9721188545227052,371,2724,Traced,12032.0,1,sense_looming,102.61273859806565,-36.31252652887642,12.725041907042492,6.51837377307231,visual_projection
11599,AVLP429,AVLP429_L,L,acetylcholine,0.9687442183494568,1459,3395,Traced,11599.0,1,middle_feedback,,,,,cb_intrinsic
210416,JO-B1_c,JO-B1_c_L,L,acetylcholine,0.9516207575798036,84,166,Traced,,1,sense_hearing,,,,,cb_sensory
27704,LC10a,LC10a_R,R,acetylcholine,0.946656048297882,311,1286,Traced,10573.0,1,sense_pursuit,60.98323869445085,30.038329338946383,7.071678235213958,4.291581421539598,visual_projection
10743,SAD001,SAD001_L,L,acetylcholine,0.9214902520179749,474,1371,Traced,10743.0,1,middle_feedback,,,,,cb_intrinsic
701436290,JO-EV3,JO-EV3_R,R,acetylcholine,0.5152848958969116,76,27,Traced,,1,sense_hearing,,,,,cb_sensory
930758,JO-CL,JO-CL_R,R,acetylcholine,0.8698850274085999,74,74,Traced,,1,sense_hearing,,,,,cb_sensory
21984,LC10a,LC10a_R,R,acetylcholine,0.9541159868240356,377,1748,Traced,10573.0,1,sense_pursuit,62.8356721353194,-4.037715341972685,7.734351616050507,4.792554284701616,visual_projection
25438,SAD064,SAD064_L,L,acetylcholine,0.940187692642212,590,2407,Traced,15665.0,1,middle_gf,,,,,cb_intrinsic
70691,LC6,LC6_L,L,acetylcholine,0.9253036975860596,157,481,Traced,18842.0,1,sense_looming,85.45824308074891,30.057093944785592,9.82095716689327,3.0572803909020494,visual_projection
13261,WED117,WED117_L,L,acetylcholine,0.9545029401779176,671,1612,Traced,13261.0,1,middle_feedback,,,,,cb_intrinsic
60335,JO-FD1,JO-FD1_L,L,acetylcholine,0.938623070716858,161,169,Traced,,1,sense_hearing,,,,,cb_sensory
19283,LAL300m,LAL300m_L,L,acetylcholine,0.9462737441062928,545,2082,Traced,18745.0,1,middle_feedback,,,,,cb_intrinsic
43534,LC6,LC6_R,R,acetylcholine,0.8725519180297852,190,610,Traced,18842.0,1,sense_looming,127.24888431642898,9.415855164160888,8.960143198163284,4.114468579046565,visual_projection
31964,LPLC2,LPLC2_R,R,acetylcholine,0.9460766911506652,339,2182,Traced,11498.0,1,sense_looming,90.93258532395004,36.00095863355645,7.876412188165237,4.044433562942606,visual_projection
532298,LC10a,LC10a_L,L,acetylcholine,0.9290132522583008,85,249,Traced,10573.0,1,sense_pursuit,21.55642566104476,-26.059445007708497,6.790232701568324,32.96612818694048,visual_projection
10536,DNg29,DNg29_L,L,acetylcholine,0.9548786878585817,2444,10637,Traced,10536.0,1,middle_feedback,,,,,descending_neuron
31262,LC4,LC4_R,R,acetylcholine,0.939863920211792,361,2030,Traced,12032.0,1,sense_looming,156.05569956435568,-31.58332744564721,8.142091011403203,7.63355571002138,visual_projection
517465,AOTU026,AOTU026_L,L,acetylcholine,0.9565717577934264,907,4408,Traced,18146.0,1,middle_feedback,,,,,cb_intrinsic
527694,CL323,CL323_R,R,acetylcholine,0.9397557377815248,444,2142,Traced,,1,middle_feedback,,,,,cb_intrinsic
35534,LC6,LC6_R,R,acetylcholine,0.9136186242103576,222,786,Traced,18842.0,1,sense_looming,126.4066234828726,-44.54623646496344,11.150053968407889,3.559165321214214,visual_projection
38484,LC6,LC6_L,L,acetylcholine,0.9562442898750304,210,629,Traced,18842.0,1,sense_looming,34.113010314650126,-31.119634051535343,10.603120412498065,2.948621841298825,visual_projection
81112,LC4,LC4_L,L,acetylcholine,0.9662539958953856,457,2752,Traced,12032.0,1,sense_looming,98.95939846294924,-54.05413291888868,17.687465411839064,3.841657313418471,visual_projection
422978,JO-FV,JO-FV_R,R,acetylcholine,0.955633580684662,152,85,Traced,,1,sense_hearing,,,,,cb_sensory
303057,JO-FV,JO-FV_R,R,acetylcholine,0.941039264202118,115,83,Traced,,1,sense_hearing,,,,,cb_sensory
12184,PVLP122,PVLP122_R,R,acetylcholine,0.949817717075348,1208,9008,Traced,10992.0,1,middle_feedback,,,,,cb_intrinsic
12391,AOTU027,AOTU027_L,L,acetylcholine,0.9562511444091796,683,4640,Traced,12391.0,1,middle_feedback,,,,,cb_intrinsic
530850,AVLP176_d,AVLP176_d_R,R,acetylcholine,0.948052942752838,473,3445,Traced,22620.0,1,middle_feedback,,,,,cb_intrinsic
25412,LC10a,LC10a_L,L,acetylcholine,0.9693963527679444,364,1253,Traced,10573.0,1,sense_pursuit,42.49420341919616,23.25879451947489,10.58413082330076,6.990878495861517,visual_projection
107847,JO-CL,JO-CL_L,L,acetylcholine,0.8958101868629456,135,136,Traced,,1,sense_hearing,,,,,cb_sensory
29622,AOTU002_b,AOTU002_b_R,R,acetylcholine,0.970072627067566,417,2531,Traced,27730.0,1,middle_feedback,,,,,cb_intrinsic
58807,LC6,LC6_R,R,acetylcholine,0.8587894439697266,134,403,Traced,18842.0,1,sense_looming,113.39201345316368,32.82345908681141,9.23176862291498,3.3903912761833954,visual_projection
17527,CB0956,CB0956_R,R,acetylcholine,0.9579224586486816,461,1418,Traced,17357.0,1,middle_feedback,,,,,cb_intrinsic
19830,LPLC2,LPLC2_L,L,acetylcholine,0.9502300024032592,396,2038,Traced,11498.0,1,sense_looming,91.47563499624049,-48.767065955626585,15.512663274197404,3.873721364843581,visual_projection
37926,LC6,LC6_R,R,acetylcholine,0.9213139414787292,218,1032,Traced,18842.0,1,sense_looming,7.446654188433268,5.825681801946871,11.022160088088532,3.6733135890664568,visual_projection
37925,LPLC2,LPLC2_R,R,acetylcholine,0.9543780088424684,238,1548,Traced,11498.0,1,sense_looming,135.5872138522936,16.005204238756775,8.375889430161617,8.90680090563942,visual_projection
12628,DNpe042,DNpe042(CL262)_R,R,acetylcholine,0.9503861665725708,2312,17140,Traced,10091.0,1,middle_gf,,,,,descending_neuron
531900,CB4179,CB4179_L,L,gaba,0.8805217146873474,643,1443,Traced,518428.0,-1,middle_feedback,,,,,cb_intrinsic
171008,JO-CA1,JO-CA1_L,L,acetylcholine,0.8813019394874573,135,202,Traced,,1,sense_hearing,,,,,cb_sensory
512366,LC4,LC4_L,L,acetylcholine,0.9609549641609192,422,2332,Traced,12032.0,1,sense_looming,147.08214649984347,-40.48842815468335,10.378782824542698,5.866145996095049,visual_projection
12066,SAD051_a,SAD051_a_L,L,acetylcholine,0.9496831893920898,736,1203,Traced,10795.0,1,middle_feedback,,,,,cb_intrinsic
29391,LPLC2,LPLC2_R,R,acetylcholine,0.9495595693588256,308,1760,Traced,11498.0,1,sense_looming,109.97359059704291,34.26117190813369,8.450547898379172,5.2988557749151015,visual_projection
31784,SAD023,SAD023_R,R,gaba,0.7938782572746277,296,1040,Traced,29859.0,-1,middle_feedback,,,,,cb_intrinsic
19658,PVLP074,PVLP074_L,L,acetylcholine,0.973045825958252,576,2673,Traced,19658.0,1,middle_feedback,,,,,cb_intrinsic
18687,CB3019,CB3019_R,R,acetylcholine,0.9450886249542236,524,4109,Traced,12156.0,1,middle_feedback,,,,,cb_intrinsic
133527,JO-CL,JO-CL_L,L,acetylcholine,0.8460288047790527,98,96,Traced,,1,sense_hearing,,,,,cb_sensory
12215,PVLP122,PVLP122_R,R,acetylcholine,0.9639865756034852,1444,9675,Traced,11927.0,1,middle_gf,,,,,cb_intrinsic
518426,AN01A086,AN01A086_L,L,acetylcholine,0.9687776565551758,1630,2257,Traced,14700.0,1,middle_feedback,,,,,ascending_neuron
223861,JO-CM,JO-CM_L,L,acetylcholine,0.9432846903800964,216,136,Traced,,1,sense_hearing,,,,,cb_sensory
27730,AOTU002_b,AOTU002_b_L,L,acetylcholine,0.9329528212547302,465,2179,Traced,27730.0,1,middle_feedback,,,,,cb_intrinsic
20673,LC4,LC4_R,R,acetylcholine,0.9747326970100404,341,2927,Traced,12032.0,1,sense_looming,65.21339147795206,18.793532125274936,11.769508946056323,7.215727807099012,visual_projection
514956,LC4,LC4_L,L,acetylcholine,0.9716736078262328,317,2051,Traced,12032.0,1,sense_looming,110.1623143723281,23.245653441158893,10.93065649943404,6.416538718892504,visual_projection
23741,LC10a,LC10a_L,L,acetylcholine,0.9450964331626892,393,1207,Traced,10573.0,1,sense_pursuit,36.63358702211966,-20.169467777011825,6.8541962062267165,3.2908862924736,visual_projection
547920,JO-B1_a,JO-B1_a_L,L,acetylcholine,0.8952316641807556,122,157,Traced,,1,sense_hearing,,,,,cb_sensory
12830,PS232,PS232_R,R,acetylcholine,0.9492152333259584,1180,4207,Traced,12830.0,1,middle_feedback,,,,,cb_intrinsic
17584,PVLP123,PVLP123_L,L,acetylcholine,0.9502720832824708,476,2488,Traced,17426.0,1,middle_feedback,,,,,cb_intrinsic
62434,JO-CL,JO-CL_L,L,acetylcholine,0.9747326970100404,131,136,Traced,,1,sense_hearing,,,,,cb_sensory
71157,CB3513,CB3513_L,L,gaba,0.8751798868179321,839,3825,Traced,,-1,middle_feedback,,,,,cb_intrinsic
10117,DNp02,DNp02_R,R,acetylcholine,0.84504234790802,2756,8921,Traced,10117.0,1,out_escape,,,,,descending_neuron
14466,CB2153,CB2153_R,R,acetylcholine,0.9624255895614624,867,1387,Traced,,1,middle_feedback,,,,,cb_intrinsic
521627,LC31b,LC31b_L,L,acetylcholine,0.9407134652137756,1142,6630,Traced,11794.0,1,middle_feedback,,,,,visual_projection
12053,SAD106,SAD106_R,R,acetylcholine,0.962988018989563,1980,4748,Traced,11782.0,1,middle_feedback,,,,,cb_intrinsic
22259,LC10a,LC10a_L,L,acetylcholine,0.9618959426879884,378,1332,Traced,10573.0,1,sense_pursuit,28.73517810345215,3.915724262175836,6.081428250981817,4.1897761664294775,visual_projection
22292,AVLP094,AVLP094_L,L,gaba,0.7751768827438354,520,1167,Traced,21548.0,-1,middle_feedback,,,,,cb_intrinsic
762295104,JO-FV,JO-FV_R,R,acetylcholine,0.958048403263092,58,44,Traced,,1,sense_hearing,,,,,cb_sensory
562165,JO-mz,JO-mz_L,L,acetylcholine,0.9427100419998168,303,186,Traced,,1,sense_hearing,,,,,cb_sensory
17404,AVLP202,AVLP202_R,R,gaba,0.7483107447624207,343,3502,Traced,,-1,middle_feedback,,,,,cb_intrinsic
493774068,JO-EV1,JO-EV1_R,R,acetylcholine,0.604698896408081,202,143,Traced,,1,sense_hearing,,,,,cb_sensory
10962,LAL026_a,LAL026_a_L,L,acetylcholine,0.9550299644470216,689,3691,Traced,10962.0,1,middle_feedback,,,,,cb_intrinsic
10641,PVLP106,PVLP106_L,L,unclear,0.4954651296138763,3426,24510,Traced,10641.0,0,middle_feedback,,,,,cb_intrinsic
26393,LPLC2,LPLC2_R,R,acetylcholine,0.9379976391792296,317,2043,Traced,11498.0,1,sense_looming,87.42569144261972,41.82532154144113,8.108229010230126,3.3324607806351985,visual_projection
30511,AVLP498,AVLP498_L,L,acetylcholine,0.9549113512039183,2152,10326,Traced,11630.0,1,middle_feedback,,,,,cb_intrinsic
926518,IN12B015,IN12B015_R,R,gaba,0.8885300755500793,1264,3849,Traced,801828.0,-1,middle_feedback,,,,,vnc_intrinsic
13959,OA-ASM3,OA-ASM3_L,L,unclear,0.5104504227638245,2212,4001,Traced,13959.0,0,middle_feedback,,,,,cb_intrinsic
806876,IN00A062,IN00A062_M,M,gaba,0.8332929611206055,445,1743,Traced,806876.0,-1,middle_feedback,,,,,vnc_intrinsic
839090650,JO-FV,JO-FV_R,R,acetylcholine,0.9158596396446228,33,9,Traced,,1,sense_hearing,,,,,cb_sensory
516606,JO-ED2_b,JO-ED2_b_R,R,acetylcholine,0.9119360446929932,324,230,Traced,,1,sense_hearing,,,,,cb_sensory
331081,JO-FV,JO-FV_L,L,acetylcholine,0.9545724987983704,48,65,Traced,,1,sense_hearing,,,,,cb_sensory
10259,DNp11,DNp11_L,L,acetylcholine,0.9347718358039856,3328,12792,Traced,10106.0,1,out_escape,,,,,descending_neuron
16659,PVLP011,PVLP011_R,R,gaba,0.8404628038406372,5254,44912,Traced,16659.0,-1,middle_feedback,,,,,cb_intrinsic
16068,CB3710,CB3710_L,L,acetylcholine,0.9663081765174866,692,1937,Traced,13149.0,1,middle_feedback,,,,,cb_intrinsic
20047,LPLC2,LPLC2_R,R,acetylcholine,0.9510197043418884,409,2876,Traced,11498.0,1,sense_looming,41.30437063204781,22.533851446663206,7.420979894777699,4.927821345472983,visual_projection
20399,LC4,LC4_R,R,acetylcholine,0.9598578810691832,391,2821,Traced,12032.0,1,sense_looming,48.82078798068552,22.022685240596616,10.921879979155284,6.935756512218927,visual_projection
18907,PVLP123,PVLP123_L,L,acetylcholine,0.953807771205902,557,3120,Traced,15414.0,1,middle_feedback,,,,,cb_intrinsic
15602,GNG515,GNG515_L,L,gaba,0.8450918197631836,972,2860,Traced,12232.0,-1,middle_feedback,,,,,cb_intrinsic
22620,AVLP176_d,AVLP176_d_L,L,acetylcholine,0.9350813627243042,489,2986,Traced,22620.0,1,middle_feedback,,,,,cb_intrinsic
25572,LPLC2,LPLC2_L,L,acetylcholine,0.9633756279945374,342,1885,Traced,11498.0,1,sense_looming,69.3903517088896,47.12114055082576,8.51031007167282,3.51272848644987,visual_projection
23001,LC10a,LC10a_L,L,acetylcholine,0.9689202308654784,334,951,Traced,10573.0,1,sense_pursuit,98.62171590076474,-30.908055607960627,6.432781652393874,3.830551452749173,visual_projection
40800,LC6,LC6_R,R,acetylcholine,0.9402837157249452,169,597,Traced,18842.0,1,sense_looming,120.50688560210392,-37.91949276742946,9.745926699197026,3.892778927187686,visual_projection
25817,LC10a,LC10a_L,L,acetylcholine,0.964819610118866,294,750,Traced,10573.0,1,sense_pursuit,98.27880320099172,-44.51141913712499,8.893828156451795,4.600506553918217,visual_projection
99367,JO-CA2,JO-CA2_L,L,acetylcholine,0.9432613253593444,185,166,Traced,,1,sense_hearing,,,,,cb_sensory
23497,LPLC2,LPLC2_R,R,acetylcholine,0.94926780462265,419,3001,Traced,11498.0,1,sense_looming,23.089048689591948,37.82990757458829,8.707955684455753,4.575235545524427,visual_projection
528991,LC10a,LC10a_L,L,acetylcholine,0.9656090140342712,319,1062,Traced,10573.0,1,sense_pursuit,75.89672598087056,17.643412338677805,7.67057600338205,5.413078327811088,visual_projection
557828,JO-EV3,JO-EV3_L,L,acetylcholine,0.9449025392532348,325,235,Traced,,1,sense_hearing,,,,,cb_sensory
17144,CL038,CL038_R,R,glutamate,0.764199435710907,481,3053,Traced,17144.0,-1,middle_feedback,,,,,cb_intrinsic
10128,SAD103,SAD103_M,M,gaba,0.8643752932548523,1925,6763,Traced,,-1,middle_gf,,,,,cb_intrinsic
66361,LC10a,LC10a_L,L,acetylcholine,0.9474318027496338,142,315,Traced,10573.0,1,sense_pursuit,56.24309803776377,-50.18309080320775,4.78459905994631,2.7618283292538,visual_projection
32763,LC6,LC6_R,R,acetylcholine,0.9571552872657776,221,793,Traced,18842.0,1,sense_looming,26.59985812628701,-23.76519789634645,8.793051468011749,3.622723362459647,visual_projection
530485,SAD004,SAD004_R,R,acetylcholine,0.9566074013710022,482,1646,Traced,15952.0,1,middle_feedback,,,,,cb_intrinsic
522302,SAD051_a,SAD051_a_L,L,acetylcholine,0.8995427489280701,903,1498,Traced,10795.0,1,middle_feedback,,,,,cb_intrinsic
35262,LC4,LC4_L,L,acetylcholine,0.9684090614318848,307,1956,Traced,12032.0,1,sense_looming,77.40048913630551,6.782842232537149,11.551183496807024,7.070070602397535,visual_projection
60450,LC6,LC6_L,L,acetylcholine,0.940269410610199,169,602,Traced,18842.0,1,sense_looming,100.78703001817082,13.66379692049145,15.777255372115851,3.598135198075214,visual_projection
38360,LC6,LC6_R,R,acetylcholine,0.9296860098838806,237,809,Traced,18842.0,1,sense_looming,23.59149228913741,-14.19980195036446,11.521515555800688,3.6157076417906286,visual_projection
11272,PVLP062,PVLP062_L,L,acetylcholine,0.9512937068939208,1159,4974,Traced,,1,middle_feedback,,,,,cb_intrinsic
14491,CB3673b,CB3673b_R,R,acetylcholine,0.9627285003662108,485,1627,Traced,14491.0,1,middle_feedback,,,,,cb_intrinsic
155912,JO-EV2,JO-EV2_L,L,acetylcholine,0.9339831471443176,238,187,Traced,,1,sense_hearing,,,,,cb_sensory
530461,JO-EV1,JO-EV1_R,R,acetylcholine,0.8297909498214722,194,187,Traced,,1,sense_hearing,,,,,cb_sensory
156608300,JO-FV,JO-FV_R,R,acetylcholine,0.9462712407112122,34,33,Traced,,1,sense_hearing,,,,,cb_sensory
15261,CB2664,CB2664_R,R,acetylcholine,0.9699559211730956,609,1406,Traced,13600.0,1,middle_feedback,,,,,cb_intrinsic
19422,CB2789,CB2789_L,L,acetylcholine,0.9499801397323608,470,928,Traced,16667.0,1,middle_feedback,,,,,cb_intrinsic
18432,LC4,LC4_L,L,acetylcholine,0.9747326970100404,304,1986,Traced,12032.0,1,sense_looming,92.83582690225091,-14.06966434768688,11.494028052601466,6.381262761307007,visual_projection
10173,PVLP151,PVLP151_L,L,acetylcholine,0.9617031812667848,1415,8872,Traced,10173.0,1,middle_gf,,,,,cb_intrinsic
18335,AOTU015,AOTU015_R,R,acetylcholine,0.9569959044456482,438,3475,Traced,12627.0,1,middle_feedback,,,,,cb_intrinsic
12459,WED109,WED109_L,L,acetylcholine,0.9527945518493652,663,3559,Traced,12459.0,1,middle_feedback,,,,,cb_intrinsic
15791,SAD064,SAD064_L,L,acetylcholine,0.937923789024353,711,2507,Traced,13114.0,1,middle_gf,,,,,cb_intrinsic
523874,CB3673a,CB3673a_R,R,acetylcholine,0.9663007855415344,575,1545,Traced,514979.0,1,middle_feedback,,,,,cb_intrinsic
32912,JO-EV6,JO-EV6_L,L,acetylcholine,0.8222756385803223,369,196,Traced,,1,sense_hearing,,,,,cb_sensory
20329,LPLC2,LPLC2_L,L,acetylcholine,0.9469972848892212,350,2199,Traced,11498.0,1,sense_looming,34.930463602787874,3.4115714159687656,7.497155540570927,5.937432265415002,visual_projection
77185,JO-EV3,JO-EV3_R,R,acetylcholine,0.8594367504119873,429,213,Traced,,1,sense_hearing,,,,,cb_sensory
531863,AOTU012,AOTU012_L,L,acetylcholine,0.9261049628257751,1497,11332,Traced,10406.0,1,middle_steer,,,,,cb_intrinsic
512118,VES087,VES087_L,L,gaba,0.8608189821243286,1009,5228,Traced,13289.0,-1,middle_feedback,,,,,cb_intrinsic
511914,LC4,LC4_L,L,acetylcholine,0.9262266159057616,360,2252,Traced,12032.0,1,sense_looming,73.38356583940622,-30.520079560602696,11.679797060630571,6.189920283484853,visual_projection
24187,LPLC2,LPLC2_R,R,acetylcholine,0.9565905928611756,374,2223,Traced,11498.0,1,sense_looming,91.52459368478448,48.8908290001022,9.321586136542468,2.9111000160487843,visual_projection
82928,JO-ED2_b,JO-ED2_b_L,L,acetylcholine,0.9203656911849976,214,129,Traced,,1,sense_hearing,,,,,cb_sensory
448449,JO-EV2,JO-EV2_R,R,acetylcholine,0.6476860642433167,187,99,Traced,,1,sense_hearing,,,,,cb_sensory
10001,DNp01,DNp01(GF)_R,R,acetylcholine,0.5004955530166626,1015,18582,Traced,10001.0,1,out_escape,,,,,descending_neuron
533959,JO-CL,JO-CL_R,R,acetylcholine,0.8974120020866394,113,91,Traced,,1,sense_hearing,,,,,cb_sensory
29803,LC10a,LC10a_L,L,acetylcholine,0.960599958896637,275,894,Traced,10573.0,1,sense_pursuit,56.74281212854419,-43.21969267758803,6.345425253806805,2.834160725391795,visual_projection
63314,LC6,LC6_L,L,acetylcholine,0.9161181449890136,182,637,Traced,18842.0,1,sense_looming,147.84753226682386,-20.401753827552056,9.653761942345623,4.364821952676562,visual_projection
136628,CB1638,CB1638_L,L,acetylcholine,0.9527989625930786,177,420,Traced,,1,middle_feedback,,,,,cb_intrinsic
26147,LPLC2,LPLC2_R,R,acetylcholine,0.9434179067611694,310,2191,Traced,11498.0,1,sense_looming,64.73209099021905,10.457999089389348,8.863697961069253,5.2608120568197085,visual_projection
523860,AVLP509,AVLP509_L,L,acetylcholine,0.9574021697044371,1286,7902,Traced,13329.0,1,middle_feedback,,,,,cb_intrinsic
92768,JO-CL,JO-CL_L,L,acetylcholine,0.8939434885978699,132,138,Traced,,1,sense_hearing,,,,,cb_sensory
25636,LPLC2,LPLC2_R,R,acetylcholine,0.9600963592529296,265,2147,Traced,11498.0,1,sense_looming,99.34060472729416,-18.118261645998587,11.220787005746477,4.844970958094276,visual_projection
471787,JO-FV,JO-FV_R,R,acetylcholine,0.805645227432251,109,110,Traced,,1,sense_hearing,,,,,cb_sensory
137801097,JO-B3,JO-B3_L,L,acetylcholine,0.8130344748497009,48,66,Traced,,1,sense_hearing,,,,,cb_sensory
28599,LC10a,LC10a_R,R,acetylcholine,0.956486999988556,266,1059,Traced,10573.0,1,sense_pursuit,22.983493983329204,-29.60622623768822,4.524263851737735,4.053199786082423,visual_projection
519931,LC4,LC4_L,L,acetylcholine,0.9718926548957824,342,2262,Traced,12032.0,1,sense_looming,40.62785249107565,29.33458881028024,10.242205166326912,5.988208709566125,visual_projection
13963,CB2521,CB2521_L,L,acetylcholine,0.9577601552009584,858,1733,Traced,13895.0,1,middle_feedback,,,,,cb_intrinsic
32737,LPLC2,LPLC2_L,L,acetylcholine,0.9530858993530272,314,2056,Traced,11498.0,1,sense_looming,77.26268576276294,6.148783681626398,8.579401308301634,5.0361679749956165,visual_projection
515512,JO-ED2_b,JO-ED2_b_L,L,acetylcholine,0.948754072189331,336,250,Traced,,1,sense_hearing,,,,,cb_sensory
13007,mALD4,mALD4_R,R,gaba,0.836033046245575,1795,3992,Traced,11166.0,-1,middle_feedback,,,,,cb_intrinsic
513113,JO-CA2,JO-CA2_L,L,acetylcholine,0.8948744535446167,158,234,Traced,,1,sense_hearing,,,,,cb_sensory
20542,LC4,LC4_R,R,acetylcholine,0.9636878371238708,351,2786,Traced,12032.0,1,sense_looming,43.22765958824507,12.156729836562732,11.99328519603921,7.576608660373701,visual_projection
521358,SAD093,SAD093_L,L,acetylcholine,0.945114254951477,2255,4267,Traced,11718.0,1,middle_feedback,,,,,cb_intrinsic
268351,JO-FD2,JO-FD2_R,R,acetylcholine,0.828647255897522,179,130,Traced,,1,sense_hearing,,,,,cb_sensory
17544,LPLC2,LPLC2_L,L,acetylcholine,0.9507301449775696,323,1719,Traced,11498.0,1,sense_looming,159.097552823797,-26.65813008559038,8.430751890363428,5.107668413610753,visual_projection
67186,JO-EV6,JO-EV6_L,L,acetylcholine,0.938180148601532,239,113,Traced,,1,sense_hearing,,,,,cb_sensory
22847,LC4,LC4_R,R,acetylcholine,0.9488937854766846,450,3041,Traced,12032.0,1,sense_looming,67.43942992435208,52.82327988033714,15.129006834375057,4.509181399029499,visual_projection
10944,SAD098,SAD098_M,M,gaba,0.8698323965072632,993,5836,Traced,,-1,middle_feedback,,,,,cb_intrinsic
10995,PVLP120,PVLP120_R,R,acetylcholine,0.9665449261665344,2370,21379,Traced,10609.0,1,middle_feedback,,,,,cb_intrinsic
31055,JO-FV,JO-FV_R,R,acetylcholine,0.9547184109687804,291,365,Traced,,1,sense_hearing,,,,,cb_sensory
522472,LT82a,LT82a_L,L,acetylcholine,0.9582517743110656,1060,7678,Traced,11219.0,1,middle_feedback,,,,,visual_projection
23890,LC10a,LC10a_R,R,acetylcholine,0.9506809115409852,323,1176,Traced,10573.0,1,sense_pursuit,84.19536033985828,-27.53648732269897,6.833054537319484,3.678841508800789,visual_projection
238938,JO-EV2,JO-EV2_L,L,acetylcholine,0.911703646183014,154,136,Traced,,1,sense_hearing,,,,,cb_sensory
22070,LC10a,LC10a_R,R,acetylcholine,0.9530596137046814,358,1232,Traced,10573.0,1,sense_pursuit,69.19274561144647,-43.05617334760412,5.225779452425819,3.483446711328276,visual_projection
85707,LC10a,LC10a_R,R,acetylcholine,0.902837336063385,81,222,Traced,10573.0,1,sense_pursuit,-3.964909407448042,21.904202605567605,8.191920863887491,13.343979361142262,visual_projection
913441,IN05B032,IN05B032_L,L,gaba,0.8577431440353394,233,2288,Traced,808023.0,-1,middle_feedback,,,,,vnc_intrinsic
24492,LC10a,LC10a_R,R,acetylcholine,0.9613913893699646,364,1664,Traced,10573.0,1,sense_pursuit,28.466032872482323,27.28643371008188,7.636352932053317,5.132743419672318,visual_projection
17426,PVLP123,PVLP123_R,R,acetylcholine,0.9548413157463074,439,2200,Traced,17426.0,1,middle_feedback,,,,,cb_intrinsic
116906,JO-CA2,JO-CA2_L,L,acetylcholine,0.9107518196105956,182,269,Traced,,1,sense_hearing,,,,,cb_sensory
25952,LC10a,LC10a_R,R,acetylcholine,0.9431281685829164,307,1102,Traced,10573.0,1,sense_pursuit,103.42264387773946,-1.969357623650972,8.827130573807805,4.117481518457866,visual_projection
11416,LAL083,LAL083_R,R,glutamate,0.7392100095748901,1043,7716,Traced,10868.0,-1,middle_feedback,,,,,cb_intrinsic
75970,JO-EV3,JO-EV3_L,L,acetylcholine,0.9234088063240052,340,214,Traced,,1,sense_hearing,,,,,cb_sensory
15471,LC10a,LC10a_L,L,acetylcholine,0.9343010187149048,240,637,Traced,10573.0,1,sense_pursuit,151.8900663180178,-32.549151667362665,7.60946306885785,3.711050553696386,visual_projection
35838,LPLC2,LPLC2_R,R,acetylcholine,0.9508262276649476,203,1365,Traced,11498.0,1,sense_looming,144.20359564350687,-10.213638620682914,8.689753429884837,3.9698189727133824,visual_projection
42123,LC6,LC6_L,L,acetylcholine,0.9133535623550416,253,1001,Traced,18842.0,1,sense_looming,16.20569513185543,17.626081723122425,12.429850103599575,4.318506042445364,visual_projection
10263,GNG300,GNG300_R,R,gaba,0.8327103853225708,1568,7777,Traced,10263.0,-1,middle_gf,,,,,cb_intrinsic
10297,LHAD1g1,LHAD1g1_R,R,gaba,0.8023775219917297,3260,29542,Traced,10147.0,-1,middle_gf,,,,,cb_intrinsic
10570,SAD107,SAD107_R,R,gaba,0.8558668494224548,1184,2215,Traced,10570.0,-1,middle_gf,,,,,cb_intrinsic
11014,AN01A089,AN01A089_L,L,acetylcholine,0.9377976059913636,2942,8337,Traced,10775.0,1,middle_feedback,,,,,ascending_neuron
29514,LC4,LC4_L,L,acetylcholine,0.961102306842804,285,1993,Traced,12032.0,1,sense_looming,85.2904125697973,31.75162658351323,10.992605324606888,5.528050552323034,visual_projection
144112,JO-B4_a,JO-B4_a_L,L,acetylcholine,0.8828397393226624,190,219,Traced,,1,sense_hearing,,,,,cb_sensory
23247,LPLC2,LPLC2_L,L,acetylcholine,0.9585126638412476,359,1838,Traced,11498.0,1,sense_looming,66.61155881117905,-18.3681807034178,10.814916757695055,6.402348290189122,visual_projection
33335,DNpe024,DNpe024(CL325)_L,L,acetylcholine,0.9590628743171692,1301,4186,Traced,33335.0,1,middle_feedback,,,,,descending_neuron
21983,LC10a,LC10a_R,R,acetylcholine,0.9553289413452148,350,1482,Traced,10573.0,1,sense_pursuit,23.977401776706188,-16.51200943379269,5.7822281767607775,3.301780228055307,visual_projection
17340,LC4,LC4_L,L,acetylcholine,0.9723144173622132,401,2279,Traced,12032.0,1,sense_looming,107.86153781795451,-45.33233348167819,10.250534166327103,6.215726667703749,visual_projection
19066,AOTU016_b,AOTU016_b_R,R,acetylcholine,0.9617576003074646,449,3258,Traced,19066.0,1,middle_feedback,,,,,cb_intrinsic
37042,LC10a,LC10a_L,L,acetylcholine,0.941486954689026,263,958,Traced,10573.0,1,sense_pursuit,90.72551116165664,12.495862496154416,6.975193743061622,4.313413559343329,visual_projection
37958,LC10a,LC10a_R,R,acetylcholine,0.9591890573501588,187,523,Traced,10573.0,1,sense_pursuit,81.77180511987169,-53.45672344269556,9.937889311069634,2.3143541235164244,visual_projection
27967,LC10a,LC10a_L,L,acetylcholine,0.9095606207847596,298,871,Traced,10573.0,1,sense_pursuit,88.61203464017518,-49.09959832706946,5.064353173257652,2.8568725631406244,visual_projection
22309,CB3201,CB3201_R,R,acetylcholine,0.9572898149490356,334,1418,Traced,,1,middle_feedback,,,,,cb_intrinsic
303968,JO-FV,JO-FV_L,L,acetylcholine,0.9413188695907592,87,75,Traced,,1,sense_hearing,,,,,cb_sensory
512821,CB4248,CB4175_L,L,gaba,0.8500977158546448,727,1548,Traced,,-1,middle_feedback,,,,,cb_intrinsic
34845,LC4,LC4_L,L,acetylcholine,0.9480578899383544,327,1829,Traced,12032.0,1,sense_looming,128.0601018336084,-18.21713345312204,9.609349795354678,6.286747022413216,visual_projection
27399,LPLC2,LPLC2_L,L,acetylcholine,0.9417113065719604,323,1954,Traced,11498.0,1,sense_looming,63.50211810092264,10.89790006220015,7.3502344007086675,4.718483421884224,visual_projection
66302,JO-EV6,JO-EV6_L,L,acetylcholine,0.9351876378059388,294,207,Traced,,1,sense_hearing,,,,,cb_sensory
575597,LC10a,LC10a_L,L,acetylcholine,0.958286702632904,177,545,Traced,10573.0,1,sense_pursuit,46.08478833832778,-46.97455430801242,5.946422752049279,3.29609969954707,visual_projection
524005,LAL026_b,LAL026_b_L,L,acetylcholine,0.956647515296936,804,3468,Traced,13240.0,1,middle_feedback,,,,,cb_intrinsic
13726,LPLC2,LPLC2_L,L,acetylcholine,0.93963223695755,442,2421,Traced,11498.0,1,sense_looming,3.4536676481168733,28.04853512896973,7.514455496002687,5.751292804405186,visual_projection
35321,LC6,LC6_R,R,acetylcholine,0.94362074136734,187,817,Traced,18842.0,1,sense_looming,40.55242772498149,-35.68998247182192,9.545460498175768,3.808453550584461,visual_projection
163625,JO-EV2,JO-EV2_L,L,acetylcholine,0.94264954328537,151,202,Traced,,1,sense_hearing,,,,,cb_sensory
10480,MeVP53,MeVP53_R,R,gaba,0.864844024181366,1799,4304,Traced,10251.0,-1,middle_feedback,,,,,visual_projection
480695,JO-unclear,JO-unclear_L,L,acetylcholine,0.8796063661575317,51,25,Traced,,1,sense_hearing,,,,,cb_sensory
32493,LC10a,LC10a_L,L,acetylcholine,0.9513704180717468,332,1159,Traced,10573.0,1,sense_pursuit,67.45451288921515,21.53548977978257,8.144643252157637,4.1888197307756965,visual_projection
183993,JO-FV,JO-FV_R,R,acetylcholine,0.9649205207824708,198,246,Traced,,1,sense_hearing,,,,,cb_sensory
464153,JO-FV,JO-FV_R,R,acetylcholine,0.9141836166381836,80,67,Traced,,1,sense_hearing,,,,,cb_sensory
10031,AOTU041,AOTU041_R,R,gaba,0.8680858612060547,2134,20586,Traced,10031.0,-1,middle_feedback,,,,,cb_intrinsic
25446,LC10a,LC10a_R,R,acetylcholine,0.9155606627464294,328,1449,Traced,10573.0,1,sense_pursuit,47.67905080726639,26.2662350145726,7.55668969157959,4.368326274988524,visual_projection
369423058,JO-A4,JO-A4_R,R,acetylcholine,0.4551822543144226,28,15,Traced,,1,sense_hearing,,,,,cb_sensory
28134,LC10d,LC10d_R,R,acetylcholine,0.9522278308868408,259,1029,Traced,13593.0,1,middle_feedback,,,,,visual_projection
73812,LC6,LC6_L,L,acetylcholine,0.9548019170761108,195,569,Traced,18842.0,1,sense_looming,52.68384377322971,-34.06522634588815,11.3088177996347,3.359806832857514,visual_projection
514979,CB3673a,CB3673a_L,L,acetylcholine,0.9249919056892396,605,2086,Traced,514979.0,1,middle_feedback,,,,,cb_intrinsic
19463,CB1688,CB1688_R,R,acetylcholine,0.9669723510742188,1001,3303,Traced,19463.0,1,middle_feedback,,,,,cb_intrinsic
514481,PVLP123,PVLP123_L,L,acetylcholine,0.941502809524536,554,3218,Traced,15414.0,1,middle_gf,,,,,cb_intrinsic
13522,SAD051_b,SAD051_b_L,L,acetylcholine,0.953296959400177,996,1429,Traced,10153.0,1,middle_feedback,,,,,cb_intrinsic
29563,LC4,LC4_R,R,acetylcholine,0.9747326970100404,354,2435,Traced,12032.0,1,sense_looming,97.95037123483245,17.90455182587769,12.18616567905718,7.2802505835670015,visual_projection
11988,SAD072,SAD072_R,R,gaba,0.8741103410720825,1352,1972,Traced,11988.0,-1,middle_feedback,,,,,cb_intrinsic
16904,AVLP259,AVLP259_L,L,acetylcholine,0.9648908376693726,789,4887,Traced,16246.0,1,middle_feedback,,,,,cb_intrinsic
29319,LPLC2,LPLC2_L,L,acetylcholine,0.9453502297401428,264,1543,Traced,11498.0,1,sense_looming,93.367820982538,6.678808496573993,9.759527781924708,6.609283433024586,visual_projection
25524,LPLC2,LPLC2_L,L,acetylcholine,0.957581639289856,283,1602,Traced,11498.0,1,sense_looming,24.85276708293933,10.045579156698366,5.611616943634598,5.986466175524989,visual_projection
39108,LC10a,LC10a_L,L,acetylcholine,0.9608325362205504,279,634,Traced,10573.0,1,sense_pursuit,144.04793088034145,-39.575482457523975,7.308947741562315,4.634940876922188,visual_projection
190501,JO-ED2_a,JO-ED2_a_L,L,acetylcholine,0.9183070659637452,172,124,Traced,,1,sense_hearing,,,,,cb_sensory
10970,GNG301,GNG301_R,R,gaba,0.8750494122505188,2083,5322,Traced,10970.0,-1,middle_feedback,,,,,cb_intrinsic
13895,CB2521,CB2521_R,R,acetylcholine,0.9698525071144104,796,1328,Traced,13895.0,1,middle_feedback,,,,,cb_intrinsic
943174,JO-FV,JO-FV_R,R,acetylcholine,0.9496886730194092,116,69,Traced,,1,sense_hearing,,,,,cb_sensory
11883,PVLP017,PVLP017_R,R,gaba,0.8378078937530518,1589,14404,Traced,11252.0,-1,middle_feedback,,,,,cb_intrinsic
513999,LC6,LC6_L,L,acetylcholine,0.9536119103431702,230,822,Traced,18842.0,1,sense_looming,70.95530145390939,19.750532700493537,11.296321997576497,3.403807838364218,visual_projection
16073,AMMC035,AMMC035_L,L,gaba,0.866940438747406,302,756,Traced,16073.0,-1,middle_feedback,,,,,cb_intrinsic
11303,PLP211,PLP211_L,L,unclear,0.4025682806968689,4103,4888,Traced,11303.0,0,middle_feedback,,,,,cb_intrinsic
128729,JO-EV3,JO-EV3_L,L,acetylcholine,0.8844558596611023,279,163,Traced,,1,sense_hearing,,,,,cb_sensory
89002,JO-FV,JO-FV_R,R,acetylcholine,0.9413945078849792,233,265,Traced,,1,sense_hearing,,,,,cb_sensory
19954,LC4,LC4_R,R,acetylcholine,0.968868613243103,331,2806,Traced,12032.0,1,sense_looming,73.21329606343606,-25.60816213772202,12.9658394131205,6.374557668012721,visual_projection
308077970,JO-EV2,JO-EV2_R,R,acetylcholine,0.8004269003868103,78,48,Traced,,1,sense_hearing,,,,,cb_sensory
17551,LPLC2,LPLC2_R,R,acetylcholine,0.9477360844612122,431,2889,Traced,11498.0,1,sense_looming,-0.7693496734036032,1.5303522335792508,7.088031119797373,11.57808561437274,visual_projection
79679,JO-B1_a,JO-B1_a_L,L,acetylcholine,0.9153417944908142,196,231,Traced,,1,sense_hearing,,,,,cb_sensory
10876,SAD111,SAD111_R,R,gaba,0.8815293312072754,1505,4170,Traced,10876.0,-1,middle_gf,,,,,cb_intrinsic
534040,PVLP015,PVLP015_R,R,glutamate,0.7201674580574036,1554,10128,Traced,11472.0,-1,middle_feedback,,,,,cb_intrinsic
23686,LC10a,LC10a_R,R,acetylcholine,0.9521062970161438,343,1412,Traced,10573.0,1,sense_pursuit,78.48250410618581,-17.608502995994996,7.502406937703954,3.730534890654062,visual_projection
17608,LC4,LC4_L,L,acetylcholine,0.9516361355781556,420,2396,Traced,12032.0,1,sense_looming,140.08410547500992,5.765033731560905,11.825145280405224,13.934478690156842,visual_projection
20338,CB1498,CB1498_R,R,acetylcholine,0.9529410600662231,445,3475,Traced,,1,middle_feedback,,,,,cb_intrinsic
37829,AOTU059,AOTU059_R,R,gaba,0.8267156481742859,273,773,Traced,14368.0,-1,middle_feedback,,,,,cb_intrinsic
10972,AMMC034_b,AMMC034_b_L,L,acetylcholine,0.959284782409668,817,1615,Traced,10972.0,1,middle_feedback,,,,,cb_intrinsic
526286,LC4,LC4_L,L,acetylcholine,0.9684498310089112,309,2036,Traced,12032.0,1,sense_looming,56.72169087897802,-20.67869503565608,10.508872136479775,5.513238175266931,visual_projection
30714,LC6,LC6_R,R,acetylcholine,0.9366915225982666,255,864,Traced,18842.0,1,sense_looming,71.32146230850525,-22.013915638422887,11.23534520699765,3.611610927314201,visual_projection
21804,LC4,LC4_R,R,acetylcholine,0.9639934301376344,361,2351,Traced,12032.0,1,sense_looming,143.47353386845128,-43.829158566803535,11.579642784783635,6.347238325061207,visual_projection
532653,LC10a,LC10a_L,L,acetylcholine,0.9315599799156188,180,631,Traced,10573.0,1,sense_pursuit,129.50154078981484,-3.5537354256045504,8.653044223190168,3.671707918085177,visual_projection
41612,CB1638,CB1638_R,R,acetylcholine,0.969202995300293,175,529,Traced,,1,middle_feedback,,,,,cb_intrinsic
30883,CL323,CL323_R,R,acetylcholine,0.9626721143722534,402,2230,Traced,,1,middle_feedback,,,,,cb_intrinsic
523769,DNa02,DNa02_L,L,acetylcholine,0.9505229592323304,3167,24527,Traced,10360.0,1,out_steer,,,,,descending_neuron
53572,LC10a,LC10a_R,R,acetylcholine,0.9331377744674684,210,761,Traced,10573.0,1,sense_pursuit,57.94774916232844,50.23869739422044,9.157582359136304,3.5854037909315446,visual_projection
49424,LC10a,LC10a_L,L,acetylcholine,0.9412657022476196,145,420,Traced,10573.0,1,sense_pursuit,158.17641116630537,-14.122154128191228,6.558545486030942,4.538941496990958,visual_projection
10879,AVLP076,AVLP076_R,R,gaba,0.7962020635604858,4891,40399,Traced,10494.0,-1,middle_feedback,,,,,cb_intrinsic
10323,CL366,CL366_R,R,gaba,0.8423498272895813,5671,12954,Traced,10184.0,-1,middle_feedback,,,,,cb_intrinsic
11790,CB0397,CB0397_L,L,gaba,0.8599362373352051,640,3401,Traced,11790.0,-1,middle_gf,,,,,cb_intrinsic
33885,LC6,LC6_R,R,acetylcholine,0.9586061239242554,241,816,Traced,18842.0,1,sense_looming,56.43739462671033,-27.03572425563206,12.4489516617396,4.111277856545607,visual_projection
89017,JO-EV2,JO-EV2_L,L,acetylcholine,0.9497140645980836,310,294,Traced,,1,sense_hearing,,,,,cb_sensory
992060213,JO-CA1,JO-CA1_L,L,acetylcholine,0.8583020567893982,75,50,Traced,,1,sense_hearing,,,,,cb_sensory
25067,LC10a,LC10a_R,R,acetylcholine,0.9547226428985596,291,1248,Traced,10573.0,1,sense_pursuit,91.0294360634615,8.140325913414543,7.925707576728702,5.250308721236023,visual_projection
13329,AVLP509,AVLP509_R,R,acetylcholine,0.9460746645927428,1454,8827,Traced,13329.0,1,middle_feedback,,,,,cb_intrinsic
513222,SAD110,SAD110_L,L,gaba,0.7987114191055298,1196,2995,Traced,11242.0,-1,middle_feedback,,,,,cb_intrinsic
33406,LPLC2,LPLC2_L,L,acetylcholine,0.9619091749191284,227,1209,Traced,11498.0,1,sense_looming,114.70707445300218,-1.9124273161428889,9.009628976584027,5.069177851344796,visual_projection
18977,CB4163,CB4163_R,R,gaba,0.8572967648506165,448,1619,Traced,,-1,middle_feedback,,,,,cb_intrinsic
12110,PLP029,PLP029_R,R,glutamate,0.731549084186554,986,7090,Traced,12110.0,-1,middle_feedback,,,,,cb_intrinsic
15367,LT52,LT52_R,R,glutamate,0.7181432843208313,895,4311,Traced,14485.0,-1,middle_feedback,,,,,visual_projection
196804,JO-EV3,JO-EV3_R,R,acetylcholine,0.7614552974700928,423,236,Traced,,1,sense_hearing,,,,,cb_sensory
28044,LPLC2,LPLC2_R,R,acetylcholine,0.9492528438568116,419,2707,Traced,11498.0,1,sense_looming,70.47876300260884,42.8615258990598,7.973130537711802,4.357338785363732,visual_projection
527690,PVLP022,PVLP022_L,L,gaba,0.8496571183204651,594,3861,Traced,11895.0,-1,middle_feedback,,,,,cb_intrinsic
16482,PVLP123,PVLP123_L,L,acetylcholine,0.9522830843925476,778,3841,Traced,16445.0,1,middle_gf,,,,,cb_intrinsic
41089,LC10a,LC10a_R,R,acetylcholine,0.9340665340423584,191,760,Traced,10573.0,1,sense_pursuit,99.87450917939626,31.45904419432182,9.467930991123636,3.3699421763970108,visual_projection
142804,JO-EV6,JO-EV6_L,L,acetylcholine,0.9332942366600036,281,123,Traced,,1,sense_hearing,,,,,cb_sensory
38148,LC6,LC6_R,R,acetylcholine,0.9461771845817566,204,790,Traced,18842.0,1,sense_looming,100.14032783918177,-29.255269467330685,10.442092507671282,3.717309829431662,visual_projection
846271510,JO-A2,JO-A2_L,L,acetylcholine,0.9053944945335388,196,130,Traced,,1,sense_hearing,,,,,cb_sensory
33185,LPLC2,LPLC2_R,R,acetylcholine,0.934814989566803,243,1769,Traced,11498.0,1,sense_looming,92.93337591740983,14.35719604716789,8.817339970842301,5.883141831875204,visual_projection
29686,LC10a,LC10a_L,L,acetylcholine,0.950608253479004,322,1043,Traced,10573.0,1,sense_pursuit,98.11132667127444,-7.8499855063652575,8.813548422570257,3.663006881492627,visual_projection
24283,LC10a,LC10a_R,R,acetylcholine,0.9472423195838928,353,1432,Traced,10573.0,1,sense_pursuit,10.929651271610789,10.564744395992165,6.432823670295657,3.869387277812745,visual_projection
407821,JO-EV5,JO-EV5_R,R,acetylcholine,0.6847235560417175,87,36,Traced,,1,sense_hearing,,,,,cb_sensory
13122,PVLP130,PVLP130_R,R,gaba,0.8695302605628967,1683,6428,Traced,10145.0,-1,middle_feedback,,,,,cb_intrinsic
30789,AN08B009,AN08B009_R,R,acetylcholine,0.9657133221626282,1933,5355,Traced,30789.0,1,middle_feedback,,,,,ascending_neuron
850213452,JO-EV1,JO-EV1_R,R,acetylcholine,0.6610352396965027,65,27,Traced,,1,sense_hearing,,,,,cb_sensory
27579,LC10a,LC10a_R,R,acetylcholine,0.9595677852630616,256,906,Traced,10573.0,1,sense_pursuit,108.45824826752064,-43.04103733282143,6.284821101377844,3.661833086207072,visual_projection
525958,PLP060,PLP060_L,L,gaba,0.8685339093208313,2757,7612,Traced,11440.0,-1,middle_feedback,,,,,cb_intrinsic
16168,GNG343,GNG343_L,M,gaba,0.8304168581962585,517,2583,Traced,16168.0,-1,middle_feedback,,,,,cb_intrinsic
19563,AOTU016_c,AOTU016_c_R,R,acetylcholine,0.9538094997406006,464,2928,Traced,10850.0,1,middle_feedback,,,,,cb_intrinsic
10580,DNp70,DNp70(CL305)_L,L,acetylcholine,0.93458092212677,2489,10985,Traced,10580.0,1,middle_gf,,,,,descending_neuron
40841,LPLC2,LPLC2_L,L,acetylcholine,0.9587229490280152,242,1363,Traced,11498.0,1,sense_looming,111.55315461941748,-7.547895851383743,10.278495542554566,5.075826981039465,visual_projection
71352,JO-EV2,JO-EV2_L,L,acetylcholine,0.9747326970100404,164,287,Traced,,1,sense_hearing,,,,,cb_sensory
10153,SAD051_b,SAD051_b_L,L,acetylcholine,0.9578713774681092,1093,1658,Traced,10153.0,1,middle_feedback,,,,,cb_intrinsic
520792,WED104,WED104_L,L,gaba,0.8481925129890442,2376,7343,Traced,520792.0,-1,middle_feedback,,,,,cb_intrinsic
35825,LC6,LC6_R,R,acetylcholine,0.9491892457008362,228,904,Traced,18842.0,1,sense_looming,25.483006773127897,26.98642657610944,10.269403453857445,4.033085134031682,visual_projection
10975,DNa03,DNa03_R,R,acetylcholine,0.959835410118103,2215,16796,Traced,10975.0,1,out_steer,,,,,descending_neuron
27566,LPLC2,LPLC2_R,R,acetylcholine,0.956831157207489,271,1682,Traced,11498.0,1,sense_looming,119.75815182003667,-19.50250180226441,9.356849280765845,4.402593116572298,visual_projection
62868,JO-EV3,JO-EV3_L,L,acetylcholine,0.9101158380508424,345,254,Traced,,1,sense_hearing,,,,,cb_sensory
17059,LPLC2,LPLC2_L,L,acetylcholine,0.954505741596222,336,1843,Traced,11498.0,1,sense_looming,25.38543839388732,-16.361718520068614,10.124272697455922,6.594005849272641,visual_projection
519624,DNa03,DNa03_L,L,acetylcholine,0.9558636546134948,2367,18053,Traced,10975.0,1,out_steer,,,,,descending_neuron
521463,CB3201,CB3201_L,L,acetylcholine,0.9591429233551024,311,721,Traced,,1,middle_feedback,,,,,cb_intrinsic
554017,JO-CA1,JO-CA1_L,L,acetylcholine,0.8991342186927795,77,54,Traced,,1,sense_hearing,,,,,cb_sensory
60207,LC10a,LC10a_L,L,acetylcholine,0.9568741917610168,163,590,Traced,10573.0,1,sense_pursuit,140.35438306843164,-10.63654743533391,10.716121862377902,4.330758771699053,visual_projection
37941,LC6,LC6_R,R,acetylcholine,0.9382187128067015,186,783,Traced,18842.0,1,sense_looming,67.02283779565765,-42.93718656843333,8.758046928078128,5.779608282537519,visual_projection
10109,VES041,VES041_L,L,gaba,0.8583959341049194,3984,20744,Traced,10109.0,-1,middle_feedback,,,,,cb_intrinsic
24338,LC4,LC4_R,R,acetylcholine,0.972049593925476,362,2783,Traced,12032.0,1,sense_looming,103.60359741160848,-0.0254753787238897,12.64859142597864,7.948458466871257,visual_projection
16931,SAD073,SAD073_R,R,gaba,0.8019707202911377,715,3044,Traced,11205.0,-1,middle_feedback,,,,,cb_intrinsic
12130,LC10a,LC10a_L,L,acetylcholine,0.9569870829582214,328,1282,Traced,10573.0,1,sense_pursuit,22.824650632049263,18.15650005794636,5.916107619035922,4.138833356184459,visual_projection
929401,JO-ED2_b,JO-ED2_b_L,L,acetylcholine,0.9205384254455566,358,186,Traced,,1,sense_hearing,,,,,cb_sensory
11252,PVLP017,PVLP017_L,L,gaba,0.8456646203994751,1675,12623,Traced,11252.0,-1,middle_feedback,,,,,cb_intrinsic
13114,SAD064,SAD064_R,R,acetylcholine,0.9013185501098632,528,1619,Traced,13114.0,1,middle_gf,,,,,cb_intrinsic
49513,JO-ED2_a,JO-ED2_a_L,L,acetylcholine,0.8996433615684509,284,141,Traced,,1,sense_hearing,,,,,cb_sensory
139381,CB4163,CB4163_L,L,gaba,0.8238499760627747,326,862,Traced,,-1,middle_feedback,,,,,cb_intrinsic
34051,LPLC2,LPLC2_L,L,acetylcholine,0.9625527858734132,239,1203,Traced,11498.0,1,sense_looming,128.78341547535064,-2.373158535166389,8.152223268523628,5.947192203824198,visual_projection
21944,AMMC035,AMMC035_L,L,gaba,0.7693818211555481,277,508,Traced,16073.0,-1,middle_feedback,,,,,cb_intrinsic
48198,LC10a,LC10a_L,L,acetylcholine,0.934980571269989,122,333,Traced,10573.0,1,sense_pursuit,34.52327280427387,-45.31984517802553,5.671632087165629,3.586532096623439,visual_projection
76637,CL323,CL323_R,R,acetylcholine,0.9622268080711364,388,2202,Traced,,1,middle_feedback,,,,,cb_intrinsic
517372,LC6,LC6_L,L,acetylcholine,0.9485148191452026,185,623,Traced,18842.0,1,sense_looming,124.33344695088786,-33.04973518004536,11.686087832644889,3.606997755638623,visual_projection
923453,JO-EV3,JO-EV3_R,R,acetylcholine,0.8082998394966125,99,54,Traced,,1,sense_hearing,,,,,cb_sensory
10407,AVLP609,AVLP609_L,L,gaba,0.8275111317634583,1448,2317,Traced,10407.0,-1,middle_feedback,,,,,cb_intrinsic
34756,LC10a,LC10a_R,R,acetylcholine,0.9409167170524596,201,554,Traced,10573.0,1,sense_pursuit,104.19660286605423,-54.83481185877773,8.08255706285474,2.742474886160971,visual_projection
121617,JO-B1_c,JO-B1_c_L,L,acetylcholine,0.9028552174568176,162,218,Traced,,1,sense_hearing,,,,,cb_sensory
59586,LC6,LC6_L,L,acetylcholine,0.94573312997818,201,479,Traced,18842.0,1,sense_looming,41.21704605776358,42.335856214335394,12.604095217223986,4.340562435104824,visual_projection
15225,WED072,WED072_L,L,acetylcholine,0.9680497646331788,726,3122,Traced,15225.0,1,middle_feedback,,,,,cb_intrinsic
524899,LC4,LC4_L,L,acetylcholine,0.9698473811149596,397,2406,Traced,12032.0,1,sense_looming,21.853140413383016,38.21220623409431,11.60206127415928,7.0168169820254,visual_projection
22966,LC4,LC4_R,R,acetylcholine,0.9526944756507874,352,2599,Traced,12032.0,1,sense_looming,131.05396526906372,6.394768336108669,10.34896678615571,9.596338528598842,visual_projection
76746,CB1948,CB1948_L,L,gaba,0.8591642379760742,398,2185,Traced,18167.0,-1,middle_feedback,,,,,cb_intrinsic
514480,CB1065,CB1065_L,L,gaba,0.8471835255622864,353,596,Traced,,-1,middle_feedback,,,,,cb_intrinsic
322016,JO-CA1,JO-CA1_L,L,acetylcholine,0.9516207575798036,84,115,Traced,,1,sense_hearing,,,,,cb_sensory
25136,LPLC2,LPLC2_L,L,acetylcholine,0.9632587432861328,254,1356,Traced,11498.0,1,sense_looming,142.7912124517845,0.7330130699651889,8.107732442222918,4.9843546341819165,visual_projection
12135,GNG100,GNG100_L,L,acetylcholine,0.9658011198043824,1521,5696,Traced,10920.0,1,middle_feedback,,,,,cb_intrinsic
23868,LC10a,LC10a_R,R,acetylcholine,0.9551962018013,298,1016,Traced,10573.0,1,sense_pursuit,85.06394658018019,-38.07372630083371,6.550005532844791,3.9111788464936392,visual_projection
11208,IB018,IB018_L,L,acetylcholine,0.9413436055183412,2006,17777,Traced,11208.0,1,middle_feedback,,,,,cb_intrinsic
944699,JO-CA2,JO-CA2_L,L,acetylcholine,0.9306809306144714,176,243,Traced,,1,sense_hearing,,,,,cb_sensory
149913,JO-B4_b,JO-B4_b_L,L,acetylcholine,0.9747326970100404,111,106,Traced,,1,sense_hearing,,,,,cb_sensory
30398,CL268,CL268_R,R,acetylcholine,0.9682124853134156,447,2169,Traced,23399.0,1,middle_feedback,,,,,cb_intrinsic
20509,CB2316,CB2316_L,L,acetylcholine,0.950242817401886,554,2434,Traced,19572.0,1,middle_feedback,,,,,cb_intrinsic
1031549774,JO-unclear,JO-unclear_L,L,acetylcholine,0.9409286975860596,86,40,Traced,,1,sense_hearing,,,,,cb_sensory
25369,LC10a,LC10a_R,R,acetylcholine,0.9627878665924072,325,1362,Traced,10573.0,1,sense_pursuit,14.262688840771382,24.73921404807099,6.380009467105753,3.318299268773279,visual_projection
32782,LC6,LC6_R,R,acetylcholine,0.9521844387054444,258,1118,Traced,18842.0,1,sense_looming,75.07652472471864,-10.575411744537044,9.671312938147231,3.4644493263032965,visual_projection
11300,LT82b,LT82b_L,L,acetylcholine,0.947673499584198,1040,5562,Traced,11300.0,1,middle_feedback,,,,,visual_projection
12143,AN01A055,AN01A055_L,L,acetylcholine,0.9480969309806824,2550,5614,Traced,12143.0,1,middle_feedback,,,,,ascending_neuron
518731,LPLC2,LPLC2_L,L,acetylcholine,0.9570130705833436,438,2161,Traced,11498.0,1,sense_looming,37.06913178552378,46.90386596242351,9.981653328761697,4.804629908367021,visual_projection
80085,CL022_b,CL022_b_L,L,acetylcholine,0.9612228274345398,861,2767,Traced,13919.0,1,middle_feedback,,,,,cb_intrinsic
22194,LC4,LC4_R,R,acetylcholine,0.9692904949188232,356,2564,Traced,12032.0,1,sense_looming,109.11150966313294,-11.877598546357971,14.618030820100383,5.959705486239096,visual_projection
19350,LC10a,LC10a_L,L,acetylcholine,0.9459476470947266,270,965,Traced,10573.0,1,sense_pursuit,81.84302239804894,32.476335538548994,6.870307967370686,3.5489447208998013,visual_projection
16568,WED207,WED207_L,L,gaba,0.7587832808494568,413,1259,Traced,11811.0,-1,middle_feedback,,,,,cb_intrinsic
17478,LC4,LC4_L,L,acetylcholine,0.9728713631629944,521,3611,Traced,12032.0,1,sense_looming,-6.081672388408981,14.16270964419502,7.045402032330851,10.217574625942351,visual_projection
121558,AOTU018,AOTU018_L,L,acetylcholine,0.9369125366210938,231,884,Traced,83962.0,1,middle_feedback,,,,,cb_intrinsic
20808,LC4,LC4_R,R,acetylcholine,0.9688852429389954,332,2621,Traced,12032.0,1,sense_looming,84.87926704028652,-2.478823271303952,14.331028940617928,5.965192528849017,visual_projection
11561,SAD112_a,SAD112_a_L,L,gaba,0.8460219502449036,1339,5236,Traced,10374.0,-1,middle_feedback,,,,,cb_intrinsic
23002,LC10a,LC10a_R,R,acetylcholine,0.94893479347229,376,1593,Traced,10573.0,1,sense_pursuit,20.920176033112234,2.099580550208181,7.242943758628244,3.914165805866752,visual_projection
16340,AOTU059,AOTU059_R,R,gaba,0.8184966444969177,362,1152,Traced,14368.0,-1,middle_feedback,,,,,cb_intrinsic
10360,DNa02,DNa02_R,R,acetylcholine,0.942025065422058,3086,24830,Traced,10360.0,1,out_steer,,,,,descending_neuron
556303,CB1498,CB1498_L,L,acetylcholine,0.950022280216217,471,3254,Traced,,1,middle_feedback,,,,,cb_intrinsic
42265,LC6,LC6_R,R,acetylcholine,0.9119493961334229,201,720,Traced,18842.0,1,sense_looming,99.92971373212168,22.55890651915404,10.940428240457178,3.634022704614437,visual_projection
24268,LPLC2,LPLC2_R,R,acetylcholine,0.954882800579071,391,2213,Traced,11498.0,1,sense_looming,106.32477473970218,43.57048304345365,8.782308570450098,3.43223597569619,visual_projection
61545,LC10a,LC10a_L,L,acetylcholine,0.9376600980758668,157,417,Traced,10573.0,1,sense_pursuit,0.0097916126691046,28.560444525574496,12.16782485637034,10.042442187427604,visual_projection
515799,LAL029_e,LAL029_e_L,L,acetylcholine,0.942005217075348,563,3125,Traced,15699.0,1,middle_feedback,,,,,cb_intrinsic
32614,LC10a,LC10a_R,R,acetylcholine,0.9551771879196168,248,987,Traced,10573.0,1,sense_pursuit,-1.2480945077130698,-6.02249067341608,3.992648029283905,4.795109106477633,visual_projection
118359732,JO-CM,JO-CM_L,L,acetylcholine,0.796438992023468,136,45,Traced,,1,sense_hearing,,,,,cb_sensory
10775,AN01A089,AN01A089_R,R,acetylcholine,0.9560564756393432,2859,8852,Traced,10775.0,1,middle_feedback,,,,,ascending_neuron
24523,LC4,LC4_L,L,acetylcholine,0.9674370884895324,399,2517,Traced,12032.0,1,sense_looming,50.66347790206282,-27.71721675074764,13.24400084028378,6.390933680844236,visual_projection
930760,JO-A2,JO-A2_L,L,acetylcholine,0.96007239818573,397,228,Traced,,1,sense_hearing,,,,,cb_sensory
954303,JO-CL,JO-CL_R,R,acetylcholine,0.7891319394111633,68,50,Traced,,1,sense_hearing,,,,,cb_sensory
518544,LC4,LC4_L,L,acetylcholine,0.953577756881714,229,1548,Traced,12032.0,1,sense_looming,52.60423599641668,10.113195314833163,10.880743406249431,5.952637756888643,visual_projection
131817457,JO-EV3,JO-EV3_R,R,acetylcholine,0.786170244216919,252,147,Traced,,1,sense_hearing,,,,,cb_sensory
14411,AOTU009,AOTU009_R,R,glutamate,0.7534455060958862,807,6355,Traced,14411.0,-1,middle_feedback,,,,,cb_intrinsic
247028,JO-FV,JO-FV_L,L,acetylcholine,0.9747326970100404,105,92,Traced,,1,sense_hearing,,,,,cb_sensory
122731,JO-EV3,JO-EV3_R,R,acetylcholine,0.8271381258964539,197,99,Traced,,1,sense_hearing,,,,,cb_sensory
162166,JO-FV,JO-FV_L,L,acetylcholine,0.9353957176208496,123,122,Traced,,1,sense_hearing,,,,,cb_sensory
14030,LPLC2,LPLC2_L,L,acetylcholine,0.955331325531006,300,1461,Traced,11498.0,1,sense_looming,43.27169419262841,-33.578036747982935,11.20663303312467,4.907105854717753,visual_projection
10070,AOTU019,AOTU019_L,L,gaba,0.8259292244911194,2836,30714,Traced,10005.0,-1,middle_steer,,,,,cb_intrinsic
82720,WED117,WED117_L,L,acetylcholine,0.9601441621780396,797,1788,Traced,20435.0,1,middle_feedback,,,,,cb_intrinsic
17065,CB3513,CB3513_R,R,gaba,0.8516045808792114,832,3823,Traced,,-1,middle_feedback,,,,,cb_intrinsic
97027,JO-B1_c,JO-B1_c_L,L,acetylcholine,0.9169304370880128,151,205,Traced,,1,sense_hearing,,,,,cb_sensory
10636,AOTU005,AOTU005_L,L,acetylcholine,0.9521907567977904,818,5061,Traced,10636.0,1,middle_feedback,,,,,cb_intrinsic
21769,LPLC2,LPLC2_R,R,acetylcholine,0.9479826092720032,399,3002,Traced,11498.0,1,sense_looming,75.47585775308069,-27.961941125769968,10.111450062662216,4.607216902849042,visual_projection
20471,LPLC2,LPLC2_R,R,acetylcholine,0.8695915341377258,471,2487,Traced,11498.0,1,sense_looming,71.87656176194442,50.404846561106666,10.638194234970028,4.378381438955183,visual_projection
523875,CB0397,CB0397_R,R,gaba,0.8727145195007324,670,3548,Traced,11790.0,-1,middle_feedback,,,,,cb_intrinsic
522310,ANXXX027,ANXXX027_R,R,acetylcholine,0.9352620840072632,1598,18140,Traced,12868.0,1,middle_feedback,,,,,ascending_neuron
18739,CB1852,CB1852_L,L,acetylcholine,0.968062460422516,874,3137,Traced,,1,middle_feedback,,,,,cb_intrinsic
113345,JO-EV3,JO-EV3_L,L,acetylcholine,0.8925731778144836,342,234,Traced,,1,sense_hearing,,,,,cb_sensory
28259,LC10a,LC10a_R,R,acetylcholine,0.947215974330902,282,1234,Traced,10573.0,1,sense_pursuit,5.233150131608877,17.196492285274047,6.412247996591632,4.287414431854433,visual_projection
11250,AVLP501,AVLP501_R,R,acetylcholine,0.9650596380233764,2604,10817,Traced,10348.0,1,middle_feedback,,,,,cb_intrinsic
16263,WED116,WED116_R,R,acetylcholine,0.9667131304740906,362,3370,Traced,10728.0,1,middle_feedback,,,,,cb_intrinsic
12275,PVLP151,PVLP151_L,L,acetylcholine,0.8991029858589172,1436,9259,Traced,10173.0,1,middle_gf,,,,,cb_intrinsic
45034,LC6,LC6_R,R,acetylcholine,0.951367437839508,166,543,Traced,18842.0,1,sense_looming,63.1048679864264,-41.59497034232315,10.338842641724195,3.1334620648516496,visual_projection
19589,LPLC2,LPLC2_R,R,acetylcholine,0.95453280210495,384,2587,Traced,11498.0,1,sense_looming,5.136695709265734,2.2756085436730515,7.177819177793962,8.982322264229333,visual_projection
10868,LAL083,LAL083_R,R,glutamate,0.7331057786941528,1092,7766,Traced,10868.0,-1,middle_feedback,,,,,cb_intrinsic
30025,LC10a,LC10a_L,L,acetylcholine,0.9662858843803406,230,664,Traced,10573.0,1,sense_pursuit,126.07182621802023,-32.88120164987993,5.967370552943445,3.619258722326271,visual_projection
30512,LPLC2,LPLC2_L,L,acetylcholine,0.9707668423652648,245,1322,Traced,11498.0,1,sense_looming,142.972295016422,-7.433493780653031,9.253694418167097,5.977435827985269,visual_projection
10875,AOTU042,AOTU042_L,L,gaba,0.86182701587677,3663,10899,Traced,10212.0,-1,middle_feedback,,,,,cb_intrinsic
27468,LC10a,LC10a_L,L,acetylcholine,0.9205116629600524,197,715,Traced,10573.0,1,sense_pursuit,140.72241610549784,1.8680600459273864,9.147871553939478,4.768101353299317,visual_projection
99043,LAL028,LAL028_L,L,acetylcholine,0.9611140489578248,428,2760,Traced,19554.0,1,middle_steer,,,,,cb_intrinsic
25088,LC10a,LC10a_R,R,acetylcholine,0.9520236253738404,256,962,Traced,10573.0,1,sense_pursuit,56.56193070984418,-43.07577507182617,4.629503286214472,3.019415540553545,visual_projection
15815,PVLP021,PVLP021_R,R,gaba,0.8707544207572937,790,3562,Traced,15815.0,-1,middle_feedback,,,,,cb_intrinsic
23328,LC10a,LC10a_L,L,acetylcholine,0.9647632241249084,292,927,Traced,10573.0,1,sense_pursuit,84.49755199863598,-38.705775971160605,6.107331839115188,3.730012106713344,visual_projection
12242,SAD055,SAD055_R,R,acetylcholine,0.9592939615249634,1068,1616,Traced,12237.0,1,middle_feedback,,,,,cb_intrinsic
19550,LC4,LC4_R,R,acetylcholine,0.9663551449775696,347,2957,Traced,12032.0,1,sense_looming,90.94852856657177,-44.64931608688968,12.708865267587166,5.980708871719984,visual_projection
11133,DNp70,DNp70(CL305)_R,R,acetylcholine,0.9351963996887208,2184,11695,Traced,10580.0,1,middle_gf,,,,,descending_neuron
33048,LC10a,LC10a_R,R,acetylcholine,0.944875419139862,260,1097,Traced,10573.0,1,sense_pursuit,64.63459955539139,43.17340165137236,8.559359796286897,3.945590757481213,visual_projection
34655,LPLC2,LPLC2_L,L,acetylcholine,0.9397874474525452,250,1487,Traced,11498.0,1,sense_looming,108.36348050006391,25.405119941068065,7.058199859107061,5.627634659596658,visual_projection
34681,LPLC2,LPLC2_R,R,acetylcholine,0.9618350267410278,226,1474,Traced,11498.0,1,sense_looming,120.7440669628374,-1.872295737464718,9.753647467331716,4.615948314907094,visual_projection
10684,WED185,WED185(hb2126870445)_M,M,gaba,0.804222583770752,1972,6546,Traced,,-1,middle_feedback,,,,,cb_intrinsic
82439,LC10a,LC10a_L,L,acetylcholine,0.8787123560905457,91,274,Traced,10573.0,1,sense_pursuit,-8.620737889099678,26.890400646353584,3.706123941632909,2.709718419902596,visual_projection
803449,IN00A048,IN00A048_M,M,gaba,0.85898357629776,374,1489,Traced,,-1,middle_feedback,,,,,vnc_intrinsic
195446,JO-B2,JO-B2_L,L,acetylcholine,0.9314036965370178,112,72,Traced,,1,sense_hearing,,,,,cb_sensory
106954767,JO-FV,JO-FV_R,L,acetylcholine,0.9553444385528564,100,66,Traced,,1,sense_hearing,,,,,cb_sensory
10850,AOTU016_c,AOTU016_c_R,R,acetylcholine,0.9511478543281556,453,3215,Traced,10850.0,1,middle_feedback,,,,,cb_intrinsic
144457,JO-mz,JO-mz_L,L,acetylcholine,0.9283236861228944,230,115,Traced,,1,sense_hearing,,,,,cb_sensory
28945,LC4,LC4_R,R,acetylcholine,0.9280273914337158,353,2432,Traced,12032.0,1,sense_looming,89.30094304626455,38.51071146761876,12.138868570989729,5.116527985701587,visual_projection
188780,JO-FD2,JO-FD2_L,L,acetylcholine,0.95695823431015,109,106,Traced,,1,sense_hearing,,,,,cb_sensory
17022,CB3692,CB3692_L,L,acetylcholine,0.945682942867279,568,1876,Traced,15352.0,1,middle_feedback,,,,,cb_intrinsic
512121,CB1280,CB1280_R,R,acetylcholine,0.9624366760253906,789,1225,Traced,,1,middle_gf,,,,,cb_intrinsic
526031,PVLP021,PVLP021_L,L,gaba,0.847310483455658,876,3514,Traced,15815.0,-1,middle_feedback,,,,,cb_intrinsic
518439,LC4,LC4_L,L,acetylcholine,0.9576842188835144,455,2807,Traced,12032.0,1,sense_looming,95.70028543959336,47.03900447175839,16.98430958094948,7.773236473101561,visual_projection
126711,LC6,LC6_L,L,acetylcholine,0.9032283425331116,163,432,Traced,18842.0,1,sense_looming,91.98592209533555,21.16343429866033,9.084529775746534,3.74497585015,visual_projection
28160,CL001,CL001_L,L,glutamate,0.7992501854896545,2692,16659,Traced,10252.0,-1,middle_feedback,,,,,cb_intrinsic
22989,LC10a,LC10a_R,R,acetylcholine,0.958837628364563,366,1404,Traced,10573.0,1,sense_pursuit,62.71465924977837,-23.917824613959297,6.7292109916074345,4.206328365060749,visual_projection
92035,JO-EV3,JO-EV3_L,L,acetylcholine,0.944883108139038,227,189,Traced,,1,sense_hearing,,,,,cb_sensory
516332,JO-DA,JO-DA_L,L,acetylcholine,0.8900744318962097,149,133,Traced,,1,sense_hearing,,,,,cb_sensory
42619,JO-B1_a,JO-B1_a_L,L,acetylcholine,0.9242889881134032,173,184,Traced,,1,sense_hearing,,,,,cb_sensory
69463,LC10a,LC10a_R,R,acetylcholine,0.9032216668128968,95,377,Traced,10573.0,1,sense_pursuit,36.86291644433862,-43.388556086102255,4.736989765155236,2.7415780301148165,visual_projection
32597,LC4,LC4_L,L,acetylcholine,0.9583742022514344,356,2015,Traced,12032.0,1,sense_looming,87.54836344088895,45.91064272476244,11.91901734975004,4.737326894896759,visual_projection
11397,SAD013,SAD013_R,R,gaba,0.8595892786979675,1907,9214,Traced,,-1,middle_gf,,,,,cb_intrinsic
23421,LC10a,LC10a_R,R,acetylcholine,0.9498395323753356,312,1408,Traced,10573.0,1,sense_pursuit,85.19427355618176,-6.337937202492434,8.966655548429557,3.5223215438275632,visual_projection
38881,LC6,LC6_R,R,acetylcholine,0.9552240371704102,199,745,Traced,18842.0,1,sense_looming,82.89887688232683,-35.15333984601155,10.908326674315486,4.129552950171587,visual_projection
10620,AN08B007,AN08B007_L,L,gaba,0.8738890886306763,2157,4973,Traced,10620.0,-1,middle_feedback,,,,,ascending_neuron
18010,SAD001,SAD001_L,L,acetylcholine,0.9264866709709167,402,1160,Traced,10743.0,1,middle_feedback,,,,,cb_intrinsic
11720,CL322,CL322_L,L,acetylcholine,0.9643636345863342,1030,4925,Traced,11720.0,1,middle_feedback,,,,,cb_intrinsic
19842,LPLC2,LPLC2_R,R,acetylcholine,0.9716479778289796,315,2015,Traced,11498.0,1,sense_looming,50.33365527399127,-40.80304188141123,11.167064587766806,4.973223641255984,visual_projection
519772,CL203,CL203_R,R,acetylcholine,0.9667781591415404,1219,2922,Traced,47726.0,1,middle_feedback,,,,,cb_intrinsic
27010,CB0956,CB0956_L,L,acetylcholine,0.929501175880432,579,1230,Traced,17357.0,1,middle_feedback,,,,,cb_intrinsic
54638,LC10a,LC10a_R,R,acetylcholine,0.8725114464759827,133,612,Traced,10573.0,1,sense_pursuit,116.38579011541762,39.97433077028022,10.26341409509356,6.450142905916033,visual_projection
24482,LC10a,LC10a_R,R,acetylcholine,0.9286938905715942,337,1333,Traced,10573.0,1,sense_pursuit,15.316046274102348,-9.256583639441168,6.504698397180711,3.565842560144135,visual_projection
23599,LC10a,LC10a_L,L,acetylcholine,0.9587520360946656,304,1084,Traced,10573.0,1,sense_pursuit,36.98096621062356,-27.445629192857403,4.81107508103018,3.4177288968655244,visual_projection
80492,JO-EV1,JO-EV1_L,L,acetylcholine,0.9489529132843018,301,200,Traced,,1,sense_hearing,,,,,cb_sensory
102413,AOTU059,AOTU059_L,L,gaba,0.8055600523948669,251,496,Traced,43873.0,-1,middle_feedback,,,,,cb_intrinsic
11927,PVLP122,PVLP122_L,L,acetylcholine,0.9676638841629028,1510,9480,Traced,11927.0,1,middle_gf,,,,,cb_intrinsic
28188,LPLC2,LPLC2_L,L,acetylcholine,0.9527599811553956,309,1619,Traced,11498.0,1,sense_looming,56.98072832057264,20.80478490118216,5.555811902802782,4.572236011932142,visual_projection
557990,LC10a,LC10a_L,L,acetylcholine,0.9415865540504456,293,934,Traced,10573.0,1,sense_pursuit,87.17331110020875,-32.97093506671038,6.447463786111102,3.845285398044311,visual_projection
68750,JO-ED2_b,JO-ED2_b_L,L,acetylcholine,0.9133142232894896,363,205,Traced,,1,sense_hearing,,,,,cb_sensory
25400,LC10a,LC10a_R,R,acetylcholine,0.9318434596061708,294,1122,Traced,10573.0,1,sense_pursuit,83.99867740686648,-33.27233836010996,7.157143203181862,2.742705204520404,visual_projection
13830,LT52,LT52_R,R,glutamate,0.7724868655204773,1081,7997,Traced,11913.0,-1,middle_feedback,,,,,visual_projection
20269,LPLC2,LPLC2_R,R,acetylcholine,0.952946126461029,401,2674,Traced,11498.0,1,sense_looming,47.6956455919536,41.35725222690255,8.105416869529726,4.032907175733978,visual_projection
469098413,JO-A4,JO-A4_L,L,acetylcholine,0.7344564199447632,258,67,Traced,,1,sense_hearing,,,,,cb_sensory
515900,LC4,LC4_L,L,acetylcholine,0.969404637813568,546,3595,Traced,12032.0,1,sense_looming,56.82785970798673,-47.45131540874097,19.110715423308807,5.974988412457718,visual_projection
26373,LC10a,LC10a_R,R,acetylcholine,0.950534462928772,281,973,Traced,10573.0,1,sense_pursuit,128.40956817449566,-26.677444197887773,9.444116296671671,3.7433987646822215,visual_projection
10315,SAD073,SAD073_R,R,gaba,0.8526228070259094,839,3241,Traced,10315.0,-1,middle_feedback,,,,,cb_intrinsic
38065,LC4,LC4_R,R,acetylcholine,0.9571178555488586,275,1893,Traced,12032.0,1,sense_looming,104.13158496192632,27.92427534363096,10.78385514643515,6.659945328936067,visual_projection
21026,CB2371,CB2371_L,L,acetylcholine,0.9692448377609252,529,2172,Traced,21026.0,1,middle_feedback,,,,,cb_intrinsic
552568,JO-CM,JO-CM_L,L,acetylcholine,0.92933589220047,278,90,Traced,,1,sense_hearing,,,,,cb_sensory
46034,LC10a,LC10a_R,R,acetylcholine,0.8963060975074768,161,614,Traced,10573.0,1,sense_pursuit,115.86570535332302,23.14560354807473,9.28991984690067,3.879190443001916,visual_projection
10728,WED116,WED116_L,L,acetylcholine,0.8278126120567322,416,8467,Traced,10728.0,1,middle_gf,,,,,cb_intrinsic
179637,JO-FV,JO-FV_L,L,acetylcholine,0.9590766429901124,124,100,Traced,,1,sense_hearing,,,,,cb_sensory
10584,DNp06,DNp06_R,R,acetylcholine,0.9496455192565918,2823,20242,Traced,10228.0,1,out_escape,,,,,descending_neuron
17860,LC4,LC4_R,R,acetylcholine,0.9607147574424744,415,2928,Traced,12032.0,1,sense_looming,45.30356087372535,46.52046751921671,12.147396166871411,5.956272967198246,visual_projection
24545,LC10a,LC10a_R,R,acetylcholine,0.9267817735671996,324,1146,Traced,10573.0,1,sense_pursuit,119.37884765410284,-34.745447150474995,7.944004922670194,3.799769030672163,visual_projection
19659,LC10a,LC10a_L,L,acetylcholine,0.9448246359825134,227,701,Traced,10573.0,1,sense_pursuit,48.29515274485548,46.254571518698256,8.636227045276263,3.393179748607684,visual_projection
11943,LT52,LT52_L,L,glutamate,0.790611207485199,1136,7242,Traced,11913.0,-1,middle_feedback,,,,,visual_projection
521190,DNae007,DNae007(VES009)_L,L,acetylcholine,0.9504536986351012,1958,9949,Traced,11610.0,1,middle_feedback,,,,,descending_neuron
170014,JO-FV,JO-FV_L,L,acetylcholine,0.9177584052085876,221,123,Traced,,1,sense_hearing,,,,,cb_sensory
514764,PVLP141,PVLP141_R,R,acetylcholine,0.9472825527191162,1415,8325,Traced,10373.0,1,middle_feedback,,,,,cb_intrinsic
20967,LC4,LC4_L,L,acetylcholine,0.9694480299949646,367,2495,Traced,12032.0,1,sense_looming,27.338832379174235,-21.543072593065645,10.84129680707561,7.120518237161028,visual_projection
10778,CL286,CL286_L,L,acetylcholine,0.9557358622550964,2551,7249,Traced,,1,middle_feedback,,,,,cb_intrinsic
12972,GNG301,GNG301_L,L,gaba,0.8733659982681274,2006,5420,Traced,10970.0,-1,middle_feedback,,,,,cb_intrinsic
76174,LC10a,LC10a_R,R,acetylcholine,0.8988080620765686,115,433,Traced,10573.0,1,sense_pursuit,-3.653525742045512,25.53064763933408,8.409848472801619,7.295225802585707,visual_projection
934617,JO-ED2_a,JO-ED2_a_R,R,acetylcholine,0.5185005068778992,166,116,Traced,,1,sense_hearing,,,,,cb_sensory
31801,LC10a,LC10a_L,L,acetylcholine,0.9504662156105042,320,954,Traced,10573.0,1,sense_pursuit,6.087259632260782,4.55384138085924,4.136024180738849,3.993789675561494,visual_projection
82361,JO-B1_a,JO-B1_a_L,L,acetylcholine,0.904244601726532,179,244,Traced,,1,sense_hearing,,,,,cb_sensory
23446,CB3201,CB3201_L,L,acetylcholine,0.9551381468772888,396,1446,Traced,,1,middle_feedback,,,,,cb_intrinsic
29598,LPLC2,LPLC2_R,R,acetylcholine,0.9615857601165771,295,1932,Traced,11498.0,1,sense_looming,154.8990565787489,-8.123517039858946,8.029707072961179,5.883634401961548,visual_projection
19034,LPLC2,LPLC2_R,R,acetylcholine,0.955702543258667,408,3247,Traced,11498.0,1,sense_looming,29.612747229035307,7.841798909734081,7.312270219209383,6.02481518713204,visual_projection
928855,JO-A2,JO-A2_L,L,acetylcholine,0.8633095622062683,235,168,Traced,,1,sense_hearing,,,,,cb_sensory
13084,PS232,PS232_L,L,acetylcholine,0.946640133857727,1244,4284,Traced,12830.0,1,middle_feedback,,,,,cb_intrinsic
21426,LC10a,LC10a_R,R,acetylcholine,0.9501989483833312,356,1548,Traced,10573.0,1,sense_pursuit,96.3109462936552,-22.34617195127918,8.240179093860094,4.489316936124794,visual_projection
49085,LC6,LC6_L,L,acetylcholine,0.9429406523704528,183,554,Traced,18842.0,1,sense_looming,74.43697104642318,-47.633934156059496,10.74825205134572,3.2443249792607647,visual_projection
18146,AOTU026,AOTU026_R,R,acetylcholine,0.9601782560348512,933,5281,Traced,18146.0,1,middle_feedback,,,,,cb_intrinsic
512673,CL256,CL256_L,L,acetylcholine,0.9425219893455504,1594,5251,Traced,12984.0,1,middle_feedback,,,,,cb_intrinsic
532627,JO-EV3,JO-EV3_L,L,acetylcholine,0.8750308752059937,389,189,Traced,,1,sense_hearing,,,,,cb_sensory
491190,JO-A2,JO-A2_L,L,acetylcholine,0.8110347986221313,83,38,Traced,,1,sense_hearing,,,,,cb_sensory
527699,SAD064,SAD064_R,R,acetylcholine,0.9361320734024048,402,1808,Traced,17375.0,1,middle_gf,,,,,cb_intrinsic
519389,AVLP452,AVLP452_L,L,acetylcholine,0.9067227840423584,371,3333,Traced,85544.0,1,middle_gf,,,,,cb_intrinsic
28390,LC10a,LC10a_R,R,acetylcholine,0.9345646500587464,290,1296,Traced,10573.0,1,sense_pursuit,47.55816795096942,36.67732554684257,7.640642229379865,3.8385583919472905,visual_projection
137431,JO-mz,JO-mz_L,L,acetylcholine,0.8607217669487,298,170,Traced,,1,sense_hearing,,,,,cb_sensory
33137,LC4,LC4_L,L,acetylcholine,0.96282297372818,326,1947,Traced,12032.0,1,sense_looming,91.55212827087072,-36.50941566648146,13.365868013478307,4.79920187918693,visual_projection
87778,JO-CL,JO-CL_L,L,acetylcholine,0.9374209642410278,130,120,Traced,,1,sense_hearing,,,,,cb_sensory
15699,LAL029_e,LAL029_e_R,R,acetylcholine,0.9474312663078308,604,3667,Traced,15699.0,1,middle_feedback,,,,,cb_intrinsic
35889,LPLC2,LPLC2_R,R,acetylcholine,0.9543256759643556,333,2869,Traced,11498.0,1,sense_looming,84.1216640556459,27.73085719796036,8.631891957267145,4.838641433031349,visual_projection
139925399,JO-EV2,JO-EV2_L,L,acetylcholine,0.7186594009399414,254,150,Traced,,1,sense_hearing,,,,,cb_sensory
525482,LC10a,LC10a_L,L,acetylcholine,0.9534154534339904,319,1084,Traced,10573.0,1,sense_pursuit,48.95641267151639,-4.792165273425219,8.160595014439663,3.344524322057607,visual_projection
11782,SAD106,SAD106_L,L,acetylcholine,0.9661361575126648,1691,4799,Traced,11782.0,1,middle_feedback,,,,,cb_intrinsic
957696,JO-B1_a,JO-B1_a_L,L,acetylcholine,0.912773609161377,94,215,Traced,,1,sense_hearing,,,,,cb_sensory
23830,LC10a,LC10a_R,R,acetylcholine,0.9593132138252258,315,1274,Traced,10573.0,1,sense_pursuit,103.65154186530856,-29.616352369236,7.332432341427256,3.442844637817863,visual_projection
13697,LC10a,LC10a_L,L,acetylcholine,0.937322199344635,337,1039,Traced,10573.0,1,sense_pursuit,67.821672996886,-35.370108551564456,5.876222150350489,3.673453885720267,visual_projection
14529,CB4176,CB4176_L,L,gaba,0.8511983752250671,776,1758,Traced,14529.0,-1,middle_feedback,,,,,cb_intrinsic
168985,JO-unclear,JO-unclear_L,L,acetylcholine,0.8857954144477844,120,160,Traced,,1,sense_hearing,,,,,cb_sensory
11187,LoVP54,LoVP54_L,L,acetylcholine,0.967618763446808,2043,6169,Traced,,1,middle_feedback,,,,,visual_projection
903327,PSI,PSI_R,R,unclear,0.3543574512004852,677,5864,Traced,802401.0,0,out_escape,,,,,vnc_efferent
35632,LPLC2,LPLC2_R,R,acetylcholine,0.9634652137756348,258,1795,Traced,11498.0,1,sense_looming,160.4639300472334,-24.534564659140536,6.358582730357444,5.18004024449447,visual_projection
14888,LC4,LC4_L,L,acetylcholine,0.9609048366546632,421,2840,Traced,12032.0,1,sense_looming,38.15959388394646,-36.37762382000861,15.510442137718512,6.470947919219473,visual_projection
929247,JO-ED2_b,JO-ED2_b_R,R,acetylcholine,0.7915810346603394,196,96,Traced,,1,sense_hearing,,,,,cb_sensory
520449,LC4,LC4_L,L,acetylcholine,0.9610306024551392,354,2341,Traced,12032.0,1,sense_looming,64.20513696013356,-41.12565739731243,13.641287769531669,6.116238127416063,visual_projection
33303,LPLC2,LPLC2_L,L,acetylcholine,0.939176619052887,355,2120,Traced,11498.0,1,sense_looming,87.28458686806367,42.01817998448942,7.899980253177017,3.579712788550895,visual_projection
29702,LPLC2,LPLC2_L,L,acetylcholine,0.9672635197639464,390,2008,Traced,11498.0,1,sense_looming,88.08900050860485,49.963737412675215,10.108040900609062,3.958015829593844,visual_projection
10920,GNG100,GNG100_R,R,acetylcholine,0.9670660495758056,1517,5424,Traced,10920.0,1,middle_feedback,,,,,cb_intrinsic
17653,LC4,LC4_L,L,acetylcholine,0.9747326970100404,512,3475,Traced,12032.0,1,sense_looming,10.963109859060022,-23.28944902584273,11.927598751361735,8.914616667310261,visual_projection
531425,GNG506,GNG506_L,L,gaba,0.8591436743736267,2612,4662,Traced,10949.0,-1,middle_feedback,,,,,cb_intrinsic
84104,LC10a,LC10a_R,R,acetylcholine,0.8343992233276367,83,274,Traced,10573.0,1,sense_pursuit,-7.902788103183088,-7.574690881978846,4.532208438908819,5.777224010304363,visual_projection
26976,LC10a,LC10a_R,R,acetylcholine,0.9572171568870544,277,729,Traced,10573.0,1,sense_pursuit,133.3307190039898,-43.87228355782962,9.741132364120356,3.944191656789513,visual_projection
10192,DNg75,DNg75(hb1874217622)_L,L,acetylcholine,0.959594428539276,3271,19276,Traced,10192.0,1,middle_feedback,,,,,descending_neuron
20976,LC4,LC4_L,L,acetylcholine,0.9683753848075868,305,2128,Traced,12032.0,1,sense_looming,28.07931711706008,6.574483018771929,10.205948786154211,5.710002889081884,visual_projection
24800,LPLC2,LPLC2_R,R,acetylcholine,0.9622946381568908,312,2237,Traced,11498.0,1,sense_looming,41.57598383138842,3.3335102002794343,7.65525218917462,6.204167229444585,visual_projection
38847,LAL046,LAL046_L,L,gaba,0.8219624757766724,1467,4114,Traced,14259.0,-1,middle_feedback,,,,,cb_intrinsic
18518,LC10a,LC10a_L,L,acetylcholine,0.9634360671043396,258,703,Traced,10573.0,1,sense_pursuit,72.51433576948087,-47.503903365247325,5.481057940460474,3.478331021212125,visual_projection
11154,WED189,WED189_M,M,gaba,0.8595747947692871,1021,4510,Traced,,-1,middle_feedback,,,,,cb_intrinsic
519141,SMP148,SMP148_L,L,gaba,0.7821228504180908,664,5640,Traced,14608.0,-1,middle_feedback,,,,,cb_intrinsic
26788,LC10a,LC10a_R,R,acetylcholine,0.9576433897018432,284,818,Traced,10573.0,1,sense_pursuit,144.26771729425542,-39.15529637638305,7.5810021081435615,3.403395616198474,visual_projection
23665,LPLC2,LPLC2_L,L,acetylcholine,0.9682829976081848,301,1798,Traced,11498.0,1,sense_looming,93.70680999579572,-2.4427648168695058,8.987030704144436,4.627395428916712,visual_projection
14259,LAL046,LAL046_R,R,gaba,0.8243452906608582,1518,4587,Traced,14259.0,-1,middle_feedback,,,,,cb_intrinsic
17837,SMP148,SMP148_L,L,gaba,0.8310384750366211,755,6332,Traced,14608.0,-1,middle_feedback,,,,,cb_intrinsic
18340,WED125,WED125_L,L,acetylcholine,0.9373406767845154,493,1947,Traced,,1,middle_feedback,,,,,cb_intrinsic
12156,CB3019,CB3019_L,L,acetylcholine,0.9406846165657043,541,3524,Traced,12156.0,1,middle_feedback,,,,,cb_intrinsic
73715,LC10a,LC10a_L,L,acetylcholine,0.944192349910736,127,510,Traced,10573.0,1,sense_pursuit,129.7641436727248,14.977203391947723,9.859461038726929,7.413811535419685,visual_projection
12798,AVLP210,AVLP210_R,R,acetylcholine,0.9486024379730223,1856,9100,Traced,10667.0,1,middle_feedback,,,,,cb_intrinsic
520117,GNG562,GNG562_L,L,gaba,0.843262255191803,1190,5592,Traced,12086.0,-1,middle_feedback,,,,,cb_intrinsic
10251,MeVP53,MeVP53_L,L,gaba,0.8682032823562622,1837,4191,Traced,10251.0,-1,middle_feedback,,,,,visual_projection
21899,LPLC2,LPLC2_R,R,acetylcholine,0.9602425694465636,335,2264,Traced,11498.0,1,sense_looming,49.29055146761647,-23.73766492629951,10.023202420401375,5.489002082653169,visual_projection
18173,CB1948,CB1948_R,R,gaba,0.8518155813217163,317,1938,Traced,18167.0,-1,middle_feedback,,,,,cb_intrinsic
25198,LC10a,LC10a_R,R,acetylcholine,0.9461917281150818,306,1029,Traced,10573.0,1,sense_pursuit,97.6346236306812,-39.5231733906636,6.655518839555238,4.463584837046109,visual_projection
45300,LC10a,LC10a_R,R,acetylcholine,0.917650818824768,153,475,Traced,10573.0,1,sense_pursuit,51.56048978790764,-48.503503601189,5.447307224157559,4.232263323651945,visual_projection
36978,LC6,LC6_L,L,acetylcholine,0.9500470757484436,236,647,Traced,18842.0,1,sense_looming,0.6102940463697575,0.6671535198755763,8.088986238462992,4.510585449724363,visual_projection
260581,JO-EV1,JO-EV1_L,L,acetylcholine,0.9208829998970032,234,183,Traced,,1,sense_hearing,,,,,cb_sensory
517234,AVLP175,AVLP175_R,R,acetylcholine,0.8751018047332764,467,3737,Traced,17066.0,1,middle_feedback,,,,,cb_intrinsic
38542,LPLC2,LPLC2_R,R,acetylcholine,0.9699183106422424,201,1092,Traced,11498.0,1,sense_looming,135.71629723142493,-2.0622515099633176,8.550244392221918,4.399771307267044,visual_projection
11191,AVLP340,AVLP340_L,L,acetylcholine,0.9642890691757202,1392,5473,Traced,11191.0,1,middle_feedback,,,,,cb_intrinsic
20694,LPLC2,LPLC2_R,R,acetylcholine,0.9629909992218018,331,2149,Traced,11498.0,1,sense_looming,28.23204136052148,-16.28745073608156,9.364589960803514,5.99490122750187,visual_projection
28279,LC6,LC6_L,L,acetylcholine,0.9540598392486572,282,1136,Traced,18842.0,1,sense_looming,34.092369256046304,-10.154720981757777,12.43318876598176,4.5865032520821325,visual_projection
20143,CB4102,CB4102_L,L,acetylcholine,0.9702073931694032,429,2431,Traced,,1,middle_feedback,,,,,cb_intrinsic
512705,LC4,LC4_L,L,acetylcholine,0.9684306979179382,308,2073,Traced,12032.0,1,sense_looming,61.24428878721285,-3.52140519091283,8.703465814459252,6.550713515755,visual_projection
803986,IN00A050,IN00A050_M,M,gaba,0.8463595509529114,437,1576,Traced,800690.0,-1,middle_feedback,,,,,vnc_intrinsic
265416,JO-EV1,JO-EV1_L,L,acetylcholine,0.8791704773902893,254,177,Traced,,1,sense_hearing,,,,,cb_sensory
24687,PVLP131,PVLP131_R,R,acetylcholine,0.9722009301185608,766,2467,Traced,,1,middle_feedback,,,,,cb_intrinsic
16930,CB3513,CB3513_R,R,gaba,0.8211314678192139,560,3732,Traced,15994.0,-1,middle_gf,,,,,cb_intrinsic
10609,PVLP120,PVLP120(hb1599285725)_L,L,acetylcholine,0.9637588262557985,2212,16694,Traced,10609.0,1,middle_feedback,,,,,cb_intrinsic
514508,LC4,LC4_L,L,acetylcholine,0.9690175652503968,339,2084,Traced,12032.0,1,sense_looming,68.64640822362453,45.988704774956176,10.717692020205057,5.143693788799207,visual_projection
555383,PVLP076,PVLP076_L,L,acetylcholine,0.9301798343658448,2482,10983,Traced,,1,middle_feedback,,,,,cb_intrinsic
531712,JO-EV3,JO-EV3_L,L,acetylcholine,0.9316392540931702,360,225,Traced,,1,sense_hearing,,,,,cb_sensory
20750,CB3024,CB3024_R,R,gaba,0.8547865152359009,303,1464,Traced,,-1,middle_feedback,,,,,cb_intrinsic
24742,LC10a,LC10a_L,L,acetylcholine,0.955706000328064,357,1117,Traced,10573.0,1,sense_pursuit,52.47971652464406,-16.341096336588194,7.149218474385541,3.439249512081404,visual_projection
426515,JO-EV1,JO-EV1_L,L,acetylcholine,0.9135922193527222,127,98,Traced,,1,sense_hearing,,,,,cb_sensory
42379,LC10a,LC10a_L,L,acetylcholine,0.9350688457489014,220,616,Traced,10573.0,1,sense_pursuit,119.84765941555554,-47.47907004134068,8.330836418802917,3.026521112007981,visual_projection
530462,JO-ED2_b,JO-ED2_b_R,R,acetylcholine,0.7992549538612366,177,75,Traced,,1,sense_hearing,,,,,cb_sensory
29417,LC4,LC4_L,L,acetylcholine,0.950827956199646,325,1890,Traced,12032.0,1,sense_looming,108.24349112736068,11.034104598969291,11.47210016033993,6.486059710021706,visual_projection
112105,JO-B3,JO-B3_L,L,acetylcholine,0.9531728625297546,180,241,Traced,,1,sense_hearing,,,,,cb_sensory
23792,LC4,LC4_R,R,acetylcholine,0.9634045958518982,342,2579,Traced,12032.0,1,sense_looming,71.26959516084679,30.92130086994429,13.397133568204843,6.279773135672518,visual_projection
18478,LC4,LC4_L,L,acetylcholine,0.9646737575531006,482,3217,Traced,12032.0,1,sense_looming,11.064244872390336,37.01232095022142,12.420279522005002,9.048203912568775,visual_projection
518016,LC4,LC4_L,L,acetylcholine,0.9682247042655944,298,1974,Traced,12032.0,1,sense_looming,71.83792438669619,-11.441037986868436,12.90852720931358,5.632222463613461,visual_projection
214463,JO-unclear,JO-unclear_L,L,acetylcholine,0.9543755054473876,143,131,Traced,,1,sense_hearing,,,,,cb_sensory
44856,LC10a,LC10a_R,R,acetylcholine,0.91443532705307,161,649,Traced,10573.0,1,sense_pursuit,120.90875902438876,11.031730865616794,8.87595432466322,5.5365027315238455,visual_projection
21632,LC10a,LC10a_R,R,acetylcholine,0.9646543264389038,385,1737,Traced,10573.0,1,sense_pursuit,64.86654497185157,-18.514109389868608,7.996726940543565,3.848255804719685,visual_projection
13825,AVLP429,AVLP429_R,R,acetylcholine,0.9636150598526,1308,3621,Traced,11599.0,1,middle_feedback,,,,,cb_intrinsic
34931,LC6,LC6_R,R,acetylcholine,0.957460880279541,225,778,Traced,18842.0,1,sense_looming,10.6236552828674,-7.815258244589316,9.328338340805098,4.332622191223789,visual_projection
28204,LC10a,LC10a_R,R,acetylcholine,0.9666436910629272,240,899,Traced,10573.0,1,sense_pursuit,112.54553869281428,-37.37899225308993,6.138723359015579,3.42695960520283,visual_projection
513842,CB4118,CB4118_L,L,gaba,0.8368713855743408,398,2340,Traced,17815.0,-1,middle_feedback,,,,,cb_intrinsic
32259,LC6,LC6_R,R,acetylcholine,0.9518877267837524,255,1150,Traced,18842.0,1,sense_looming,41.76431410766017,15.494909722787328,10.095740347291631,3.6973262719564857,visual_projection
38727,JO-EV3,JO-EV3_L,L,acetylcholine,0.9463734030723572,342,230,Traced,,1,sense_hearing,,,,,cb_sensory
27355,LPLC2,LPLC2_L,L,acetylcholine,0.9562934637069702,368,1766,Traced,11498.0,1,sense_looming,120.95362115741436,37.63617354499833,11.842970181268573,4.456170064633885,visual_projection
34570,LC6,LC6_L,L,acetylcholine,0.9569517970085144,273,836,Traced,18842.0,1,sense_looming,46.200790332769664,-22.30962740224061,12.832046768427356,4.046376576293884,visual_projection
19454,PVLP024,PVLP024_R,R,gaba,0.8655004501342773,431,3418,Traced,,-1,middle_feedback,,,,,cb_intrinsic
515800,LAL029_c,LAL029_c_L,L,acetylcholine,0.963532328605652,433,2552,Traced,18825.0,1,middle_feedback,,,,,cb_intrinsic
18917,LC10a,LC10a_L,L,acetylcholine,0.9581491947174072,292,878,Traced,10573.0,1,sense_pursuit,53.18710181350251,-31.942684201516496,5.574094590667235,3.524015537229351,visual_projection
15424,PVLP031,PVLP031_R,R,gaba,0.7456528544425964,556,2935,Traced,10386.0,-1,middle_feedback,,,,,cb_intrinsic
30895,LPLC2,LPLC2_L,L,acetylcholine,0.957485020160675,225,1245,Traced,11498.0,1,sense_looming,131.04276741017796,-11.20596547322998,8.610321689059894,5.35748416292139,visual_projection
27023,LPLC2,LPLC2_L,L,acetylcholine,0.9525316953659058,306,1488,Traced,11498.0,1,sense_looming,99.00635366217529,-12.5245714373441,11.563180365459978,5.746116094634785,visual_projection
10106,DNp11,DNp11_R,R,acetylcholine,0.9111542701721193,3498,11406,Traced,10106.0,1,out_escape,,,,,descending_neuron
495313,JO-EV1,JO-EV1_L,L,acetylcholine,0.8800241947174072,205,169,Traced,,1,sense_hearing,,,,,cb_sensory
101279,JO-EV5,JO-EV5_L,L,acetylcholine,0.9177401661872864,306,239,Traced,,1,sense_hearing,,,,,cb_sensory
25202,LC10a,LC10a_R,R,acetylcholine,0.9457945823669434,369,1606,Traced,10573.0,1,sense_pursuit,36.5865854577673,22.26718447519509,7.883451235443338,4.20600778330469,visual_projection
21641,,,R,acetylcholine,0.9594831466674804,382,1850,Traced,,1,middle_feedback,,,,,cb_intrinsic
31941,LC10a,LC10a_R,R,acetylcholine,0.929475486278534,236,812,Traced,10573.0,1,sense_pursuit,118.21186639331124,-1.802370803250902,8.785293082581632,4.0699662885947046,visual_projection
22392,LC10a,LC10a_L,L,acetylcholine,0.9632514119148254,338,1317,Traced,10573.0,1,sense_pursuit,13.444977650833945,-14.264504173604124,4.440624720762371,3.9968360734876898,visual_projection
23154,LC10a,LC10a_R,R,acetylcholine,0.9584152698516846,357,1489,Traced,10573.0,1,sense_pursuit,50.17116240930624,1.7646507829768368,8.005962121275514,3.206923737741843,visual_projection
46842,LC6,LC6_R,R,acetylcholine,0.9004034996032715,196,845,Traced,18842.0,1,sense_looming,45.89145547532677,27.547516898491978,11.51949503198373,3.539200996007778,visual_projection
22922,LC4,LC4_L,L,acetylcholine,0.9719277620315552,345,2202,Traced,12032.0,1,sense_looming,26.049512371416064,18.7634091593032,9.372955301532906,6.651970517551071,visual_projection
34538,LC6,LC6_L,L,acetylcholine,0.92943012714386,257,634,Traced,18842.0,1,sense_looming,128.7760509891514,-43.50403560225861,12.040029700093235,3.48253673891385,visual_projection
565848,JO-FV,JO-FV_R,R,acetylcholine,0.905612051486969,42,24,Traced,,1,sense_hearing,,,,,cb_sensory
27139,JO-ED2_a,JO-ED2_a_R,R,acetylcholine,0.8648439049720764,212,99,Traced,,1,sense_hearing,,,,,cb_sensory
513795,CB2660,CB2660_R,R,acetylcholine,0.930544137954712,395,2967,Traced,,1,middle_feedback,,,,,cb_intrinsic
13472,SAD053,SAD053_L,L,acetylcholine,0.94379323720932,1223,5049,Traced,12129.0,1,middle_gf,,,,,cb_intrinsic
24784,LC10a,LC10a_R,R,acetylcholine,0.9595762491226196,320,1323,Traced,10573.0,1,sense_pursuit,12.004273188673968,0.58904915069742,6.34078748792102,4.609321514635158,visual_projection
15150,LT52,LT52_R,R,glutamate,0.7596746683120728,854,5833,Traced,11913.0,-1,middle_feedback,,,,,visual_projection
18127,LC4,LC4_R,R,acetylcholine,0.9676432609558104,410,2977,Traced,12032.0,1,sense_looming,19.811786854754367,-5.112445216320303,9.473350972785951,9.887025340164191,visual_projection
934247,JO-A1,JO-A1_R,R,acetylcholine,0.8764471411705017,168,27,Traced,,1,sense_hearing,,,,,cb_sensory
13132,LPLC2,LPLC2_L,L,acetylcholine,0.9622623324394226,311,1663,Traced,11498.0,1,sense_looming,66.44590185417755,-44.55333051991391,10.427318857780053,4.3354191641682265,visual_projection
21313,LC4,LC4_R,R,acetylcholine,0.9605259895324708,341,2550,Traced,12032.0,1,sense_looming,61.63621497202544,-13.122136887075946,12.481921492828462,6.839520686664859,visual_projection
24605,LPLC2,LPLC2_L,L,acetylcholine,0.9615981578826904,295,1729,Traced,11498.0,1,sense_looming,70.09081950534781,-32.58642041896353,9.542763980073376,4.347932928875238,visual_projection
29183,LPLC2,LPLC2_R,R,acetylcholine,0.9637344479560852,265,1608,Traced,11498.0,1,sense_looming,117.43099267016126,-27.845674607787657,7.943680914713313,3.5898235580022138,visual_projection
31301,LC4,LC4_L,L,acetylcholine,0.9688196778297424,328,2004,Traced,12032.0,1,sense_looming,108.84126624130266,-11.537224117534528,10.940223809371703,6.218105556308768,visual_projection
22831,LC10a,LC10a_R,R,acetylcholine,0.9384884834289552,348,1179,Traced,10573.0,1,sense_pursuit,56.16960226006813,-28.980828312711907,6.161481261014501,4.608961041133247,visual_projection
95144,JO-EV3,JO-EV3_L,L,acetylcholine,0.9267310500144958,303,280,Traced,,1,sense_hearing,,,,,cb_sensory
74052,WED117,WED117_L,L,acetylcholine,0.9669206738471984,497,1174,Traced,13261.0,1,middle_feedback,,,,,cb_intrinsic
10287,AVLP606,AVLP606(hb1822659562)_M,M,gaba,0.8345474004745483,639,4177,Traced,,-1,middle_feedback,,,,,cb_intrinsic
31429,LC4,LC4_L,L,acetylcholine,0.9629144072532654,328,1952,Traced,12032.0,1,sense_looming,107.41042728829638,-21.735024858249773,13.248435132275656,5.447153271558788,visual_projection
531983,AVLP452,AVLP452_R,R,acetylcholine,0.9403332471847534,423,3614,Traced,531899.0,1,middle_gf,,,,,cb_intrinsic
37896,LC10a,LC10a_L,L,acetylcholine,0.9392409920692444,301,974,Traced,10573.0,1,sense_pursuit,66.3255119831623,35.48968188376216,7.390281670475769,4.303131859849623,visual_projection
14110,GNG342,GNG342_L,M,gaba,0.8811220526695251,744,2317,Traced,14110.0,-1,middle_feedback,,,,,cb_intrinsic
63441,EA06B010,EA06B010_L,L,glutamate,0.7587788105010986,2660,4164,Traced,63441.0,-1,middle_feedback,,,,,efferent_ascending
13111,AVLP169,AVLP169_R,R,acetylcholine,0.9250713586807252,1425,4417,Traced,13111.0,1,middle_feedback,,,,,cb_intrinsic
43865,LC10a,LC10a_L,L,acetylcholine,0.933149516582489,210,743,Traced,10573.0,1,sense_pursuit,137.91632718873183,-29.90212517001897,6.909058682186972,2.8397082304512447,visual_projection
10731,SAD107,SAD107_L,L,gaba,0.8647098541259766,1159,3452,Traced,10570.0,-1,middle_gf,,,,,cb_intrinsic
16917,LC4,LC4_L,L,acetylcholine,0.929631531238556,323,2105,Traced,12032.0,1,sense_looming,89.09224844149792,22.782441548625272,13.906606668836174,4.33377109798633,visual_projection
14608,SMP148,SMP148_R,R,gaba,0.7387044429779053,688,6044,Traced,14608.0,-1,middle_feedback,,,,,cb_intrinsic
559386,JO-B1_c,JO-B1_c_L,L,acetylcholine,0.9000764489173889,195,323,Traced,,1,sense_hearing,,,,,cb_sensory
14459,LT52,LT52_R,R,glutamate,0.7130523324012756,871,4659,Traced,11913.0,-1,middle_feedback,,,,,visual_projection
581131,PS306,PS306_L,L,gaba,0.8480439186096191,2022,10874,Traced,10333.0,-1,middle_feedback,,,,,cb_intrinsic
10184,CL366,CL366_L,L,gaba,0.8366736173629761,5534,13482,Traced,10184.0,-1,middle_feedback,,,,,cb_intrinsic
30993,LC10a,LC10a_R,R,acetylcholine,0.9655001759529114,210,740,Traced,10573.0,1,sense_pursuit,47.97465387529396,-43.03436457003597,4.315724519434067,3.632486076856376,visual_projection
10283,DNp103,DNp103(PVLP119)_R,R,acetylcholine,0.9568302631378174,2927,29105,Traced,10283.0,1,middle_gf,,,,,descending_neuron
524375,CB1108,CB1108_L,L,acetylcholine,0.8998624682426453,544,3347,Traced,521758.0,1,middle_feedback,,,,,cb_intrinsic
12868,ANXXX027,ANXXX027_L,L,acetylcholine,0.95572692155838,1532,19438,Traced,12868.0,1,middle_feedback,,,,,ascending_neuron
56376,LC10a,LC10a_L,L,acetylcholine,0.9573851823806764,168,552,Traced,10573.0,1,sense_pursuit,143.34198815462875,-19.98372125036284,11.043512415784718,3.699542586277045,visual_projection
11018,AVLP258,AVLP258_L,L,acetylcholine,0.964997410774231,2292,7136,Traced,,1,middle_feedback,,,,,cb_intrinsic
11177,DNp09,DNp09_R,R,acetylcholine,0.9573174715042114,2230,7300,Traced,10783.0,1,out_steer,,,,,descending_neuron
478230,JO-B1_c,JO-B1_c_L,L,acetylcholine,0.735161542892456,77,79,Traced,,1,sense_hearing,,,,,cb_sensory
97025,JO-EV2,JO-EV2_L,L,acetylcholine,0.9419738054275512,296,286,Traced,,1,sense_hearing,,,,,cb_sensory
38017,LC6,LC6_R,R,acetylcholine,0.943247139453888,216,843,Traced,18842.0,1,sense_looming,64.13647024667344,-3.7002405318424536,9.484388825687232,4.312731448114009,visual_projection
117756,JO-B1_c,JO-B1_c_L,L,acetylcholine,0.957381784915924,112,182,Traced,,1,sense_hearing,,,,,cb_sensory
27750,LC4,LC4_L,L,acetylcholine,0.921514928340912,365,2096,Traced,12032.0,1,sense_looming,119.85173618342546,-0.8098192915214923,11.3605943916244,6.660559227808279,visual_projection
205974,JO-B1_b,JO-B1_b_L,L,acetylcholine,0.9614487290382384,73,129,Traced,,1,sense_hearing,,,,,cb_sensory
520488,AVLP202,AVLP202_L,L,gaba,0.7765079736709595,352,3515,Traced,,-1,middle_feedback,,,,,cb_intrinsic
44469,LC6,LC6_L,L,acetylcholine,0.9494956731796264,231,629,Traced,18842.0,1,sense_looming,27.492769283159205,-22.781439322883067,10.658673293359742,3.62569411854819,visual_projection
520664,CB1074,CB1074_L,L,acetylcholine,0.9704277515411376,677,3417,Traced,15622.0,1,middle_feedback,,,,,cb_intrinsic
10244,DNp55,DNp55(WED180)_L,L,acetylcholine,0.9030786156654358,2549,9125,Traced,10244.0,1,middle_feedback,,,,,descending_neuron
34110,LPLC2,LPLC2_R,R,acetylcholine,0.9620059132575988,229,1726,Traced,11498.0,1,sense_looming,114.8027382531546,6.493709567880373,8.807708833939845,4.87457929173085,visual_projection
522306,JO-B1_a,JO-B1_a_L,L,acetylcholine,0.8808579444885254,186,229,Traced,,1,sense_hearing,,,,,cb_sensory
91189,LC6,LC6_R,R,acetylcholine,0.9152478575706482,147,407,Traced,18842.0,1,sense_looming,93.01729903293776,29.174695743245262,9.08021657371571,3.71861483512222,visual_projection
23377,LC10a,LC10a_R,R,acetylcholine,0.935314416885376,369,1797,Traced,10573.0,1,sense_pursuit,20.30115140422928,16.015988803855862,6.828672603246529,3.979231472382751,visual_projection
36779,LC10a,LC10a_R,R,acetylcholine,0.9606552124023438,207,862,Traced,10573.0,1,sense_pursuit,104.77045297391466,18.30450102253332,7.238961716892494,5.956686228104155,visual_projection
211937357,JO-CM,JO-CM_L,L,acetylcholine,0.8450371623039246,172,69,Traced,,1,sense_hearing,,,,,cb_sensory
19146,LPLC2,LPLC2_R,R,acetylcholine,0.945881485939026,403,2773,Traced,11498.0,1,sense_looming,12.980651735337442,9.706860198788505,6.751616910282476,5.531120110626807,visual_projection
30480,LC4,LC4_R,R,acetylcholine,0.9412277936935424,376,2987,Traced,12032.0,1,sense_looming,91.85130126977168,46.696697148405306,15.534008541303574,6.988601776196954,visual_projection
32286,LC10a,LC10a_L,L,acetylcholine,0.9535435438156128,275,892,Traced,10573.0,1,sense_pursuit,110.03643636111204,-29.333547924131075,8.06353636533473,4.258288640074276,visual_projection
29873,LPLC2,LPLC2_R,R,acetylcholine,0.9524139761924744,261,1826,Traced,11498.0,1,sense_looming,84.99938116044726,-7.726403618026957,9.33372790486093,5.850868588123872,visual_projection
12990,CL322,CL322_R,R,acetylcholine,0.9601787328720092,1001,4993,Traced,11720.0,1,middle_feedback,,,,,cb_intrinsic
20162,LPLC2,LPLC2_R,R,acetylcholine,0.9248057007789612,428,3085,Traced,11498.0,1,sense_looming,28.53085587112767,23.59075510384672,6.640616619824837,5.010584326007247,visual_projection
13291,PS230,PS230(PLP242)_L,L,acetylcholine,0.9571298956871032,937,3480,Traced,11216.0,1,middle_feedback,,,,,cb_intrinsic
28543,LC10a,LC10a_L,L,acetylcholine,0.9209595322608948,307,1017,Traced,10573.0,1,sense_pursuit,1.2746437802686117,-13.47502518599235,5.088908560919374,3.177076775285577,visual_projection
79855,JO-B3,JO-B3_L,L,acetylcholine,0.9611591696739196,143,151,Traced,,1,sense_hearing,,,,,cb_sensory
517167,SAD104,SAD104_L,L,gaba,0.8864021301269531,326,704,Traced,19637.0,-1,middle_feedback,,,,,cb_intrinsic
10489,GNG502,GNG502_R,R,gaba,0.835834264755249,1588,6681,Traced,10489.0,-1,middle_feedback,,,,,cb_intrinsic
22248,LC10a,LC10a_R,R,acetylcholine,0.9543671011924744,381,1722,Traced,10573.0,1,sense_pursuit,41.57254113936453,11.581917963790772,7.2536003736618415,4.433073177167542,visual_projection
13381,ANXXX027,ANXXX027_L,L,acetylcholine,0.9625641107559204,1675,17886,Traced,13181.0,1,middle_feedback,,,,,ascending_neuron
202892,,,R,acetylcholine,0.9714362621307372,884,3778,Traced,,1,middle_feedback,,,,,cb_intrinsic
19120,LC10a,LC10a_L,L,acetylcholine,0.9484915733337402,259,896,Traced,10573.0,1,sense_pursuit,-7.675236917767631,1.8911202998243648,4.545718978871788,4.755314304133981,visual_projection
30087,LC4,LC4_L,L,acetylcholine,0.9580777287483216,291,1867,Traced,12032.0,1,sense_looming,88.32954809012205,13.313241790547837,11.182663864381087,5.792960053704515,visual_projection
242202,JO-EV6,JO-EV6_R,R,acetylcholine,0.8570622801780701,33,26,Traced,,1,sense_hearing,,,,,cb_sensory
523858,WED109,WED109_R,R,acetylcholine,0.9414004683494568,640,3410,Traced,12459.0,1,middle_feedback,,,,,cb_intrinsic
514568,JO-EV3,JO-EV3_R,R,acetylcholine,0.7436500787734985,273,135,Traced,,1,sense_hearing,,,,,cb_sensory
301867,JO-EV1,JO-EV1_L,L,acetylcholine,0.9061647653579712,212,100,Traced,,1,sense_hearing,,,,,cb_sensory
10957,DNp69,DNp69(CL304)_R,R,acetylcholine,0.9631105661392212,2757,11920,Traced,10957.0,1,middle_feedback,,,,,descending_neuron
93383,JO-EV2,JO-EV2_L,L,acetylcholine,0.9249913692474364,273,266,Traced,,1,sense_hearing,,,,,cb_sensory
22339,LC10a,LC10a_L,L,acetylcholine,0.9551700353622437,397,1298,Traced,10573.0,1,sense_pursuit,5.095468300676714,-5.18258477709545,5.394161288786563,3.996182863739602,visual_projection
127912,JO-FV,JO-FV_L,L,acetylcholine,0.9550760984420776,148,152,Traced,,1,sense_hearing,,,,,cb_sensory
21835,LC10a,LC10a_L,L,acetylcholine,0.95239919424057,348,1203,Traced,10573.0,1,sense_pursuit,49.84418098855578,27.1107968178256,7.675859107320374,3.869382316289366,visual_projection
27471,LPLC2,LPLC2_R,R,acetylcholine,0.954246997833252,284,1997,Traced,11498.0,1,sense_looming,94.1827409675714,-25.13713529870175,9.393937300747185,4.610053616222936,visual_projection
398883,JO-A1,JO-A1_R,R,acetylcholine,0.9400299191474916,28,22,Traced,,1,sense_hearing,,,,,cb_sensory
23148,LC10a,LC10a_L,L,acetylcholine,0.9502192735671996,317,1099,Traced,10573.0,1,sense_pursuit,-1.162047955019741,7.681133149466504,5.540669969518885,3.128894932828832,visual_projection
68166,CB0956,CB0956_R,R,acetylcholine,0.9366854429244996,306,1319,Traced,17357.0,1,middle_feedback,,,,,cb_intrinsic
516820,GNG127,GNG127_L,L,gaba,0.8427996635437012,1200,3518,Traced,11982.0,-1,middle_feedback,,,,,cb_intrinsic
10147,LHAD1g1,LHAD1g1_L,L,gaba,0.8251751065254211,3234,26264,Traced,10147.0,-1,middle_gf,,,,,cb_intrinsic
77969,JO-EV1,JO-EV1_L,L,acetylcholine,0.9491013288497924,265,201,Traced,,1,sense_hearing,,,,,cb_sensory
36783,LC10a,LC10a_L,L,acetylcholine,0.9702432155609132,216,576,Traced,10573.0,1,sense_pursuit,63.083003441165886,-48.911515559344366,6.789905267447166,2.4259036460174683,visual_projection
804642,TTMn,TTMn_L,L,glutamate,0.4839480519294739,314,2774,Traced,800146.0,-1,out_escape,,,,,vnc_motor
10333,PS306,PS306_R,R,gaba,0.8651553392410278,2044,11149,Traced,10333.0,-1,middle_feedback,,,,,cb_intrinsic
12427,PVLP069,PVLP069_L,L,acetylcholine,0.9669822454452516,1753,6389,Traced,12427.0,1,middle_feedback,,,,,cb_intrinsic
31607,LC6,LC6_R,R,acetylcholine,0.9400513768196106,224,810,Traced,18842.0,1,sense_looming,95.6170518431838,-48.275987097334806,12.337176335905736,3.4492754353308728,visual_projection
522865,WED117,WED117_R,R,acetylcholine,0.8403545022010803,599,1636,Traced,13261.0,1,middle_feedback,,,,,cb_intrinsic
26112,LC4,LC4_R,R,acetylcholine,0.9630496501922609,332,2322,Traced,12032.0,1,sense_looming,75.35994682399091,44.86874202875815,12.684391561559965,5.430791422625975,visual_projection
520660,JO-CM,JO-CM_L,L,acetylcholine,0.9512518644332886,289,139,Traced,,1,sense_hearing,,,,,cb_sensory
140357,JO-CL,JO-CL_L,L,acetylcholine,0.9447831511497498,97,148,Traced,,1,sense_hearing,,,,,cb_sensory
30280,AOTU059,AOTU059_R,R,gaba,0.8611207604408264,316,1086,Traced,14368.0,-1,middle_feedback,,,,,cb_intrinsic
32946,LC10a,LC10a_R,R,acetylcholine,0.9522627592086792,216,771,Traced,10573.0,1,sense_pursuit,29.085263387678424,-35.67903908156619,4.355365689189464,2.8837837613034965,visual_projection
206174566,JO-EV1,JO-EV1_R,R,acetylcholine,0.7085326910018921,62,51,Traced,,1,sense_hearing,,,,,cb_sensory
23098,LC4,LC4_R,R,acetylcholine,0.971932590007782,347,2625,Traced,12032.0,1,sense_looming,39.49555359014012,-6.476672598676238,12.64190293575824,7.314574362413814,visual_projection
22505,LC10a,LC10a_R,R,acetylcholine,0.9533036351203918,317,1162,Traced,10573.0,1,sense_pursuit,70.06965608574023,-35.682789994092616,6.423776933201025,3.78654194309203,visual_projection
22253,LPLC2,LPLC2_L,L,acetylcholine,0.9475025534629822,392,2401,Traced,11498.0,1,sense_looming,43.88022820652267,21.965306347021865,6.544040911490303,3.975429735780867,visual_projection
26963,LC10a,LC10a_L,L,acetylcholine,0.9504029154777528,319,1016,Traced,10573.0,1,sense_pursuit,58.62315739531991,-39.41488312891197,4.7645244614107165,3.513887792830048,visual_projection
512192,VES099,VES099_L,L,gaba,0.8212804794311523,467,2060,Traced,512192.0,-1,middle_feedback,,,,,cb_intrinsic
524616,LC10a,LC10a_L,L,acetylcholine,0.9552077054977416,199,766,Traced,10573.0,1,sense_pursuit,6.193896043431547,32.43385899551885,5.965817332825218,4.502716673600268,visual_projection
588414,CB4163,CB4163_L,L,gaba,0.8725535869598389,394,1185,Traced,,-1,middle_feedback,,,,,cb_intrinsic
51695,LC6,LC6_L,L,acetylcholine,0.9328073263168336,231,716,Traced,18842.0,1,sense_looming,98.54132341242922,-50.16471334887332,14.548198547862205,3.1332431556537848,visual_projection
153859,JO-B1_b,JO-B1_b_L,L,acetylcholine,0.8642477989196777,79,144,Traced,,1,sense_hearing,,,,,cb_sensory
213985,JO-B1_a,JO-B1_a_L,L,acetylcholine,0.943947732448578,63,173,Traced,,1,sense_hearing,,,,,cb_sensory
519724,LAL014,LAL014_L,L,acetylcholine,0.9296233057975768,1485,9138,Traced,12724.0,1,middle_feedback,,,,,cb_intrinsic
22783,LC10a,LC10a_R,R,acetylcholine,0.9594197869300842,317,1339,Traced,10573.0,1,sense_pursuit,48.49951264987414,-20.566454719739014,7.556289703563791,3.7596591435058655,visual_projection
520386,ANXXX108,ANXXX108_L,L,gaba,0.8835430145263672,1560,2574,Traced,520386.0,-1,middle_feedback,,,,,ascending_neuron
11164,GNG124,GNG124_R,R,gaba,0.8787901997566223,1663,4556,Traced,11164.0,-1,middle_feedback,,,,,cb_intrinsic
531899,AVLP452,AVLP452_L,L,acetylcholine,0.9347429871559144,461,4067,Traced,531899.0,1,middle_gf,,,,,cb_intrinsic
11895,PVLP022,PVLP022_L,L,gaba,0.8736913800239563,883,4876,Traced,11895.0,-1,middle_feedback,,,,,cb_intrinsic
376040,JO-EV2,JO-EV2_R,R,acetylcholine,0.739166259765625,136,67,Traced,,1,sense_hearing,,,,,cb_sensory
23499,LC10a,LC10a_R,R,acetylcholine,0.9572495818138124,333,1367,Traced,10573.0,1,sense_pursuit,85.11587328957445,-23.74283523777106,7.8378490599495025,3.514422005988916,visual_projection
516604,JO-EV3,JO-EV3_R,R,acetylcholine,0.8943171501159668,301,163,Traced,,1,sense_hearing,,,,,cb_sensory
23392,LC4,LC4_R,R,acetylcholine,0.955123007297516,346,2451,Traced,12032.0,1,sense_looming,46.8709674529939,-1.1346545464898128,11.852451990106218,7.111081452947027,visual_projection
25267,LPLC2,LPLC2_R,R,acetylcholine,0.9610270857810974,283,1833,Traced,11498.0,1,sense_looming,128.4693534361539,-34.85220600180799,8.810455088868194,3.989808163427096,visual_projection
224061,JO-FD2,JO-FD2_R,R,acetylcholine,0.9562677145004272,105,82,Traced,,1,sense_hearing,,,,,cb_sensory
29979,LC10a,LC10a_R,R,acetylcholine,0.9445086121559144,257,1129,Traced,10573.0,1,sense_pursuit,90.70099057305768,20.093458247478623,7.997703619660339,4.960270077293542,visual_projection
28741,LPLC2,LPLC2_R,R,acetylcholine,0.9522399306297302,259,1923,Traced,11498.0,1,sense_looming,101.47853854187134,5.414375668703045,9.52089013472614,5.516881941558552,visual_projection
29744,LC10a,LC10a_R,R,acetylcholine,0.9357619285583496,299,978,Traced,10573.0,1,sense_pursuit,8.247462190113012,32.47076399075394,6.821855976063472,3.8621564160350914,visual_projection
515145,CB1948,CB1948_L,L,gaba,0.7925550937652588,401,1533,Traced,18167.0,-1,middle_feedback,,,,,cb_intrinsic
523643,CB0307,CB0307_R,R,gaba,0.8597590327262878,886,4829,Traced,511752.0,-1,middle_gf,,,,,cb_intrinsic
26811,LC10a,LC10a_R,R,acetylcholine,0.9384648203849792,321,1414,Traced,10573.0,1,sense_pursuit,66.92500405339864,11.366188678420372,6.525553472278896,4.204524407521731,visual_projection
22959,LC10a,LC10a_L,L,acetylcholine,0.9352558255195618,344,1022,Traced,10573.0,1,sense_pursuit,49.894707325234805,-21.94700118061608,5.02615972670497,3.445822683735426,visual_projection
514670,LPLC2,LPLC2_L,L,acetylcholine,0.9492895603179932,458,2754,Traced,11498.0,1,sense_looming,-5.85094947176724,12.850614505405218,6.067334853027294,7.253461192592239,visual_projection
517165,CB4176,CB4176_L,L,gaba,0.8631100654602051,651,1386,Traced,,-1,middle_feedback,,,,,cb_intrinsic
23349,LPLC2,LPLC2_L,L,acetylcholine,0.9201390743255616,391,2173,Traced,11498.0,1,sense_looming,32.834719962325416,13.295635581752649,6.764975492820629,4.583034217020714,visual_projection
32657,LC10a,LC10a_L,L,acetylcholine,0.9561209678649902,313,1261,Traced,10573.0,1,sense_pursuit,18.67608257650713,30.218344926155325,5.646615155564908,4.507764046572278,visual_projection
928361,JO-B1_a,JO-B1_a_L,L,acetylcholine,0.8749650120735168,175,213,Traced,,1,sense_hearing,,,,,cb_sensory
11391,SAD109,SAD109_M,M,gaba,0.8112451434135437,1209,1697,Traced,,-1,middle_gf,,,,,cb_intrinsic
19911,LPLC2,LPLC2_L,L,acetylcholine,0.9445652365684508,257,1231,Traced,11498.0,1,sense_looming,139.2479262916394,-22.84075949095562,7.89800894328989,4.397865950022517,visual_projection
38374,LC10a,LC10a_R,R,acetylcholine,0.9575880169868468,226,949,Traced,10573.0,1,sense_pursuit,91.5715130583244,39.84345371251659,8.283443836308065,3.737200966502729,visual_projection
287167,JO-FV,JO-FV_L,L,acetylcholine,0.9492326378822328,114,68,Traced,,1,sense_hearing,,,,,cb_sensory
49244,LC10a,LC10a_R,R,acetylcholine,0.9597992300987244,130,469,Traced,10573.0,1,sense_pursuit,134.7435443489951,3.048923692290657,8.702322160184993,4.33469477232457,visual_projection
10361,DNg40,DNg40(hb5813056435)_L,L,glutamate,0.6216921210289001,1432,9198,Traced,10361.0,-1,middle_feedback,,,,,descending_neuron
32090,LC10a,LC10a_L,L,acetylcholine,0.9572725892066956,278,861,Traced,10573.0,1,sense_pursuit,29.94098976649265,-38.7428390763808,6.073325967438949,3.5424254949489544,visual_projection
10228,DNp06,DNp06_L,L,acetylcholine,0.9495065808296204,3003,23365,Traced,10228.0,1,out_escape,,,,,descending_neuron
23550,LPLC2,LPLC2_L,L,acetylcholine,0.9618776440620422,302,1631,Traced,11498.0,1,sense_looming,78.0849311464443,13.224249108986754,7.069838396427231,3.961081979911332,visual_projection
403791,JO-B1_c,JO-B1_c_L,L,acetylcholine,0.8129448890686035,96,109,Traced,,1,sense_hearing,,,,,cb_sensory
33474,SAD049,SAD049_R,R,acetylcholine,0.9457713961601256,804,3847,Traced,33474.0,1,middle_gf,,,,,cb_intrinsic
22750,LC10a,LC10a_R,R,acetylcholine,0.9200524687767028,373,1491,Traced,10573.0,1,sense_pursuit,45.92092287717923,-15.083945415200716,7.677955243955208,4.417111047594264,visual_projection
10887,IB114,IB114_R,R,gaba,0.8595002889633179,1690,7992,Traced,,-1,middle_feedback,,,,,cb_intrinsic
12724,LAL014,LAL014_R,R,acetylcholine,0.905163049697876,1493,8560,Traced,12724.0,1,middle_feedback,,,,,cb_intrinsic
27067,LC10a,LC10a_R,R,acetylcholine,0.9542791843414308,285,1079,Traced,10573.0,1,sense_pursuit,78.61389817022427,11.624842834895617,8.078635334831215,4.264361710471762,visual_projection
11977,GNG636,GNG636_L,L,gaba,0.8380200862884521,1030,3530,Traced,10462.0,-1,middle_feedback,,,,,cb_intrinsic
11664,AVLP209,AVLP209_R,R,gaba,0.7703805565834045,2800,12113,Traced,11664.0,-1,middle_feedback,,,,,cb_intrinsic
14683,CL263,CL263_R,R,acetylcholine,0.9645254611968994,1234,6312,Traced,14683.0,1,middle_feedback,,,,,cb_intrinsic
10417,DNp103,DNp103(PVLP119)_L,L,acetylcholine,0.951883852481842,2761,27113,Traced,10283.0,1,middle_gf,,,,,descending_neuron
79513,JO-EV3,JO-EV3_L,L,acetylcholine,0.9391900897026062,300,158,Traced,,1,sense_hearing,,,,,cb_sensory
11507,PLP211,PLP211_R,R,unclear,0.4178531765937805,4003,5564,Traced,11303.0,0,middle_feedback,,,,,cb_intrinsic
12870,AVLP500,AVLP500_R,R,acetylcholine,0.9695968627929688,1322,11142,Traced,11697.0,1,middle_feedback,,,,,cb_intrinsic
213338,JO-CA1,JO-CA1_R,R,acetylcholine,0.929590106010437,86,111,Traced,,1,sense_hearing,,,,,cb_sensory
10442,DNa01,DNa01(VES006)_L,L,acetylcholine,0.9508636593818665,2644,13087,Traced,10442.0,1,out_steer,,,,,descending_neuron
25450,LC10a,LC10a_L,L,acetylcholine,0.961467981338501,293,991,Traced,10573.0,1,sense_pursuit,8.80074402858406,-20.800282895939603,5.16730994054636,4.397412017382256,visual_projection
24824,LC6,LC6_L,L,acetylcholine,0.9656943082809448,215,664,Traced,18842.0,1,sense_looming,26.13870367290415,-28.0679314959346,9.066030113485748,4.220708860671994,visual_projection
42082,LC6,LC6_L,L,acetylcholine,0.954937756061554,245,920,Traced,18842.0,1,sense_looming,52.088595858123824,7.337361815725956,11.719371242238998,3.444516447947601,visual_projection
36717,SAD023,SAD023_R,R,gaba,0.8475402593612671,225,754,Traced,29859.0,-1,middle_feedback,,,,,cb_intrinsic
38423,CB2940,CB2940_L,L,acetylcholine,0.9566599130630492,752,2792,Traced,14155.0,1,middle_feedback,,,,,cb_intrinsic
512159,CL263,CL263_L,L,acetylcholine,0.9636353850364684,1224,5946,Traced,14683.0,1,middle_feedback,,,,,cb_intrinsic
86281,JO-EV5,JO-EV5_L,L,acetylcholine,0.9494431614875792,345,272,Traced,,1,sense_hearing,,,,,cb_sensory
275117,JO-EV6,JO-EV6_L,L,acetylcholine,0.9657472372055054,216,87,Traced,,1,sense_hearing,,,,,cb_sensory
413003,JO-FV,JO-FV_R,R,acetylcholine,0.8128772974014282,12,5,Traced,,1,sense_hearing,,,,,cb_sensory
27915,LC10a,LC10a_L,L,acetylcholine,0.9194784164428712,316,1125,Traced,10573.0,1,sense_pursuit,-1.3123947826372024,15.715955083645014,5.580757576031262,4.1278146411866965,visual_projection
521628,JO-A2,JO-A2_L,L,acetylcholine,0.9348872303962708,365,340,Traced,,1,sense_hearing,,,,,cb_sensory
52329,LC10a,LC10a_R,R,acetylcholine,0.9200210571289062,142,512,Traced,10573.0,1,sense_pursuit,-9.440581875107132,2.296294026590857,4.63705409516998,4.693897429398745,visual_projection
20021,CB2472,CB2472_L,L,acetylcholine,0.957647144794464,284,805,Traced,,1,middle_feedback,,,,,cb_intrinsic
75379,EA06B010,EA06B010_R,R,glutamate,0.7699580192565918,2579,3850,Traced,63441.0,-1,middle_feedback,,,,,efferent_ascending
86133,JO-EV3,JO-EV3_L,L,acetylcholine,0.9533452987670898,317,212,Traced,,1,sense_hearing,,,,,cb_sensory
519124,AMMC035,AMMC035_L,L,gaba,0.8615438342094421,235,678,Traced,16073.0,-1,middle_feedback,,,,,cb_intrinsic
495608985,JO-CM,JO-CM_R,R,acetylcholine,0.7928290963172913,64,21,Traced,,1,sense_hearing,,,,,cb_sensory
35250,LC10a,LC10a_R,R,acetylcholine,0.9248090386390686,214,709,Traced,10573.0,1,sense_pursuit,111.69708001752124,6.067324291006472,7.181950005819297,5.371282900140438,visual_projection
33215,LC6,LC6_L,L,acetylcholine,0.9516582489013672,210,555,Traced,18842.0,1,sense_looming,15.928187669305082,-16.538223296657222,12.905420403289504,3.5141729046868595,visual_projection
33037,DNp69,DNp69(CL304)_L,L,acetylcholine,0.957341194152832,2791,12393,Traced,10957.0,1,middle_feedback,,,,,descending_neuron
29815,LPLC2,LPLC2_L,L,acetylcholine,0.960363507270813,270,1555,Traced,11498.0,1,sense_looming,123.22745919869308,-17.60966514281653,8.740260753781884,4.939174926315538,visual_projection
34407,LPLC2,LPLC2_L,L,acetylcholine,0.9366710782051086,306,1706,Traced,11498.0,1,sense_looming,82.15912906727635,-6.585951117715524,11.99456830927878,6.331375060579572,visual_projection
531848,LC6,LC6_L,L,acetylcholine,0.9299830794334412,130,354,Traced,18842.0,1,sense_looming,112.78049288693676,26.96553051044563,11.507841589831814,2.6801690716700595,visual_projection
25641,LC10a,LC10a_R,R,acetylcholine,0.9476880431175232,323,1351,Traced,10573.0,1,sense_pursuit,67.7722425882519,20.80032344272182,9.220951891678991,4.118972876586927,visual_projection
13240,LAL026_b,LAL026_b_R,R,acetylcholine,0.9662009477615356,796,2771,Traced,13240.0,1,middle_feedback,,,,,cb_intrinsic
16815,GNG343,GNG343_R,M,gaba,0.853996992111206,513,2291,Traced,16168.0,-1,middle_feedback,,,,,cb_intrinsic
519875,JO-B1_a,JO-B1_a_L,L,acetylcholine,0.8967141509056091,199,260,Traced,,1,sense_hearing,,,,,cb_sensory
84153,JO-CL,JO-CL_L,L,acetylcholine,0.9681358933448792,147,145,Traced,,1,sense_hearing,,,,,cb_sensory
15052,PVLP100,PVLP100_L,L,gaba,0.8365595936775208,1099,9033,Traced,15052.0,-1,middle_feedback,,,,,cb_intrinsic
68463,LC10a,LC10a_L,L,acetylcholine,0.9314212799072266,157,613,Traced,10573.0,1,sense_pursuit,108.45078973464578,37.41809629079526,5.641608419512095,4.576810320140297,visual_projection
258426,JO-B2,JO-B2_L,L,acetylcholine,0.939444363117218,110,130,Traced,,1,sense_hearing,,,,,cb_sensory
15597,,,L,acetylcholine,0.9603226184844972,404,2005,Traced,,1,middle_feedback,,,,,cb_intrinsic
25584,LC4,LC4_R,R,acetylcholine,0.9682778120040894,301,2247,Traced,12032.0,1,sense_looming,92.7466844396399,-22.52835526336701,12.234322871440536,6.414329355496656,visual_projection
407325,JO-FV,JO-FV_R,R,acetylcholine,0.9610470533370972,71,59,Traced,,1,sense_hearing,,,,,cb_sensory
10494,AVLP076,AVLP076_L,L,gaba,0.7998197674751282,5512,36363,Traced,10494.0,-1,middle_feedback,,,,,cb_intrinsic
27334,LC10a,LC10a_R,R,acetylcholine,0.9489622116088868,301,1365,Traced,10573.0,1,sense_pursuit,-1.5862752246696168,11.599768262571558,9.002743201132454,10.162217005412288,visual_projection
549014,JO-B2,JO-B2_L,L,acetylcholine,0.9380006194114684,132,156,Traced,,1,sense_hearing,,,,,cb_sensory
23112,PVLP074,PVLP074_R,R,acetylcholine,0.961047112941742,567,3536,Traced,19658.0,1,middle_feedback,,,,,cb_intrinsic
33416,AOTU059,AOTU059_L,L,gaba,0.8379102349281311,339,696,Traced,14368.0,-1,middle_feedback,,,,,cb_intrinsic
238817349,JO-FV,JO-FV_L,L,acetylcholine,0.8668448328971863,27,14,Traced,,1,sense_hearing,,,,,cb_sensory
33219,LC10a,LC10a_L,L,acetylcholine,0.938511848449707,268,739,Traced,10573.0,1,sense_pursuit,127.50532770316237,-23.401435001748823,8.3491761224286,6.175859582201166,visual_projection
12458,LC10a,LC10a_L,L,acetylcholine,0.9512486457824708,372,1542,Traced,10573.0,1,sense_pursuit,34.076120617572634,13.142068289690243,6.216241027198511,4.775055514548414,visual_projection
145088940,JO-EV3,JO-EV3_R,R,acetylcholine,0.7030953764915466,75,36,Traced,,1,sense_hearing,,,,,cb_sensory
31257,LPLC2,LPLC2_R,R,acetylcholine,0.955394685268402,251,1778,Traced,11498.0,1,sense_looming,127.7408196152704,-12.571837251334244,8.51884900088174,4.25821388434605,visual_projection
29753,LPLC2,LPLC2_L,L,acetylcholine,0.958142638206482,234,1262,Traced,11498.0,1,sense_looming,116.44183193100332,13.384791747028617,6.34685810416298,6.153938510689054,visual_projection
28904,LC10a,LC10a_L,L,acetylcholine,0.9560607075691224,364,1343,Traced,10573.0,1,sense_pursuit,52.393120811468165,14.14479977561284,7.36123560831693,3.427986107479666,visual_projection
21780,LoVP76,LoVP76_R,R,glutamate,0.7873685956001282,449,1376,Traced,21780.0,-1,middle_feedback,,,,,visual_projection
69797,JO-CM,JO-CM_L,L,acetylcholine,0.9429723620414734,244,137,Traced,,1,sense_hearing,,,,,cb_sensory
519926,AOTU025,AOTU025_R,R,acetylcholine,0.9490718841552734,984,12366,Traced,516361.0,1,middle_steer,,,,,cb_intrinsic
19543,LC4,LC4_R,R,acetylcholine,0.9572497010231018,388,2831,Traced,12032.0,1,sense_looming,112.4237443528893,-22.890626980773867,11.39703176114164,6.933787622138284,visual_projection
274169,JO-B1_b,JO-B1_b_L,L,acetylcholine,0.9000765681266785,91,108,Traced,,1,sense_hearing,,,,,cb_sensory
57264,LC10a,LC10a_R,R,acetylcholine,0.8569208979606628,140,592,Traced,10573.0,1,sense_pursuit,0.4542646687325007,-14.400735180621368,5.972920471088909,4.920757400176536,visual_projection
527704,CL038,CL038_R,R,glutamate,0.7520958185195923,452,2923,Traced,17144.0,-1,middle_feedback,,,,,cb_intrinsic
10212,AOTU042,AOTU042_L,L,gaba,0.8570330142974854,3579,10679,Traced,10212.0,-1,middle_feedback,,,,,cb_intrinsic
17266,LC4,LC4_R,R,acetylcholine,0.9705763459205629,467,3489,Traced,12032.0,1,sense_looming,36.4550718916078,49.37718251216612,15.279289550636928,5.5072938162814085,visual_projection
21045,LPLC2,LPLC2_R,R,acetylcholine,0.942795753479004,395,2518,Traced,11498.0,1,sense_looming,48.44916978041923,32.18878638807686,7.606404186694925,4.283376091103803,visual_projection
519387,WED060,WED060_L,L,acetylcholine,0.9671155214309692,764,2486,Traced,14861.0,1,middle_feedback,,,,,cb_intrinsic
427762,JO-A2,JO-A2_R,R,acetylcholine,0.9747326970100404,24,12,Traced,,1,sense_hearing,,,,,cb_sensory
17926,LC4,LC4_R,R,acetylcholine,0.9271884560585022,408,3112,Traced,12032.0,1,sense_looming,30.990770592446445,-20.94900589561172,12.79407095919828,8.602588362172856,visual_projection
40378,LC6,LC6_L,L,acetylcholine,0.9269983172416688,244,697,Traced,18842.0,1,sense_looming,96.86860282751536,-30.203464483779065,10.582343692429196,3.534239167026654,visual_projection
192450,JO-CM,JO-CM_L,L,acetylcholine,0.899832546710968,285,122,Traced,,1,sense_hearing,,,,,cb_sensory
232880,JO-A1,JO-A1_L,L,acetylcholine,0.8481336832046509,161,60,Traced,,1,sense_hearing,,,,,cb_sensory
545702226,JO-EV1,JO-EV1_R,R,acetylcholine,0.6357499957084656,189,98,Traced,,1,sense_hearing,,,,,cb_sensory
62280,LC10a,LC10a_L,L,acetylcholine,0.9394745230674744,165,759,Traced,10573.0,1,sense_pursuit,-13.572927865791211,6.46544043675253,3.551455256243057,5.021415374461386,visual_projection
32661,LC6,LC6_R,R,acetylcholine,0.9519535899162292,213,896,Traced,18842.0,1,sense_looming,63.21677931604633,-32.4797344433603,11.384081884986925,4.434952386982571,visual_projection
18672,LPLC2,LPLC2_R,R,acetylcholine,0.9573228359222412,446,2790,Traced,11498.0,1,sense_looming,2.023642634523519,24.98733545380001,7.112819384148139,7.319061121042736,visual_projection
29523,CB1638,CB1638_R,R,acetylcholine,0.9383308291435242,213,823,Traced,,1,middle_feedback,,,,,cb_intrinsic
555500,DNg29,DNg29_R,R,acetylcholine,0.942352294921875,2546,7515,Traced,10536.0,1,middle_feedback,,,,,descending_neuron
11435,LoVP54,LoVP54_R,R,acetylcholine,0.9544240236282348,2051,5893,Traced,,1,middle_feedback,,,,,visual_projection
36311,LC6,LC6_L,L,acetylcholine,0.9468408226966858,209,556,Traced,18842.0,1,sense_looming,18.71938469349461,-5.630759540049979,9.70387409746012,3.5278137977842747,visual_projection
12237,SAD055,SAD055_L,L,acetylcholine,0.8803651332855225,1120,2243,Traced,12237.0,1,middle_feedback,,,,,cb_intrinsic
33694,LPLC2,LPLC2_R,R,acetylcholine,0.955778419971466,256,1522,Traced,11498.0,1,sense_looming,126.75069735688056,22.30390013498966,7.756121419563174,5.349683262898987,visual_projection
34351,LC10a,LC10a_L,L,acetylcholine,0.9386431574821472,242,787,Traced,10573.0,1,sense_pursuit,17.723526046030507,-30.503857706491825,4.621848537485854,3.3152730659798304,visual_projection
15420,SAD001,SAD001_L,L,acetylcholine,0.9641807675361632,460,1996,Traced,10743.0,1,middle_feedback,,,,,cb_intrinsic
26740,LC10a,LC10a_L,L,acetylcholine,0.9447243213653564,388,1209,Traced,10573.0,1,sense_pursuit,35.61333712179715,-4.157236039492162,8.339569432552596,3.571626407719251,visual_projection
513691,LAL026_a,LAL026_a_R,R,acetylcholine,0.9732582569122314,659,4460,Traced,10962.0,1,middle_feedback,,,,,cb_intrinsic
85544,AVLP452,AVLP452_R,R,acetylcholine,0.8915059566497803,338,2913,Traced,85544.0,1,middle_gf,,,,,cb_intrinsic
921745,JO-ED2_b,JO-ED2_b_R,R,acetylcholine,0.9287827610969543,274,152,Traced,,1,sense_hearing,,,,,cb_sensory
10252,CL001,CL001_R,R,glutamate,0.7961288094520569,2621,16277,Traced,10252.0,-1,middle_feedback,,,,,cb_intrinsic
11498,LPLC2,LPLC2_L,L,acetylcholine,0.9719991087913512,354,1588,Traced,11498.0,1,sense_looming,38.782105482444734,-40.31436640757794,13.06235447560292,5.775090568051892,visual_projection
10971,DNa11,DNa11(VES008)_L,L,acetylcholine,0.969733476638794,2523,13027,Traced,10971.0,1,middle_feedback,,,,,descending_neuron
524215,SMP148,SMP148_R,R,gaba,0.7746286988258362,786,5749,Traced,14608.0,-1,middle_feedback,,,,,cb_intrinsic
23775,AOTU016_b,AOTU016_b_L,L,acetylcholine,0.945854902267456,437,2695,Traced,19066.0,1,middle_feedback,,,,,cb_intrinsic
145198,JO-EV6,JO-EV6_L,L,acetylcholine,0.9172712564468384,253,116,Traced,,1,sense_hearing,,,,,cb_sensory
10100,LoVCLo3,LoVCLo3_R,R,octopamine,0.8676259517669678,8584,13315,Traced,10100.0,0,middle_feedback,,,,,visual_centrifugal
28011,LPLC2,LPLC2_L,L,acetylcholine,0.9590233564376832,309,1679,Traced,11498.0,1,sense_looming,94.70614141014605,25.52197339561846,7.458883107196496,4.609202813178225,visual_projection
23128,LC10a,LC10a_R,R,acetylcholine,0.9583680629730223,356,1367,Traced,10573.0,1,sense_pursuit,70.27776567136966,1.5206351895269703,8.554866112189895,3.817716027310622,visual_projection
100485,LC4,LC4_L,L,acetylcholine,0.9441555142402648,317,2063,Traced,12032.0,1,sense_looming,69.27452332917882,28.551608126618348,11.756779811331056,6.4822654295508775,visual_projection
308087,JO-A1,JO-A1_R,R,acetylcholine,0.9099541902542114,15,17,Traced,,1,sense_hearing,,,,,cb_sensory
520657,JO-B4_b,JO-B4_b_L,L,acetylcholine,0.9747326970100404,230,107,Traced,,1,sense_hearing,,,,,cb_sensory
37485,LC6,LC6_R,R,acetylcholine,0.9476541876792908,215,697,Traced,18842.0,1,sense_looming,96.23721562777844,-9.312669196270434,13.514723936910572,4.648820853836512,visual_projection
10373,PVLP141,PVLP141_L,L,acetylcholine,0.9379583597183228,1505,8182,Traced,10373.0,1,middle_feedback,,,,,cb_intrinsic
514084,JO-ED2_b,JO-ED2_b_R,R,acetylcholine,0.8585060834884644,317,188,Traced,,1,sense_hearing,,,,,cb_sensory
308970,JO-FV,JO-FV_L,L,acetylcholine,0.9567603468894958,108,102,Traced,,1,sense_hearing,,,,,cb_sensory
11102,PVLP046,PVLP046_L,L,gaba,0.871385395526886,579,894,Traced,11102.0,-1,middle_feedback,,,,,visual_centrifugal
801828,IN12B015,IN12B015_L,L,gaba,0.8846696019172668,1349,3898,Traced,801828.0,-1,middle_feedback,,,,,vnc_intrinsic
47400,LC10a,LC10a_R,R,acetylcholine,0.9364466071128844,152,525,Traced,10573.0,1,sense_pursuit,159.98138358221752,-17.32974509516181,5.955603412307651,5.393044566756909,visual_projection
14700,AN01A086,AN01A086_R,R,acetylcholine,0.9611670970916748,1716,2182,Traced,14700.0,1,middle_feedback,,,,,ascending_neuron
518983,LC4,LC4_L,L,acetylcholine,0.9693805575370787,363,2184,Traced,12032.0,1,sense_looming,87.3366978947114,-44.48857254635681,12.953398765453986,5.155530010496435,visual_projection
24840,LPLC2,LPLC2_L,L,acetylcholine,0.9715259671211244,303,2087,Traced,11498.0,1,sense_looming,71.40832503793851,1.0143479817983092,9.139788282278802,5.8198579722724135,visual_projection
19787,LPLC2,LPLC2_L,L,acetylcholine,0.938894748687744,379,2009,Traced,11498.0,1,sense_looming,47.01396017013257,41.632433793795954,9.115018847831124,3.844635693018401,visual_projection
512176,CB2824,CB2824_L,L,gaba,0.8320827484130859,385,2052,Traced,,-1,middle_feedback,,,,,cb_intrinsic
533752,CB1948,CB1948_L,L,gaba,0.8231988549232483,388,2147,Traced,18167.0,-1,middle_feedback,,,,,cb_intrinsic
15584,LT52,LT52_R,R,glutamate,0.7619271278381348,761,4140,Traced,14485.0,-1,middle_feedback,,,,,visual_projection
15513,WED106,WED106_L,L,gaba,0.8300103545188904,783,1487,Traced,15513.0,-1,middle_feedback,,,,,cb_intrinsic
41222,LC6,LC6_R,R,acetylcholine,0.9269704818725586,203,672,Traced,18842.0,1,sense_looming,85.36372643405038,-26.82893534175813,12.575183808432833,3.675950361511701,visual_projection
19508,CB0356,CB0356_L,L,acetylcholine,0.935348093509674,419,2527,Traced,19508.0,1,middle_feedback,,,,,cb_intrinsic
97665,M_lvPNm33,M_lvPNm33_R,R,acetylcholine,0.9562121033668518,262,431,Traced,15746.0,1,smell_pn,,,,,cb_intrinsic
135957,ORN_VA2,ORN_VA2_R,R,acetylcholine,0.926855444908142,243,312,Traced,,1,sense_smell,,,,,cb_sensory
521156,M_lvPNm25,M_lvPNm25_R,R,acetylcholine,0.9613534212112428,435,608,Traced,20915.0,1,smell_pn,,,,,cb_intrinsic
28332,GNG150,GNG150_R,R,gaba,0.7908139228820801,1461,3289,Traced,28332.0,-1,middle_feedback,,,,,cb_intrinsic
860366351,ORN_DM2,ORN_DM2_L,L,acetylcholine,0.9665319323539734,118,141,Traced,,1,sense_smell,,,,,cb_sensory
523590,GNG015,GNG015_L,L,gaba,0.765113890171051,1438,9579,Traced,28181.0,-1,middle_taste,,,,,cb_intrinsic
567143,GNG208,GNG208_R,R,acetylcholine,0.6966946721076965,912,903,Traced,18148.0,1,middle_feedback,,,,,cb_intrinsic
272263,LB3b,LB3b_L,L,acetylcholine,0.7895155549049377,115,170,Traced,,1,sense_taste,,,,,cb_sensory
21561,,18097_L,L,acetylcholine,0.6994379162788391,566,1383,Traced,18097.0,1,middle_feedback,,,,,cb_intrinsic
555256,GNG017,GNG017_L,L,gaba,0.8439479470252991,1118,6941,Traced,555256.0,-1,middle_feedback,,,,,cb_intrinsic
517425,CB1165,CB1165_L,L,acetylcholine,0.8507025837898254,453,855,Traced,,1,middle_feedback,,,,,cb_intrinsic
202063,dorsal_tpGRN,dorsal_tpGRN_L,L,acetylcholine,0.7293472290039062,280,153,Traced,129802.0,1,sense_taste,,,,,cb_sensory
64414,GNG243,GNG243_L,L,acetylcholine,0.8946103453636169,653,1242,Traced,64414.0,1,middle_feedback,,,,,cb_intrinsic
902023,ORN_DM1,ORN_DM1_L,L,acetylcholine,0.9268102645874025,81,90,Traced,,1,sense_smell,,,,,cb_sensory
21670,GNG077,GNG077_L,L,acetylcholine,0.9316153526306152,1101,1708,Traced,15903.0,1,middle_feedback,,,,,cb_intrinsic
13131,CL344_a,CL344_a_R,R,unclear,0.5412434935569763,871,2326,Traced,13131.0,0,middle_feedback,,,,,cb_intrinsic
13491,PhG4,PhG4_R,R,acetylcholine,0.7774381637573242,697,393,Traced,13491.0,1,sense_taste,,,,,cb_sensory
514547,LB1b,LB1b_L,L,unclear,0.5315673351287842,356,294,Traced,,0,sense_taste,,,,,cb_sensory
766547228,LB3b,LB3b_L,L,acetylcholine,0.7001053690910339,53,48,Traced,,1,sense_taste,,,,,cb_sensory
11723,SMP163,SMP163_R,R,gaba,0.841434121131897,2306,8020,Traced,11723.0,-1,middle_feedback,,,,,cb_intrinsic
10702,M_l2PNl20,M_l2PNl20_L,L,acetylcholine,0.9477356672286988,2299,10093,Traced,10567.0,1,smell_pn,,,,,cb_intrinsic
13872,VES022,VES022_R,R,gaba,0.7856533527374268,525,2897,Traced,12796.0,-1,middle_feedback,,,,,cb_intrinsic
225117,ORN_DP1m,ORN_DP1m_L,L,acetylcholine,0.9089412093162536,678,831,Traced,,1,sense_smell,,,,,cb_sensory
10217,pC1x_b,pC1x_b_L,L,acetylcholine,0.9472931623458862,1553,5785,Traced,10217.0,1,court_p1,,,,,cb_intrinsic
811117,LgLG1b,LgLG1b_R,R,unclear,0.4211760759353637,219,310,Traced,,0,sense_touch,,,,,vnc_sensory
520086,mAL_m5b,mAL_m5b_L,L,gaba,0.5691208243370056,560,2344,Traced,11519.0,-1,middle_court,,,,,cb_intrinsic
23301,AN27X022,AN27X022_L,L,gaba,0.6662245392799377,609,588,Traced,14579.0,-1,middle_taste,,,,,ascending_neuron
14157,DNge173,DNge173_R,R,acetylcholine,0.9712756276130676,1403,5994,Traced,14157.0,1,middle_feedback,,,,,descending_neuron
301799,ORN_VA2,ORN_VA2_L,L,acetylcholine,0.9422208070755004,179,194,Traced,,1,sense_smell,,,,,cb_sensory
28473,GNG465,GNG465_R,R,acetylcholine,0.9540066123008728,327,1079,Traced,28473.0,1,middle_feedback,,,,,cb_intrinsic
10940,AVLP732m,AVLP732m_L,L,acetylcholine,0.9604476094245912,951,1492,Traced,10940.0,1,middle_feedback,,,,,cb_intrinsic
164437,claw_tpGRN,claw_tpGRN_L,L,acetylcholine,0.7940395474433899,134,173,Traced,,1,sense_taste,,,,,cb_sensory
17726,VES022,VES022_L,L,gaba,0.7768040895462036,547,2961,Traced,12796.0,-1,middle_feedback,,,,,cb_intrinsic
532745,ORN_DM1,ORN_DM1_R,R,acetylcholine,0.9389607310295104,217,322,Traced,,1,sense_smell,,,,,cb_sensory
185253,ORN_DM4,ORN_DM4_R,R,acetylcholine,0.9264422655105592,221,255,Traced,,1,sense_smell,,,,,cb_sensory
32101,GNG239,GNG239_R,R,gaba,0.6427537798881531,329,1047,Traced,29109.0,-1,middle_feedback,,,,,cb_intrinsic
202705,ORN_DM1,ORN_DM1_R,R,acetylcholine,0.9499707221984864,196,264,Traced,,1,sense_smell,,,,,cb_sensory
14103,SIP117m,SIP117m_L,L,glutamate,0.7953647971153259,1646,3392,Traced,14103.0,-1,middle_feedback,,,,,cb_intrinsic
383889,ORN_DM2,ORN_DM2_L,L,acetylcholine,0.9639692306518556,180,234,Traced,,1,sense_smell,,,,,cb_sensory
12035,AN17A008,AN17A008_R,R,acetylcholine,0.962426483631134,1735,3124,Traced,12035.0,1,middle_feedback,,,,,ascending_neuron
28381,GNG319,GNG319_R,R,gaba,0.5231612920761108,433,1052,Traced,26832.0,-1,middle_feedback,,,,,cb_intrinsic
388541892,LB3a,LB3a_R,R,acetylcholine,0.8003214001655579,100,135,Traced,,1,sense_taste,,,,,cb_sensory
11080,DM2_lPN,DM2_lPN_L,L,acetylcholine,0.9512948393821716,2483,5550,Traced,11080.0,1,smell_pn,,,,,cb_intrinsic
160643,ORN_DM1,ORN_DM1_L,L,acetylcholine,0.9557215571403505,204,283,Traced,,1,sense_smell,,,,,cb_sensory
516522,pC1_14a,pC1_14a_R,R,acetylcholine,0.90691477060318,386,1102,Traced,23695.0,1,court_p1,,,,,cb_intrinsic
13597,SIP121m,SIP121m_L,L,glutamate,0.7161965370178223,402,2447,Traced,12560.0,-1,middle_feedback,,,,,cb_intrinsic
10353,AVLP538,AVLP538_R,R,unclear,0.3534522652626037,5968,31013,Traced,10353.0,0,middle_feedback,,,,,cb_intrinsic
29095,GNG605,GNG605_L,L,gaba,0.8620800971984863,402,807,Traced,29095.0,-1,middle_feedback,,,,,cb_intrinsic
13029,SIP025,SIP025_L,L,acetylcholine,0.9381275177001952,1588,3333,Traced,12681.0,1,middle_court,,,,,cb_intrinsic
49147,,,L,acetylcholine,0.7935705184936523,1000,2354,Traced,14773.0,1,middle_taste,,,,,cb_intrinsic
22720,AVLP753m,AVLP753m_R,R,acetylcholine,0.7440294027328491,344,1159,Traced,22720.0,1,middle_feedback,,,,,cb_intrinsic
519761,SMP082,SMP082_R,R,glutamate,0.7758413553237915,2194,4457,Traced,38425.0,-1,middle_feedback,,,,,cb_intrinsic
183849,ORN_DM4,ORN_DM4_R,R,acetylcholine,0.9386367797851562,215,207,Traced,,1,sense_smell,,,,,cb_sensory
154544,LB1a,LB1a_R,R,acetylcholine,0.6982014179229736,203,199,Traced,,1,sense_taste,,,,,cb_sensory
185543,ORN_DM2,ORN_DM2_L,L,acetylcholine,0.9634146690368652,171,255,Traced,,1,sense_smell,,,,,cb_sensory
32632,GNG401,GNG401_L,L,acetylcholine,0.935458242893219,345,1240,Traced,14960.0,1,middle_feedback,,,,,cb_intrinsic
29244,M_lvPNm33,M_lvPNm33_L,L,acetylcholine,0.9638376832008362,356,599,Traced,15746.0,1,smell_pn,,,,,cb_intrinsic
12915,Z_vPNml1,Z_vPNml1_R,R,gaba,0.6675401329994202,839,1518,Traced,12915.0,-1,middle_feedback,,,,,cb_intrinsic
526948,ANXXX462b,ANXXX462b_R,R,acetylcholine,0.9672901630401612,782,2430,Traced,526948.0,1,middle_taste,,,,,ascending_neuron
125721,pC1_19,pC1_19_R,R,acetylcholine,0.8991809487342834,231,407,Traced,68624.0,1,court_p1,,,,,cb_intrinsic
39335,GNG318,GNG318_R,R,acetylcholine,0.8171336650848389,252,785,Traced,14125.0,1,middle_feedback,,,,,cb_intrinsic
182050,ORN_DM2,ORN_DM2_R,R,acetylcholine,0.9599859714508056,197,305,Traced,,1,sense_smell,,,,,cb_sensory
514188,PhG6,PhG6_R,R,acetylcholine,0.9473083019256592,494,479,Traced,514188.0,1,sense_taste,,,,,cb_sensory
13861,GNG044,GNG044_R,R,acetylcholine,0.7974338531494141,1534,3579,Traced,13861.0,1,middle_feedback,,,,,cb_intrinsic
520669,GNG028,GNG028_L,L,gaba,0.8696707487106323,1058,3686,Traced,11506.0,-1,middle_feedback,,,,,cb_intrinsic
26750,FLA001m,FLA001m_L,L,acetylcholine,0.91276216506958,469,707,Traced,14146.0,1,middle_feedback,,,,,cb_intrinsic
19562,ALON2,ALON2_L,L,acetylcholine,0.915826380252838,559,809,Traced,15335.0,1,middle_taste,,,,,cb_intrinsic
15259,GNG132,GNG132_R,R,acetylcholine,0.9460785388946532,1082,3851,Traced,15259.0,1,middle_taste,,,,,cb_intrinsic
209155,LB3b,LB3b_R,R,acetylcholine,0.8257302045822144,143,238,Traced,,1,sense_taste,,,,,cb_sensory
161922,ORN_DM1,ORN_DM1_R,R,acetylcholine,0.9339760541915894,238,332,Traced,,1,sense_smell,,,,,cb_sensory
10563,GNG109,GNG109_L,L,gaba,0.8547413349151611,1282,5433,Traced,10563.0,-1,middle_feedback,,,,,cb_intrinsic
557640,GNG209,GNG209_R,R,acetylcholine,0.8944094181060791,591,1882,Traced,73405.0,1,middle_feedback,,,,,cb_intrinsic
17768,GNG483,GNG483_R,R,gaba,0.8127588629722595,408,1568,Traced,17768.0,-1,middle_feedback,,,,,cb_intrinsic
14670,GNG576,GNG576_R,R,glutamate,0.7951554656028748,1023,2967,Traced,14670.0,-1,middle_feedback,,,,,cb_intrinsic
517889,PhG6,PhG6_L,L,acetylcholine,0.8288189768791199,418,492,Traced,514188.0,1,sense_taste,,,,,cb_sensory
13602,PRW062,PRW062_L,L,acetylcholine,0.8534497618675232,1189,3092,Traced,13502.0,1,middle_feedback,,,,,cb_intrinsic
29283,LH006m,LH006m_R,R,acetylcholine,0.8117821216583252,398,1185,Traced,29283.0,1,middle_feedback,,,,,cb_intrinsic
520090,mAL_m2b,mAL_m2b_L,L,gaba,0.6898438334465027,610,2420,Traced,16548.0,-1,middle_court,,,,,cb_intrinsic
925694,ORN_VA2,ORN_VA2_L,L,acetylcholine,0.9316337704658508,45,72,Traced,,1,sense_smell,,,,,cb_sensory
13520,FLA001m,FLA001m_L,L,acetylcholine,0.9210419058799744,487,698,Traced,13520.0,1,middle_feedback,,,,,cb_intrinsic
16535,AN09B017c,AN09B017c_R,R,glutamate,0.9414597749710084,1516,1519,Traced,16535.0,-1,relay_vab3,,,,,ascending_neuron
48783,GNG206,GNG206_L,L,glutamate,0.708004891872406,744,1892,Traced,17043.0,-1,middle_taste,,,,,cb_intrinsic
11588,GNG590,GNG590_R,R,gaba,0.8657199144363403,1261,7322,Traced,11588.0,-1,middle_feedback,,,,,cb_intrinsic
13538,AN03A008,AN03A008_L,L,acetylcholine,0.9461939930915833,2548,2261,Traced,13137.0,1,middle_feedback,,,,,ascending_neuron
828620,LgLG8,LgLG8_R,R,unclear,0.5162701606750488,80,93,Traced,,0,sense_touch,,,,,vnc_sensory
215556,LB3c,LB3c_R,R,acetylcholine,0.9596125483512878,192,395,Traced,,1,sense_taste,,,,,cb_sensory
815942,LgLG8,LgLG8_L,L,unclear,0.5202174186706543,184,304,Traced,,0,sense_touch,,,,,vnc_sensory
41023,GNG455,GNG455_L,L,acetylcholine,0.7500734925270081,573,811,Traced,41023.0,1,middle_feedback,,,,,cb_intrinsic
29521,ORN_DP1m,ORN_DP1m_R,R,acetylcholine,0.9173946380615234,778,934,Traced,,1,sense_smell,,,,,cb_sensory
11527,DNg101,DNg101_L,L,acetylcholine,0.9538342356681824,2183,4895,Traced,11527.0,1,middle_feedback,,,,,descending_neuron
14557,PRW047,PRW047_R,R,acetylcholine,0.8902318477630615,1226,2616,Traced,14557.0,1,middle_feedback,,,,,cb_intrinsic
180771,ORN_VA2,ORN_VA2_unknown,,acetylcholine,0.9504895210266112,120,147,Traced,,1,sense_smell,,,,,cb_sensory
45856,GNG412,GNG412_L,L,acetylcholine,0.8328089118003845,273,830,Traced,28514.0,1,middle_feedback,,,,,cb_intrinsic
58186,SIP141m,SIP141m_L,L,glutamate,0.7030350565910339,354,1322,Traced,23680.0,-1,middle_feedback,,,,,cb_intrinsic
11571,AOTU042,AOTU042_R,R,gaba,0.8684719204902649,3739,10445,Traced,10212.0,-1,middle_feedback,,,,,cb_intrinsic
235199,ORN_VA2,ORN_VA2_unknown,,acetylcholine,0.947064995765686,105,101,Traced,,1,sense_smell,,,,,cb_sensory
21464,SIP121m,SIP121m_L,L,glutamate,0.6455171704292297,444,2911,Traced,12560.0,-1,middle_feedback,,,,,cb_intrinsic
43422,GNG465,GNG465_L,L,acetylcholine,0.9672213792800904,388,1086,Traced,28473.0,1,middle_feedback,,,,,cb_intrinsic
13998,VES205m,VES205m_R,R,acetylcholine,0.9594602584838868,826,2738,Traced,13998.0,1,middle_feedback,,,,,cb_intrinsic
181207,ORN_DM1,ORN_DM1_R,R,acetylcholine,0.9201102256774902,213,295,Traced,,1,sense_smell,,,,,cb_sensory
10310,GNG073,GNG073_R,R,gaba,0.8739858269691467,796,2316,Traced,10310.0,-1,middle_feedback,,,,,cb_intrinsic
200001,LB1e,LB1e_L,L,acetylcholine,0.7410985827445984,174,296,Traced,,1,sense_taste,,,,,cb_sensory
16222,GNG167,GNG167_L,L,acetylcholine,0.8579286336898804,862,2727,Traced,15926.0,1,middle_feedback,,,,,cb_intrinsic
13222,mAL_m5a,mAL_m5a_L,L,gaba,0.5156288146972656,550,1802,Traced,10405.0,-1,middle_court,,,,,cb_intrinsic
30373,GNG271,GNG271_L,L,acetylcholine,0.9393334984779358,465,804,Traced,30373.0,1,middle_feedback,,,,,cb_intrinsic
10049,VA7m_lPN,VA7m_lPN_L,L,acetylcholine,0.916166365146637,861,1620,Traced,10049.0,1,smell_pn,,,,,cb_intrinsic
13258,GNG022,GNG022_R,R,glutamate,0.816639244556427,1210,5205,Traced,11200.0,-1,middle_feedback,,,,,cb_intrinsic
15784,AVLP567,AVLP567_R,R,acetylcholine,0.9431995749473572,953,1998,Traced,15784.0,1,middle_feedback,,,,,cb_intrinsic
14100,GNG056,GNG056_L,L,serotonin,0.7239906191825867,1085,2838,Traced,14100.0,0,middle_taste,,,,,cb_intrinsic
188609,ORN_DM2,ORN_DM2_R,R,acetylcholine,0.9604017734527588,203,267,Traced,,1,sense_smell,,,,,cb_sensory
15649,GNG204,GNG204_L,L,acetylcholine,0.6709755063056946,494,1841,Traced,15649.0,1,middle_taste,,,,,cb_intrinsic
32428,GNG412,GNG412_R,R,acetylcholine,0.872282087802887,293,933,Traced,28514.0,1,middle_feedback,,,,,cb_intrinsic
524804,SIP143m,SIP143m_R,R,glutamate,0.7559161186218262,339,1322,Traced,36117.0,-1,middle_feedback,,,,,cb_intrinsic
816907,LgLG1b,LgLG1b_L,L,unclear,0.453241616487503,87,121,Traced,,0,sense_touch,,,,,vnc_sensory
556702,GNG119,GNG119_L,L,gaba,0.746004581451416,1820,2641,Traced,11932.0,-1,middle_feedback,,,,,cb_intrinsic
27329,aIPg7,aIPg7_R,R,acetylcholine,0.9059035181999208,408,926,Traced,19415.0,1,middle_feedback,,,,,cb_intrinsic
24623,pC1_6b,pC1_6b_R,R,acetylcholine,0.958308219909668,472,1213,Traced,24623.0,1,court_p1,,,,,cb_intrinsic
522344,AVLP746m,AVLP746m_L,L,acetylcholine,0.9595020413398744,829,2558,Traced,14786.0,1,middle_feedback,,,,,cb_intrinsic
141661,ORN_VA2,ORN_VA2_L,L,acetylcholine,0.8954949378967285,257,291,Traced,,1,sense_smell,,,,,cb_sensory
10999,GNG700m,GNG700m_L,L,glutamate,0.7461868524551392,1903,4291,Traced,10999.0,-1,middle_feedback,,,,,cb_intrinsic
519766,PRW073,PRW073_R,R,glutamate,0.6157498955726624,1473,5074,Traced,519766.0,-1,middle_feedback,,,,,cb_intrinsic
13811,SIP115m,SIP115m_R,R,glutamate,0.683220386505127,425,1333,Traced,13811.0,-1,middle_feedback,,,,,cb_intrinsic
12948,GNG303,GNG303_L,L,gaba,0.8604140877723694,1632,3083,Traced,11387.0,-1,middle_feedback,,,,,cb_intrinsic
13611,GNG585,GNG585_L,L,acetylcholine,0.8364110589027405,1071,1606,Traced,10961.0,1,middle_feedback,,,,,cb_intrinsic
916720,ORN_DM2,ORN_DM2_R,R,acetylcholine,0.9640656113624572,182,255,Traced,,1,sense_smell,,,,,cb_sensory
10511,SMP604,SMP604_R,R,glutamate,0.7361047863960266,2269,2630,Traced,,-1,middle_feedback,,,,,cb_intrinsic
512551,LB3c,LB3c_L,L,acetylcholine,0.9439337253570556,346,518,Traced,,1,sense_taste,,,,,cb_sensory
11241,DNge143,DNge143_R,R,gaba,0.8830920457839966,2219,5872,Traced,10740.0,-1,middle_feedback,,,,,descending_neuron
24776,GNG078,GNG078_R,R,gaba,0.7373634576797485,715,1919,Traced,24776.0,-1,middle_feedback,,,,,cb_intrinsic
808278,LgLG1a,LgLG1a_R,R,acetylcholine,0.9234601855278016,322,386,Traced,,1,sense_touch,,,,,vnc_sensory
821826349,LB2c,LB2c_L,L,acetylcholine,0.788979709148407,120,95,Traced,,1,sense_taste,,,,,cb_sensory
15493,AVLP715m,AVLP715m_R,R,acetylcholine,0.947251558303833,600,2559,Traced,11799.0,1,middle_feedback,,,,,cb_intrinsic
204726,LB3d,LB3d_L,L,acetylcholine,0.8975298404693604,138,172,Traced,,1,sense_taste,,,,,cb_sensory
82266,,,R,acetylcholine,0.9499664306640624,196,346,Traced,,1,middle_taste,,,,,cb_intrinsic
34184,mAL_m8,mAL_m8_R,R,gaba,0.6866613626480103,532,1800,Traced,19128.0,-1,middle_court,,,,,cb_intrinsic
14593,GNG180,GNG180_R,R,gaba,0.8506307005882263,746,2344,Traced,14593.0,-1,middle_taste,,,,,cb_intrinsic
17840,GNG066,GNG066_L,L,gaba,0.7458897233009338,855,2346,Traced,17840.0,-1,middle_taste,,,,,cb_intrinsic
12819,GNG026,GNG026_L,L,gaba,0.8718845844268799,1075,3910,Traced,12819.0,-1,middle_taste,,,,,cb_intrinsic
77213,GNG248,GNG248_L,L,acetylcholine,0.9179269075393676,1057,1057,Traced,77213.0,1,middle_feedback,,,,,cb_intrinsic
26833,pC1_16b,pC1_16b_L,L,acetylcholine,0.8900395035743713,469,830,Traced,26833.0,1,court_p1,,,,,cb_intrinsic
15383,VES202m,VES202m_L,L,glutamate,0.7605975866317749,782,1587,Traced,10585.0,-1,middle_feedback,,,,,cb_intrinsic
40463,GNG394,GNG394_R,R,gaba,0.839051365852356,917,5722,Traced,40463.0,-1,middle_feedback,,,,,cb_intrinsic
11021,GNG016,GNG016_L,L,unclear,0.4802351295948028,1750,8476,Traced,11021.0,0,middle_feedback,,,,,cb_intrinsic
26210,GNG401,GNG401_R,R,acetylcholine,0.946908950805664,383,1501,Traced,14960.0,1,middle_feedback,,,,,cb_intrinsic
12821,DNg54,DNg54_R,R,acetylcholine,0.958890974521637,1042,3566,Traced,12821.0,1,middle_feedback,,,,,descending_neuron
533618,LB1c,LB1c_L,L,acetylcholine,0.7179110050201416,309,205,Traced,,1,sense_taste,,,,,cb_sensory
916953,LB3d,LB3d_R,R,acetylcholine,0.825607180595398,234,279,Traced,,1,sense_taste,,,,,cb_sensory
93290,LB3d,LB3d_L,L,acetylcholine,0.932103991508484,409,530,Traced,,1,sense_taste,,,,,cb_sensory
210344,LB3d,LB3d_R,R,acetylcholine,0.4740400612354278,195,155,Traced,,1,sense_taste,,,,,cb_sensory
10094,AVLP597,AVLP597_L,L,gaba,0.8126165270805359,3762,14724,Traced,10094.0,-1,middle_feedback,,,,,cb_intrinsic
20296,SIP109m,SIP109m_L,L,acetylcholine,0.8717947602272034,622,1992,Traced,16906.0,1,middle_feedback,,,,,cb_intrinsic
28674,GNG397,GNG397_R,R,acetylcholine,0.6721128821372986,355,1578,Traced,,1,middle_feedback,,,,,cb_intrinsic
777730219,claw_tpGRN,claw_tpGRN_L,L,acetylcholine,0.9078565239906312,58,39,Traced,,1,sense_taste,,,,,cb_sensory
813704,LgLG5,LgLG5_R,R,glutamate,0.5744695067405701,189,343,Traced,,-1,sense_touch,,,,,vnc_sensory
17129,GNG187,GNG187_L,L,acetylcholine,0.6803134679794312,825,2025,Traced,17006.0,1,middle_feedback,,,,,cb_intrinsic
12806,GNG578,GNG578_R,R,unclear,0.418739914894104,1035,3051,Traced,12806.0,0,middle_feedback,,,,,cb_intrinsic
59347,AVLP711m,AVLP711m_L,L,acetylcholine,0.9501832723617554,909,3354,Traced,17469.0,1,middle_court,,,,,cb_intrinsic
515440,DP1m_vPN,DP1m_vPN_L,L,gaba,0.8373050093650818,229,396,Traced,54892.0,-1,smell_pn,,,,,cb_intrinsic
37111,GNG457,GNG457_L,L,acetylcholine,0.954154133796692,1414,3609,Traced,32461.0,1,middle_feedback,,,,,cb_intrinsic
517256,PhG13,PhG13_L,L,acetylcholine,0.6751421093940735,785,404,Traced,517256.0,1,sense_taste,,,,,cb_sensory
12941,DNge137,DNge137_R,R,acetylcholine,0.8674383163452148,1796,2088,Traced,12941.0,1,middle_feedback,,,,,descending_neuron
10557,GNG137,GNG137_L,L,unclear,0.6494351029396057,1600,3605,Traced,10557.0,0,middle_taste,,,,,cb_intrinsic
10967,DNg70,DNg70_R,R,gaba,0.7733074426651001,5514,5223,Traced,10967.0,-1,middle_feedback,,,,,descending_neuron
20178,GNG204,GNG204_R,R,acetylcholine,0.812384307384491,656,1924,Traced,15649.0,1,middle_taste,,,,,cb_intrinsic
282395216,ORN_VA2,ORN_VA2_L,L,acetylcholine,0.8849171996116638,54,76,Traced,,1,sense_smell,,,,,cb_sensory
12113,PRW070,PRW070_R,R,gaba,0.768388569355011,2155,4595,Traced,12022.0,-1,middle_feedback,,,,,cb_intrinsic
13738,mAL_m8,mAL_m8_L,L,gaba,0.6012080311775208,570,2064,Traced,13738.0,-1,middle_feedback,,,,,cb_intrinsic
127881,pC1_19,pC1_19_L,L,acetylcholine,0.8995128273963928,219,440,Traced,68624.0,1,court_p1,,,,,cb_intrinsic
26153,pC1_10b,pC1_10b_L,L,acetylcholine,0.9378132820129396,420,1124,Traced,26153.0,1,court_p1,,,,,cb_intrinsic
13313,GNG035,GNG035_R,R,gaba,0.8683325052261353,1832,3463,Traced,13313.0,-1,middle_feedback,,,,,cb_intrinsic
812159,LgLG8,LgLG8_L,L,unclear,0.3599695861339569,267,400,Traced,,0,sense_touch,,,,,vnc_sensory
43802,SMP716m,SMP716m_R,R,acetylcholine,0.8794161081314087,437,388,Traced,43802.0,1,middle_feedback,,,,,cb_intrinsic
561653,PhG5,PhG5_L,L,acetylcholine,0.7227885723114014,596,463,Traced,522757.0,1,sense_taste,,,,,cb_sensory
269408,ORN_DP1m,ORN_DP1m_L,L,acetylcholine,0.927165389060974,612,839,Traced,,1,sense_smell,,,,,cb_sensory
556797,LB1a,LB1a_R,R,acetylcholine,0.691869854927063,195,198,Traced,,1,sense_taste,,,,,cb_sensory
41518,pC1_8c,pC1_8c_R,R,acetylcholine,0.9534761905670166,638,1151,Traced,41518.0,1,court_p1,,,,,cb_intrinsic
42028,PhG15,PhG15_R,R,acetylcholine,0.860999584197998,417,398,Traced,42028.0,1,sense_taste,,,,,cb_sensory
67624,pC1_16a,pC1_16a_R,R,acetylcholine,0.94781094789505,577,1525,Traced,23789.0,1,court_p1,,,,,cb_intrinsic
517861,GNG041,GNG041_R,R,gaba,0.8782488107681274,763,3680,Traced,43293.0,-1,middle_taste,,,,,cb_intrinsic
14125,GNG318,GNG318_R,R,acetylcholine,0.7786927223205566,247,867,Traced,14125.0,1,middle_feedback,,,,,cb_intrinsic
518673,mAL_m3b,mAL_m3b_R,R,unclear,0.4798420667648315,312,796,Traced,11147.0,0,middle_feedback,,,,,cb_intrinsic
514628,GNG262,GNG262_R,R,gaba,0.8623363375663757,1032,856,Traced,92829.0,-1,middle_feedback,,,,,cb_intrinsic
516135,GNG226,GNG226_R,R,acetylcholine,0.9612773060798644,937,1581,Traced,18218.0,1,middle_feedback,,,,,cb_intrinsic
812052,LgLG1b,LgLG1b_R,R,unclear,0.4399997293949127,198,300,Traced,,0,sense_touch,,,,,vnc_sensory
137788,ORN_VA2,ORN_VA2_R,R,acetylcholine,0.958556830883026,240,322,Traced,,1,sense_smell,,,,,cb_sensory
519243,ORN_DM2,ORN_DM2_R,R,acetylcholine,0.957021176815033,219,303,Traced,,1,sense_smell,,,,,cb_sensory
10471,GNG118,GNG118_L,L,glutamate,0.7685315608978271,968,1120,Traced,10471.0,-1,middle_feedback,,,,,cb_intrinsic
811797,LgLG1a,LgLG1a_L,L,acetylcholine,0.8297678828239441,248,291,Traced,,1,sense_touch,,,,,vnc_sensory
138101,ORN_DP1m,ORN_DP1m_R,R,acetylcholine,0.9269205927848816,669,938,Traced,,1,sense_smell,,,,,cb_sensory
816273,LgLG1a,LgLG1a_L,L,acetylcholine,0.7803972363471985,145,126,Traced,,1,sense_touch,,,,,vnc_sensory
512861,GNG527,GNG527_L,L,gaba,0.8613390326499939,735,1380,Traced,17020.0,-1,middle_feedback,,,,,cb_intrinsic
204282,ORN_DM2,ORN_DM2_R,R,acetylcholine,0.9653541445732116,207,255,Traced,,1,sense_smell,,,,,cb_sensory
13104,DNpe030,DNpe030_R,R,acetylcholine,0.8563104867935181,2627,2765,Traced,12831.0,1,middle_feedback,,,,,descending_neuron
19091,GNG086,GNG086_L,L,acetylcholine,0.9582421779632568,1116,1820,Traced,17771.0,1,middle_taste,,,,,cb_intrinsic
66284,DNg47,DNg47_L,L,acetylcholine,0.8734809160232544,1004,1439,Traced,15286.0,1,middle_feedback,,,,,descending_neuron
10857,GNG033,GNG033_L,L,acetylcholine,0.7367109060287476,1712,3097,Traced,10857.0,1,middle_feedback,,,,,cb_intrinsic
26276,GNG258,GNG258_L,L,gaba,0.874762237071991,420,889,Traced,26276.0,-1,middle_feedback,,,,,cb_intrinsic
19650,pC1_3a,pC1_3a_L,L,acetylcholine,0.9567871689796448,863,2653,Traced,18974.0,1,court_p1,,,,,cb_intrinsic
16463,GNG172,GNG172_L,L,acetylcholine,0.8981711268424988,659,2460,Traced,16463.0,1,middle_feedback,,,,,cb_intrinsic
10211,LoVC9,LoVC9_R,R,gaba,0.8492226600646973,1612,3315,Traced,10211.0,-1,middle_feedback,,,,,visual_centrifugal
16508,M_lvPNm24,M_lvPNm24_R,R,acetylcholine,0.9586783647537231,1268,2350,Traced,12471.0,1,smell_pn,,,,,cb_intrinsic
512922,SIP143m,SIP143m_R,R,glutamate,0.7680477499961853,332,1200,Traced,36117.0,-1,middle_feedback,,,,,cb_intrinsic
256828,ORN_DP1m,ORN_DP1m_L,L,acetylcholine,0.9163861274719238,632,736,Traced,,1,sense_smell,,,,,cb_sensory
524426,GNG586,GNG586_L,L,gaba,0.8628717660903931,999,1529,Traced,524426.0,-1,middle_taste,,,,,cb_intrinsic
24980,mAL_m2b,mAL_m2b_R,R,gaba,0.5439642071723938,642,2213,Traced,16548.0,-1,middle_feedback,,,,,cb_intrinsic
16738,mAL_m7,mAL_m7_R,R,gaba,0.5951091647148132,714,2857,Traced,16738.0,-1,middle_court,,,,,cb_intrinsic
46697,mAL_m6,mAL_m6_R,R,unclear,0.499094545841217,364,743,Traced,15604.0,0,middle_feedback,,,,,cb_intrinsic
514881,AVLP567,AVLP567_L,L,acetylcholine,0.9341004490852356,954,1546,Traced,15784.0,1,middle_feedback,,,,,cb_intrinsic
39542,AVLP013,AVLP013_R,R,unclear,0.4312234818935394,322,669,Traced,29466.0,0,middle_feedback,,,,,cb_intrinsic
72881,PRW057,PRW057_L,L,unclear,0.434391975402832,538,2626,Traced,,0,middle_feedback,,,,,cb_intrinsic
115598,SIP122m,SIP122m_R,R,glutamate,0.7429814338684082,438,2048,Traced,49959.0,-1,middle_feedback,,,,,cb_intrinsic
69958,GNG387,GNG387_R,R,acetylcholine,0.9370121359825134,180,515,Traced,50622.0,1,middle_feedback,,,,,cb_intrinsic
13438,AVLP724m,AVLP724m_R,R,acetylcholine,0.9485139846801758,1109,2761,Traced,12899.0,1,middle_feedback,,,,,cb_intrinsic
32788,pC1_18b,pC1_18b_R,R,acetylcholine,0.9077707529067992,1072,3716,Traced,15035.0,1,court_p1,,,,,cb_intrinsic
819781,LgLG8,LgLG8_R,R,unclear,0.4382722973823547,124,244,Traced,,0,sense_touch,,,,,vnc_sensory
204881,ORN_VA2,ORN_VA2_unknown,,acetylcholine,0.9586045145988464,60,115,Traced,,1,sense_smell,,,,,cb_sensory
514396,GNG075,GNG075_L,L,gaba,0.8284584879875183,739,2135,Traced,21183.0,-1,middle_feedback,,,,,cb_intrinsic
190954,ORN_VA2,ORN_VA2_R,R,acetylcholine,0.940374791622162,254,278,Traced,,1,sense_smell,,,,,cb_sensory
21746,GNG038,GNG038_L,L,gaba,0.7767380475997925,975,3156,Traced,21746.0,-1,middle_feedback,,,,,cb_intrinsic
519914,pC1_1a,pC1_1a_L,L,acetylcholine,0.9351139664649964,490,1198,Traced,15208.0,1,court_p1,,,,,cb_intrinsic
33553,pC1_14a,pC1_14a_R,R,acetylcholine,0.9454958438873292,365,819,Traced,33553.0,1,court_p1,,,,,cb_intrinsic
165693,ORN_DM2,ORN_DM2_R,R,acetylcholine,0.9647359251976012,194,248,Traced,,1,sense_smell,,,,,cb_sensory
516239,ANXXX255,ANXXX255_L,L,acetylcholine,0.955932319164276,1238,1130,Traced,,1,middle_feedback,,,,,ascending_neuron
17823,GNG591,GNG591_R,R,unclear,0.8666586875915527,1451,1879,Traced,17823.0,0,middle_feedback,,,,,cb_intrinsic
18800,PVLP210m,PVLP210m_L,L,acetylcholine,0.969713807106018,580,1363,Traced,18034.0,1,middle_feedback,,,,,cb_intrinsic
13161,PVLP211m_b,PVLP211m_b_L,L,acetylcholine,0.9644505977630616,1132,2430,Traced,13161.0,1,middle_feedback,,,,,cb_intrinsic
516215,DNg67,DNg67_L,L,acetylcholine,0.9146658182144164,822,1131,Traced,22758.0,1,middle_feedback,,,,,descending_neuron
519862,AVLP029,AVLP029_L,L,gaba,0.7833718657493591,2783,6135,Traced,12125.0,-1,middle_feedback,,,,,cb_intrinsic
14026,AN05B004,AN05B004_L,L,gaba,0.685566246509552,4910,14610,Traced,11604.0,-1,middle_feedback,,,,,ascending_neuron
14385,GNG118,GNG118_R,R,glutamate,0.7742427587509155,992,1560,Traced,10471.0,-1,middle_feedback,,,,,cb_intrinsic
20860,GNG245,GNG245_L,L,glutamate,0.742775022983551,507,1001,Traced,18871.0,-1,middle_feedback,,,,,cb_intrinsic
20392,pC1_2c,pC1_2c_R,R,acetylcholine,0.9632545709609984,761,1614,Traced,20392.0,1,court_p1,,,,,cb_intrinsic
45834,GNG254,GNG254_R,R,gaba,0.8114734888076782,438,972,Traced,24883.0,-1,middle_feedback,,,,,cb_intrinsic
77434,GNG350,GNG350_L,L,gaba,0.5154282450675964,726,1781,Traced,15933.0,-1,middle_taste,,,,,cb_intrinsic
18913,pC1_2b,pC1_2b_L,L,acetylcholine,0.962180495262146,618,1493,Traced,18913.0,1,court_p1,,,,,cb_intrinsic
10590,DNpe052,DNpe052(AVLP564)_L,L,acetylcholine,0.9558674097061156,2571,4452,Traced,10590.0,1,middle_feedback,,,,,descending_neuron
13807,SMP157,SMP157_L,L,acetylcholine,0.8874457478523254,1587,4695,Traced,13807.0,1,middle_feedback,,,,,cb_intrinsic
534361,LB1e,LB1e_R,R,acetylcholine,0.8243690133094788,264,405,Traced,,1,sense_taste,,,,,cb_sensory
12752,DNge080,DNge080_L,L,acetylcholine,0.9525370597839355,1877,4146,Traced,12364.0,1,middle_taste,,,,,descending_neuron
29483,pC1_5b,pC1_5b_R,R,acetylcholine,0.9330130219459534,349,1021,Traced,29483.0,1,court_p1,,,,,cb_intrinsic
30029,aIPg7,aIPg7_L,L,acetylcholine,0.936639666557312,560,1843,Traced,23504.0,1,middle_court,,,,,cb_intrinsic
10976,DNge146,DNge146_R,R,gaba,0.8821142315864563,1234,5305,Traced,10976.0,-1,middle_feedback,,,,,descending_neuron
529282,FLA001m,FLA001m_R,R,acetylcholine,0.9299813508987428,368,587,Traced,14146.0,1,middle_feedback,,,,,cb_intrinsic
10122,SMP108,SMP108_R,R,acetylcholine,0.9443731904029846,3450,26519,Traced,10044.0,1,middle_feedback,,,,,cb_intrinsic
486076,ORN_DP1m,ORN_DP1m_L,L,acetylcholine,0.8895481824874878,638,750,Traced,,1,sense_smell,,,,,cb_sensory
869072,LgLG7,LgLG7_R,R,acetylcholine,0.6668344736099243,41,33,Traced,,1,sense_touch,,,,,vnc_sensory
20595,GNG247,GNG247_L,L,acetylcholine,0.9153944253921508,604,1099,Traced,20595.0,1,middle_feedback,,,,,cb_intrinsic
214895,ORN_VA2,ORN_VA2_unknown,,acetylcholine,0.9659169912338256,110,139,Traced,,1,sense_smell,,,,,cb_sensory
43216,M_lvPNm26,M_lvPNm26_L,L,acetylcholine,0.9293453097343444,278,767,Traced,20324.0,1,smell_pn,,,,,cb_intrinsic
521703,ORN_DP1m,ORN_DP1m_R,R,acetylcholine,0.9165713787078856,750,958,Traced,,1,sense_smell,,,,,cb_sensory
12934,M_l2PNl21,M_l2PNl21_R,R,acetylcholine,0.9111257791519164,1449,6757,Traced,11749.0,1,smell_pn,,,,,cb_intrinsic
533064,AVLP370_b,AVLP370_b_L,L,acetylcholine,0.9618577361106871,2559,6992,Traced,13108.0,1,middle_feedback,,,,,cb_intrinsic
20215,mAL_m6,mAL_m6_L,L,unclear,0.530918538570404,381,903,Traced,13701.0,0,middle_feedback,,,,,cb_intrinsic
18430,AN05B023c,AN05B023c_L,L,gaba,0.8061223030090332,1918,5575,Traced,18430.0,-1,middle_feedback,,,,,ascending_neuron
72059,LB3c,LB3c_R,R,acetylcholine,0.9468007683753968,382,545,Traced,,1,sense_taste,,,,,cb_sensory
920378,ORN_DM2,ORN_DM2_L,L,acetylcholine,0.845363199710846,45,73,Traced,,1,sense_smell,,,,,cb_sensory
167663,LB3a,LB3a_L,L,acetylcholine,0.8545507788658142,145,192,Traced,,1,sense_taste,,,,,cb_sensory
223836,LB2c,LB2c_L,L,acetylcholine,0.7630178332328796,224,180,Traced,,1,sense_taste,,,,,cb_sensory
15679,GNG177,GNG177_R,R,gaba,0.8999240398406982,407,2655,Traced,15679.0,-1,middle_feedback,,,,,cb_intrinsic
356393,ORN_DP1m,ORN_DP1m_L,L,acetylcholine,0.9006060361862183,589,697,Traced,,1,sense_smell,,,,,cb_sensory
16763,GNG552,GNG552_L,L,glutamate,0.5206784605979919,1229,2405,Traced,14384.0,-1,middle_feedback,,,,,cb_intrinsic
12058,SIP107m,SIP107m_R,R,glutamate,0.812482476234436,1606,1976,Traced,12058.0,-1,middle_feedback,,,,,cb_intrinsic
522750,mAL_m11,mAL_m11_R,R,gaba,0.5817022919654846,716,3113,Traced,522407.0,-1,middle_feedback,,,,,cb_intrinsic
12366,pC1x_a,pC1x_a_R,R,acetylcholine,0.9171805381774902,1548,3367,Traced,12366.0,1,court_p1,,,,,cb_intrinsic
11941,GNG084,GNG084_R,R,acetylcholine,0.7900400161743164,980,2264,Traced,11941.0,1,middle_feedback,,,,,cb_intrinsic
70643,LH006m,LH006m_L,L,acetylcholine,0.8678280115127563,317,999,Traced,29283.0,1,middle_feedback,,,,,cb_intrinsic
16269,AVLP732m,AVLP732m_R,R,acetylcholine,0.9601800441741944,867,1605,Traced,10940.0,1,middle_feedback,,,,,cb_intrinsic
14210,GNG048,GNG048_R,R,gaba,0.889171302318573,750,3481,Traced,14210.0,-1,middle_feedback,,,,,cb_intrinsic
43592,pC1_7b,pC1_7b_R,R,acetylcholine,0.918479025363922,482,1003,Traced,43592.0,1,court_p1,,,,,cb_intrinsic
17771,GNG086,GNG086_R,R,acetylcholine,0.9453517198562622,956,1429,Traced,17771.0,1,middle_feedback,,,,,cb_intrinsic
51096,FLA001m,FLA001m_R,R,acetylcholine,0.8914192914962769,465,679,Traced,14146.0,1,middle_feedback,,,,,cb_intrinsic
16740,LH004m,LH004m_R,R,gaba,0.5237742066383362,529,1631,Traced,15598.0,-1,middle_court,,,,,cb_intrinsic
530941,CL123_c,CL123_c_L,L,acetylcholine,0.9424471259117126,511,1710,Traced,17968.0,1,middle_feedback,,,,,cb_intrinsic
1050291528,LgLG6,LgLG6_L,L,acetylcholine,0.6024077534675598,107,149,Traced,,1,sense_touch,,,,,vnc_sensory
121521030,GNG072,GNG072_L,L,gaba,0.52333664894104,1279,2285,Traced,14352.0,-1,middle_feedback,,,,,cb_intrinsic
516221,mAL_m8,mAL_m8_R,R,gaba,0.5984150767326355,441,1298,Traced,19128.0,-1,middle_feedback,,,,,cb_intrinsic
555270,GNG017,GNG017_R,R,gaba,0.8667992353439331,1152,6958,Traced,555256.0,-1,middle_feedback,,,,,cb_intrinsic
522756,PhG1c,PhG1c_L,L,acetylcholine,0.7020761966705322,909,569,Traced,86931.0,1,sense_taste,,,,,cb_sensory
56510,DP1m_vPN,DP1m_vPN_L,L,gaba,0.8209741711616516,213,419,Traced,54892.0,-1,smell_pn,,,,,cb_intrinsic
176823,ORN_DP1m,ORN_DP1m_R,R,acetylcholine,0.910960018634796,684,768,Traced,,1,sense_smell,,,,,cb_sensory
17901,GNG195,GNG195_R,R,gaba,0.8110051155090332,776,2160,Traced,17901.0,-1,middle_feedback,,,,,cb_intrinsic
811772,LgLG7,LgLG7_R,R,acetylcholine,0.8185688853263855,255,272,Traced,,1,sense_touch,,,,,vnc_sensory
551768,ORN_DM1,ORN_DM1_L,L,acetylcholine,0.9409969449043274,230,273,Traced,,1,sense_smell,,,,,cb_sensory
426555,dorsal_tpGRN,dorsal_tpGRN_R,R,acetylcholine,0.8047261238098145,262,74,Traced,129802.0,1,sense_taste,,,,,cb_sensory
14146,FLA001m,FLA001m_R,R,acetylcholine,0.9106808304786682,484,744,Traced,14146.0,1,middle_feedback,,,,,cb_intrinsic
17098,pC1_6a,pC1_6a_L,L,acetylcholine,0.9386559128761292,403,963,Traced,17098.0,1,court_p1,,,,,cb_intrinsic
13393,GNG131,GNG131_R,R,gaba,0.8669130206108093,877,4210,Traced,11935.0,-1,middle_taste,,,,,cb_intrinsic
19705,pC1_2b,pC1_2b_R,R,acetylcholine,0.9629136323928832,657,1351,Traced,18913.0,1,court_p1,,,,,cb_intrinsic
16945,GNG252,GNG252_L,L,acetylcholine,0.9374496936798096,1065,939,Traced,16945.0,1,middle_feedback,,,,,cb_intrinsic
11909,GNG099,GNG099_L,L,gaba,0.6944800019264221,1359,4171,Traced,11909.0,-1,middle_feedback,,,,,cb_intrinsic
87484,VES206m,VES206m_R,R,acetylcholine,0.942955493927002,427,826,Traced,17900.0,1,middle_feedback,,,,,cb_intrinsic
15703,GNG524,GNG524_R,R,gaba,0.8594629168510437,725,2888,Traced,15703.0,-1,middle_feedback,,,,,cb_intrinsic
518012,SIP101m,SIP101m_R,R,glutamate,0.7890462875366211,548,1535,Traced,19121.0,-1,middle_feedback,,,,,cb_intrinsic
11708,SMP604,SMP604_L,L,glutamate,0.7495527267456055,2228,3199,Traced,,-1,middle_feedback,,,,,cb_intrinsic
91846,GNG481,GNG481_R,R,gaba,0.8956829309463501,295,1625,Traced,14322.0,-1,middle_feedback,,,,,cb_intrinsic
521231,GNG227,GNG227_L,L,acetylcholine,0.8883714079856873,964,1556,Traced,521231.0,1,middle_feedback,,,,,cb_intrinsic
14773,,,R,acetylcholine,0.8042221665382385,897,2891,Traced,14773.0,1,middle_feedback,,,,,cb_intrinsic
14322,GNG481,GNG481_L,L,gaba,0.882647693157196,347,1724,Traced,14322.0,-1,middle_feedback,,,,,cb_intrinsic
521727,GNG036,GNG036_R,R,glutamate,0.7403284907341003,1133,3849,Traced,11743.0,-1,middle_feedback,,,,,cb_intrinsic
555850,DNge077,DNge077_R,R,acetylcholine,0.9024595022201538,1099,1555,Traced,14249.0,1,middle_feedback,,,,,descending_neuron
517337,pC1_10a,pC1_10a_R,R,acetylcholine,0.9551331400871276,742,2248,Traced,18276.0,1,court_p1,,,,,cb_intrinsic
18479,mAL_m8,mAL_m8_L,L,gaba,0.67914217710495,474,1862,Traced,13738.0,-1,middle_court,,,,,cb_intrinsic
12434,ICL013m_a,ICL013m_a_L,L,glutamate,0.8024976253509521,509,1487,Traced,12434.0,-1,middle_feedback,,,,,cb_intrinsic
515346,SIP100m,SIP100m_L,L,glutamate,0.8029276728630066,497,1284,Traced,18172.0,-1,middle_court,,,,,cb_intrinsic
14131,GNG024,GNG024_L,L,gaba,0.8525107502937317,1222,5267,Traced,13460.0,-1,middle_feedback,,,,,cb_intrinsic
19200,AVLP734m,AVLP734m_L,L,gaba,0.8336506485939026,646,1271,Traced,12889.0,-1,middle_feedback,,,,,cb_intrinsic
257510,SMP093,SMP093_R,R,glutamate,0.8370635509490967,581,855,Traced,257510.0,-1,middle_feedback,,,,,cb_intrinsic
515002,AVLP750m,AVLP750m_L,L,acetylcholine,0.9463321566581726,1024,1578,Traced,19414.0,1,middle_feedback,,,,,cb_intrinsic
22621,ICL003m,ICL003m_R,R,glutamate,0.7828242182731628,477,1314,Traced,19223.0,-1,middle_feedback,,,,,cb_intrinsic
261048,LB3d,LB3d_R,R,acetylcholine,0.6346232891082764,174,143,Traced,,1,sense_taste,,,,,cb_sensory
38743,mAL_m2a,mAL_m2a_R,R,unclear,0.4839311838150024,475,1421,Traced,34612.0,0,middle_feedback,,,,,cb_intrinsic
514034,GNG501,GNG501_R,R,glutamate,0.4507386088371277,1105,2962,Traced,13943.0,-1,middle_feedback,,,,,cb_intrinsic
486852,ORN_DM4,ORN_DM4_L,L,acetylcholine,0.9078174233436584,87,123,Traced,,1,sense_smell,,,,,cb_sensory
13523,SMP165,SMP165_L,L,glutamate,0.8072713017463684,1922,3701,Traced,13523.0,-1,middle_feedback,,,,,cb_intrinsic
126824,ORN_DM4,ORN_DM4_R,R,acetylcholine,0.9434512257575988,217,226,Traced,,1,sense_smell,,,,,cb_sensory
418840426,LB1e,LB1e_L,L,acetylcholine,0.8556671738624573,57,127,Traced,,1,sense_taste,,,,,cb_sensory
520022,SIP145m,SIP145m_L,L,glutamate,0.7828750014305115,453,1188,Traced,22848.0,-1,middle_feedback,,,,,cb_intrinsic
25037,AVLP753m,AVLP753m_R,R,acetylcholine,0.7556859254837036,411,1440,Traced,22720.0,1,middle_feedback,,,,,cb_intrinsic
108816,pC1_15a,pC1_15a_L,L,acetylcholine,0.9208897948265076,666,1246,Traced,32437.0,1,court_p1,,,,,cb_intrinsic
512419,SMP703m,SMP703m_L,L,glutamate,0.7978659272193909,408,1085,Traced,40044.0,-1,middle_feedback,,,,,cb_intrinsic
25798,FLA003m,FLA003m_R,R,acetylcholine,0.758478045463562,479,1205,Traced,23994.0,1,middle_feedback,,,,,cb_intrinsic
555266,GNG474,GNG474_R,R,acetylcholine,0.9553342461586,450,1733,Traced,10651.0,1,middle_feedback,,,,,cb_intrinsic
539322,mAL_m2a,mAL_m2a_L,L,unclear,0.4762752950191498,482,1515,Traced,34612.0,0,middle_feedback,,,,,cb_intrinsic
15204,GNG199,GNG199_R,R,acetylcholine,0.9489092230796814,751,2083,Traced,15204.0,1,middle_feedback,,,,,cb_intrinsic
57240,SMP702m,SMP702m_R,R,glutamate,0.6956384778022766,1890,4396,Traced,24136.0,-1,middle_feedback,,,,,cb_intrinsic
10673,GNG002,GNG002_M,L,unclear,0.5919419527053833,3478,3484,Traced,,0,middle_taste,,,,,cb_intrinsic
65528,GNG059,GNG059_R,R,acetylcholine,0.9131941199302672,1023,2915,Traced,14701.0,1,middle_taste,,,,,cb_intrinsic
511901,mAL_m8,mAL_m8_R,R,gaba,0.5866235494613647,469,1629,Traced,13738.0,-1,middle_court,,,,,cb_intrinsic
806856,LgLG6,LgLG6_L,L,acetylcholine,0.8747029304504395,369,523,Traced,,1,sense_touch,,,,,vnc_sensory
159772,LB3b,LB3b_L,L,acetylcholine,0.6889496445655823,166,284,Traced,,1,sense_taste,,,,,cb_sensory
161485,claw_tpGRN,claw_tpGRN_R,R,acetylcholine,0.7951558828353882,151,165,Traced,,1,sense_taste,,,,,cb_sensory
19984,AVLP567,AVLP567_L,L,acetylcholine,0.9305388927459716,1009,1598,Traced,15784.0,1,middle_feedback,,,,,cb_intrinsic
139178,LB1d,LB1d_R,R,acetylcholine,0.6265696287155151,189,240,Traced,,1,sense_taste,,,,,cb_sensory
32102,GNG297,GNG297_M,L,gaba,0.8838083744049072,2168,5254,Traced,,-1,middle_taste,,,,,cb_intrinsic
32950,pC1_5a,pC1_5a_R,R,acetylcholine,0.9361687898635864,402,1121,Traced,32950.0,1,court_p1,,,,,cb_intrinsic
560878,SMP093,SMP093_R,R,glutamate,0.8085405230522156,598,866,Traced,38228.0,-1,middle_feedback,,,,,cb_intrinsic
516890,GNG463,GNG463_R,R,acetylcholine,0.8464003801345825,717,2873,Traced,516890.0,1,middle_feedback,,,,,cb_intrinsic
520670,GNG023,GNG023_L,L,gaba,0.8576558232307434,1106,4424,Traced,32885.0,-1,middle_feedback,,,,,cb_intrinsic
18325,AN09B018,AN09B018_R,R,acetylcholine,0.6551353335380554,2020,11412,Traced,18325.0,1,middle_taste,,,,,ascending_neuron
15645,AN09B017d,AN09B017d_R,R,glutamate,0.9492305517196656,1750,2627,Traced,15645.0,-1,relay_vab3,,,,,ascending_neuron
15286,DNg47,DNg47_R,R,acetylcholine,0.9434492588043212,900,2634,Traced,15286.0,1,middle_feedback,,,,,descending_neuron
155143464,PhG16,PhG16_L,L,acetylcholine,0.5254144072532654,423,189,Traced,513646.0,1,sense_taste,,,,,cb_sensory
10820,VES022,VES022_L,L,gaba,0.8090407252311707,570,2675,Traced,10820.0,-1,middle_feedback,,,,,cb_intrinsic
14032,GNG473,GNG473_L,L,glutamate,0.7582141160964966,945,1593,Traced,13958.0,-1,middle_feedback,,,,,cb_intrinsic
142827,LB3c,LB3c_R,R,acetylcholine,0.8993852734565735,180,302,Traced,,1,sense_taste,,,,,cb_sensory
286350,GNG412,GNG412_L,L,acetylcholine,0.8636791706085205,253,722,Traced,28514.0,1,middle_feedback,,,,,cb_intrinsic
183973,ORN_VA2,ORN_VA2_unknown,,acetylcholine,0.9652255773544312,102,102,Traced,,1,sense_smell,,,,,cb_sensory
820371,LgLG5,LgLG5_L,L,glutamate,0.4233924448490143,78,116,Traced,,-1,sense_touch,,,,,vnc_sensory
53635,GNG233,GNG233_R,R,glutamate,0.6780664324760437,1009,1571,Traced,50967.0,-1,middle_feedback,,,,,cb_intrinsic
101087,LB3c,LB3c_R,R,acetylcholine,0.9209306240081788,252,432,Traced,,1,sense_taste,,,,,cb_sensory
557035,pC1_5b,pC1_5b_L,L,acetylcholine,0.9068431854248048,414,790,Traced,29483.0,1,court_p1,,,,,cb_intrinsic
190294,ORN_DM1,ORN_DM1_L,L,acetylcholine,0.9274495244026184,205,266,Traced,,1,sense_smell,,,,,cb_sensory
304136793,LB1c,LB1c_R,R,acetylcholine,0.8215888142585754,196,102,Traced,,1,sense_taste,,,,,cb_sensory
13098,mAL_m1,mAL_m1_R,R,gaba,0.5550302863121033,769,1996,Traced,12287.0,-1,middle_court,,,,,cb_intrinsic
12582,GNG025,GNG025_L,L,gaba,0.8725529313087463,1214,4702,Traced,12474.0,-1,middle_feedback,,,,,cb_intrinsic
82309,SIP112m,SIP112m_L,L,glutamate,0.7767268419265747,393,1045,Traced,73082.0,-1,middle_feedback,,,,,cb_intrinsic
156079,claw_tpGRN,claw_tpGRN_R,R,acetylcholine,0.7706680297851562,166,188,Traced,,1,sense_taste,,,,,cb_sensory
203339,ORN_DM2,ORN_DM2_R,R,acetylcholine,0.953302264213562,181,253,Traced,,1,sense_smell,,,,,cb_sensory
27690,SIP115m,SIP115m_L,L,glutamate,0.723325788974762,454,1713,Traced,13811.0,-1,middle_feedback,,,,,cb_intrinsic
46300,ORN_DP1m,ORN_DP1m_R,R,acetylcholine,0.904040277004242,768,1098,Traced,,1,sense_smell,,,,,cb_sensory
688942939,ORN_DM4,ORN_DM4_L,L,acetylcholine,0.9459751844406128,135,162,Traced,,1,sense_smell,,,,,cb_sensory
243668978,ORN_DM2,ORN_DM2_L,L,acetylcholine,0.9376730918884276,157,248,Traced,,1,sense_smell,,,,,cb_sensory
10176,DM1_lPN,DM1_lPN_R,R,acetylcholine,0.953698992729187,5721,14169,Traced,10176.0,1,smell_pn,,,,,cb_intrinsic
11954,AVLP751m,AVLP751m_L,L,acetylcholine,0.952412247657776,1999,4277,Traced,11833.0,1,middle_feedback,,,,,cb_intrinsic
50960,AVLP727m,AVLP727m_L,L,acetylcholine,0.9404758214950562,849,1337,Traced,18792.0,1,middle_feedback,,,,,cb_intrinsic
194874,ORN_VA2,ORN_VA2_L,L,acetylcholine,0.9359671473503112,200,290,Traced,,1,sense_smell,,,,,cb_sensory
29280,pC1_1a,pC1_1a_R,R,acetylcholine,0.9406315088272096,455,1140,Traced,15208.0,1,court_p1,,,,,cb_intrinsic
12842,GNG030,GNG030_R,R,acetylcholine,0.906949818134308,1000,3809,Traced,12842.0,1,middle_feedback,,,,,cb_intrinsic
32283,pC1_16b,pC1_16b_L,L,acetylcholine,0.8970056176185608,511,1203,Traced,32283.0,1,court_p1,,,,,cb_intrinsic
10774,AOTU100m,AOTU100m_R,R,acetylcholine,0.952846109867096,1864,4450,Traced,10774.0,1,middle_feedback,,,,,cb_intrinsic
11304,DNge042,DNge042_L,L,acetylcholine,0.9605239629745485,1571,5538,Traced,11304.0,1,middle_feedback,,,,,descending_neuron
1051853325,LgLG7,LgLG7_R,R,acetylcholine,0.624928891658783,50,50,Traced,,1,sense_touch,,,,,vnc_sensory
10623,GNG109,GNG109_R,R,gaba,0.8813759088516235,1295,6438,Traced,10563.0,-1,middle_feedback,,,,,cb_intrinsic
29975,SMP716m,SMP716m_L,L,acetylcholine,0.8991146683692932,551,476,Traced,29975.0,1,middle_feedback,,,,,cb_intrinsic
44983,ORN_DP1m,ORN_DP1m_R,R,acetylcholine,0.9274656772613524,759,1047,Traced,,1,sense_smell,,,,,cb_sensory
24060,AVLP743m,AVLP743m_R,R,unclear,0.420452743768692,431,1731,Traced,17487.0,0,middle_court,,,,,cb_intrinsic
16906,SIP109m,SIP109m_R,R,acetylcholine,0.8636766672134399,559,1799,Traced,16906.0,1,middle_feedback,,,,,cb_intrinsic
513655,GNG180,GNG180_L,L,gaba,0.8728270530700684,701,2454,Traced,14593.0,-1,middle_taste,,,,,cb_intrinsic
13402,GNG281,GNG281_L,L,gaba,0.6932513117790222,966,2683,Traced,12734.0,-1,middle_taste,,,,,cb_intrinsic
10833,DNge062,DNge062_R,R,acetylcholine,0.937616229057312,1646,2923,Traced,10833.0,1,middle_taste,,,,,descending_neuron
12281,CL344_b,CL344_b_R,R,unclear,0.478037029504776,918,2620,Traced,12281.0,0,middle_feedback,,,,,cb_intrinsic
15612,GNG592,GNG592_R,R,glutamate,0.7992446422576904,1471,3510,Traced,15612.0,-1,middle_taste,,,,,cb_intrinsic
521671,SIP123m,SIP123m_L,L,glutamate,0.7963648438453674,460,1814,Traced,48344.0,-1,middle_feedback,,,,,cb_intrinsic
214857,ORN_VA2,ORN_VA2_R,R,acetylcholine,0.9699320197105408,202,289,Traced,,1,sense_smell,,,,,cb_sensory
26027,GNG197,GNG197_L,L,acetylcholine,0.9340357780456544,667,1863,Traced,18880.0,1,middle_taste,,,,,cb_intrinsic
163239,claw_tpGRN,claw_tpGRN_R,R,acetylcholine,0.7057814002037048,162,140,Traced,,1,sense_taste,,,,,cb_sensory
24613,SIP145m,SIP145m_L,L,glutamate,0.7731509804725647,516,1319,Traced,22848.0,-1,middle_feedback,,,,,cb_intrinsic
145253,ORN_VA2,ORN_VA2_R,R,acetylcholine,0.9166834950447084,284,323,Traced,,1,sense_smell,,,,,cb_sensory
69407,SIP103m,SIP103m_R,R,glutamate,0.8284449577331543,542,1533,Traced,27918.0,-1,middle_feedback,,,,,cb_intrinsic
12176,SLP243,SLP243_L,L,gaba,0.6982343196868896,1489,3142,Traced,12176.0,-1,middle_feedback,,,,,cb_intrinsic
10388,DNp13,DNp13_R,R,acetylcholine,0.9434858560562134,4253,10666,Traced,10388.0,1,middle_court,,,,,descending_neuron
901926,PhG4,PhG4_L,L,acetylcholine,0.7537978291511536,561,346,Traced,13491.0,1,sense_taste,,,,,cb_sensory
23158,FLA001m,FLA001m_R,R,acetylcholine,0.9559044241905212,412,747,Traced,23158.0,1,middle_feedback,,,,,cb_intrinsic
514644,GNG360,GNG360_R,R,acetylcholine,0.8766725063323975,237,670,Traced,44196.0,1,middle_feedback,,,,,cb_intrinsic
521783,AVLP712m,AVLP712m_L,L,glutamate,0.712288498878479,2486,7223,Traced,10988.0,-1,middle_court,,,,,cb_intrinsic
28641,AVLP753m,AVLP753m_L,L,acetylcholine,0.9406465291976928,512,1850,Traced,21902.0,1,middle_feedback,,,,,cb_intrinsic
19212,LH004m,LH004m_R,R,gaba,0.586166262626648,515,1368,Traced,15598.0,-1,middle_feedback,,,,,cb_intrinsic
10224,AVLP001,AVLP001_L,L,gaba,0.8475016355514526,5692,41636,Traced,10224.0,-1,middle_feedback,,,,,cb_intrinsic
180724,pC1_15c,pC1_15c_L,L,acetylcholine,0.9166826009750366,651,1507,Traced,29388.0,1,court_p1,,,,,cb_intrinsic
518176,CL062_b3,CL062_b3_L,L,acetylcholine,0.9306299686431884,637,1622,Traced,26343.0,1,middle_feedback,,,,,cb_intrinsic
159524,ORN_VA2,ORN_VA2_R,R,acetylcholine,0.9420381784439088,267,272,Traced,,1,sense_smell,,,,,cb_sensory
807958,LgLG1a,LgLG1a_L,L,acetylcholine,0.8976445198059082,315,360,Traced,,1,sense_touch,,,,,vnc_sensory
13544,GNG534,GNG534_R,R,gaba,0.7822847962379456,952,4811,Traced,13544.0,-1,middle_feedback,,,,,cb_intrinsic
523561,SIP133m,SIP133m_L,L,glutamate,0.6867855787277222,1994,6910,Traced,12074.0,-1,middle_feedback,,,,,cb_intrinsic
523632,GNG700m,GNG700m_R,R,glutamate,0.7483832240104675,1782,3815,Traced,10999.0,-1,middle_feedback,,,,,cb_intrinsic
12257,pC1x_c,pC1x_c_L,L,acetylcholine,0.9382836818695068,2340,4177,Traced,10666.0,1,court_p1,,,,,cb_intrinsic
19427,GNG219,GNG219_R,R,gaba,0.7130321264266968,547,1377,Traced,17099.0,-1,middle_feedback,,,,,cb_intrinsic
524800,GNG243,GNG243_R,R,acetylcholine,0.9390801787376404,625,1193,Traced,64414.0,1,middle_feedback,,,,,cb_intrinsic
12999,GNG096,GNG096_R,R,gaba,0.798288881778717,1028,4814,Traced,12999.0,-1,middle_feedback,,,,,cb_intrinsic
146756,claw_tpGRN,claw_tpGRN_R,R,acetylcholine,0.7512924075126648,195,227,Traced,,1,sense_taste,,,,,cb_sensory
12843,DNpe049,DNpe049_R,R,acetylcholine,0.9442459344863892,2575,4976,Traced,12843.0,1,middle_taste,,,,,descending_neuron
12893,pC1x_d,pC1x_d_L,L,acetylcholine,0.8868118524551392,2070,5415,Traced,12893.0,1,court_p1,,,,,cb_intrinsic
518040,,,L,acetylcholine,0.9441741108894348,190,679,Traced,54502.0,1,middle_feedback,,,,,cb_intrinsic
18696,AN05B023c,AN05B023c_R,R,gaba,0.8263306617736816,2039,5349,Traced,18430.0,-1,middle_feedback,,,,,ascending_neuron
64484,GNG222,GNG222_L,L,gaba,0.8243103623390198,145,1078,Traced,19906.0,-1,middle_taste,,,,,cb_intrinsic
166688,ORN_DM4,ORN_DM4_R,R,acetylcholine,0.936279833316803,227,228,Traced,,1,sense_smell,,,,,cb_sensory
95196,ORN_DP1m,ORN_DP1m_L,L,acetylcholine,0.9266502261161804,726,1000,Traced,,1,sense_smell,,,,,cb_sensory
183425,ORN_DM1,ORN_DM1_R,R,acetylcholine,0.966784119606018,244,371,Traced,,1,sense_smell,,,,,cb_sensory
211747785,ORN_DM4,ORN_DM4_L,L,acetylcholine,0.9008920788764954,92,129,Traced,,1,sense_smell,,,,,cb_sensory
513646,PhG16,PhG16_R,R,acetylcholine,0.9208174347877502,449,321,Traced,513646.0,1,sense_taste,,,,,cb_sensory
533724,SIP141m,SIP141m_R,R,glutamate,0.7080883383750916,311,1437,Traced,23680.0,-1,middle_feedback,,,,,cb_intrinsic
182888,ORN_DM1,ORN_DM1_R,R,acetylcholine,0.9541882276535034,236,318,Traced,,1,sense_smell,,,,,cb_sensory
925639,ORN_DM1,ORN_DM1_L,L,acetylcholine,0.9665146470069884,118,150,Traced,,1,sense_smell,,,,,cb_sensory
158137,ORN_DM4,ORN_DM4_R,R,acetylcholine,0.9582266807556152,235,233,Traced,,1,sense_smell,,,,,cb_sensory
13244,SMP550,SMP550_R,R,acetylcholine,0.8817237615585327,2249,8870,Traced,11470.0,1,middle_feedback,,,,,cb_intrinsic
13798,SIP110m_b,SIP110m_b_R,R,acetylcholine,0.9647986888885498,782,2900,Traced,13798.0,1,middle_feedback,,,,,cb_intrinsic
208885,LB1c,LB1c_R,R,acetylcholine,0.7931027412414551,128,106,Traced,,1,sense_taste,,,,,cb_sensory
15972,mAL_m1,mAL_m1_R,R,gaba,0.5359601974487305,739,2321,Traced,12287.0,-1,middle_court,,,,,cb_intrinsic
523836,GNG030,GNG030_L,L,acetylcholine,0.9118028879165648,908,3744,Traced,12842.0,1,middle_feedback,,,,,cb_intrinsic
14527,AN05B103,AN05B103_R,R,acetylcholine,0.8008549213409424,1682,2226,Traced,14527.0,1,middle_feedback,,,,,ascending_neuron
112815,GNG622,GNG622_L,L,acetylcholine,0.9221614599227904,479,821,Traced,29819.0,1,middle_feedback,,,,,cb_intrinsic
43460,GNG044,GNG044_L,L,acetylcholine,0.803828775882721,1444,2982,Traced,13861.0,1,middle_feedback,,,,,cb_intrinsic
15362,VES022,VES022_R,R,gaba,0.8033894300460815,584,3372,Traced,10820.0,-1,middle_feedback,,,,,cb_intrinsic
152432,dorsal_tpGRN,dorsal_tpGRN_R,R,acetylcholine,0.7389481067657471,275,109,Traced,129802.0,1,sense_taste,,,,,cb_sensory
25301,SIP122m,SIP122m_R,R,glutamate,0.6329598426818848,419,2369,Traced,20136.0,-1,middle_feedback,,,,,cb_intrinsic
514345,GNG135,GNG135_L,L,acetylcholine,0.8427664041519165,851,3313,Traced,16181.0,1,middle_feedback,,,,,cb_intrinsic
810393,LgLG6,LgLG6_L,L,acetylcholine,0.7688944935798645,269,304,Traced,,1,sense_touch,,,,,vnc_sensory
36216,GNG513,GNG513_R,R,acetylcholine,0.9444960355758668,1187,5315,Traced,36216.0,1,middle_taste,,,,,cb_intrinsic
11388,GNG145,GNG145_L,L,gaba,0.6913872957229614,1198,2920,Traced,11388.0,-1,middle_taste,,,,,cb_intrinsic
16364,pC1_9b,pC1_9b_L,L,acetylcholine,0.949389398097992,612,1391,Traced,16364.0,1,court_p1,,,,,cb_intrinsic
16186,GNG061,GNG061_L,L,acetylcholine,0.94724702835083,1339,2646,Traced,16186.0,1,middle_feedback,,,,,cb_intrinsic
10864,GNG014,GNG014_R,R,acetylcholine,0.9532249569892884,3924,9295,Traced,10864.0,1,middle_feedback,,,,,cb_intrinsic
555258,PRW071,PRW071_R,R,glutamate,0.7164609432220459,887,1813,Traced,14949.0,-1,middle_feedback,,,,,cb_intrinsic
25473,SIP118m,SIP118m_R,R,glutamate,0.7602827548980713,441,1315,Traced,15299.0,-1,middle_feedback,,,,,cb_intrinsic
523038,GNG129,GNG129_L,L,gaba,0.8963430523872375,1167,3686,Traced,12144.0,-1,middle_taste,,,,,cb_intrinsic
10544,DNg88,DNg88_R,R,acetylcholine,0.95757794380188,3169,12724,Traced,10544.0,1,middle_feedback,,,,,descending_neuron
207784,ORN_DM2,ORN_DM2_R,R,acetylcholine,0.9429280161857604,183,235,Traced,,1,sense_smell,,,,,cb_sensory
12203,GNG099,GNG099_R,R,gaba,0.7120718359947205,1481,4337,Traced,11909.0,-1,middle_feedback,,,,,cb_intrinsic
56590,SIP113m,SIP113m_L,L,glutamate,0.8124735951423645,361,1098,Traced,56590.0,-1,middle_feedback,,,,,cb_intrinsic
811276,LgLG1b,LgLG1b_R,R,unclear,0.5531188249588013,250,351,Traced,,0,sense_touch,,,,,vnc_sensory
442779736,ORN_VA2,ORN_VA2_L,L,acetylcholine,0.9280409812927246,187,201,Traced,,1,sense_smell,,,,,cb_sensory
22697,SIP124m,SIP124m_R,R,glutamate,0.819252610206604,292,1788,Traced,22697.0,-1,middle_feedback,,,,,cb_intrinsic
514333,DNg61,DNg61_R,R,acetylcholine,0.9545865058898926,1156,2648,Traced,13803.0,1,middle_feedback,,,,,descending_neuron
93140,mAL_m3c,mAL_m3c_L,L,gaba,0.652526319026947,168,380,Traced,20335.0,-1,middle_feedback,,,,,cb_intrinsic
13365,SIP110m_a,SIP110m_a_R,R,acetylcholine,0.9336994290351868,757,2899,Traced,13365.0,1,middle_feedback,,,,,cb_intrinsic
33318,AVLP743m,AVLP743m_R,R,unclear,0.4744162857532501,293,724,Traced,17487.0,0,middle_feedback,,,,,cb_intrinsic
12560,SIP121m,SIP121m_L,L,glutamate,0.6581377983093262,399,2476,Traced,12560.0,-1,middle_feedback,,,,,cb_intrinsic
30116,mAL_m3b,mAL_m3b_R,R,unclear,0.4564274549484253,337,754,Traced,11147.0,0,middle_feedback,,,,,cb_intrinsic
138423,ORN_VA2,ORN_VA2_L,L,acetylcholine,0.9658766984939576,219,283,Traced,,1,sense_smell,,,,,cb_sensory
14160,,,L,gaba,0.7505171895027161,1126,2342,Traced,14160.0,-1,middle_feedback,,,,,cb_intrinsic
20757,VES203m,VES203m_R,R,acetylcholine,0.9506587386131288,524,1477,Traced,15694.0,1,middle_feedback,,,,,cb_intrinsic
186029,ORN_VA2,ORN_VA2_L,L,acetylcholine,0.9747326970100404,88,151,Traced,,1,sense_smell,,,,,cb_sensory
279476,ORN_DM1,ORN_DM1_L,L,acetylcholine,0.9476112127304076,179,270,Traced,,1,sense_smell,,,,,cb_sensory
11755,GNG117,GNG117_R,R,acetylcholine,0.8360950946807861,2730,3954,Traced,10849.0,1,middle_taste,,,,,cb_intrinsic
19567,PVLP210m,PVLP210m_R,R,acetylcholine,0.9488754868507384,488,1544,Traced,18034.0,1,middle_feedback,,,,,cb_intrinsic
17851,pC1_12b,pC1_12b_L,L,acetylcholine,0.9625834226608276,1037,2251,Traced,17089.0,1,court_p1,,,,,cb_intrinsic
555747,pC1_13c,pC1_13c_R,R,acetylcholine,0.9494529962539672,537,1090,Traced,23787.0,1,court_p1,,,,,cb_intrinsic
13083,GNG229,GNG229_L,L,gaba,0.7642617225646973,502,1448,Traced,13083.0,-1,middle_feedback,,,,,cb_intrinsic
16595,GNG184,GNG184_R,R,gaba,0.8281881213188171,735,2432,Traced,16595.0,-1,middle_taste,,,,,cb_intrinsic
160435,LB3a,LB3a_L,L,acetylcholine,0.830781877040863,195,298,Traced,,1,sense_taste,,,,,cb_sensory
766592451,ORN_DM4,ORN_DM4_unknown,,acetylcholine,0.910084307193756,30,33,Traced,,1,sense_smell,,,,,cb_sensory
65021,GNG257,GNG257_L,L,acetylcholine,0.8995497822761536,464,923,Traced,22413.0,1,middle_feedback,,,,,cb_intrinsic
303314,PhG14,PhG14_R,R,acetylcholine,0.7333372831344604,598,290,Traced,81228.0,1,sense_taste,,,,,cb_sensory
166816,claw_tpGRN,claw_tpGRN_R,R,acetylcholine,0.6704677939414978,175,163,Traced,,1,sense_taste,,,,,cb_sensory
265477191,ORN_DM2,ORN_DM2_L,L,acetylcholine,0.9639805555343628,90,157,Traced,,1,sense_smell,,,,,cb_sensory
16882,mAL_m4,mAL_m4_R,R,gaba,0.6602662801742554,521,1054,Traced,16882.0,-1,middle_court,,,,,cb_intrinsic
16888,AVLP719m,AVLP719m_R,R,acetylcholine,0.946726143360138,934,1444,Traced,16888.0,1,middle_feedback,,,,,cb_intrinsic
10331,MN9,MN9_L,L,acetylcholine,0.4896524548530578,172,6358,Traced,10331.0,1,out_feed,,,,,cb_motor
10137,VES022,VES022_R,R,gaba,0.8517608642578125,566,3003,Traced,10137.0,-1,middle_feedback,,,,,cb_intrinsic
815091,LgLG1a,LgLG1a_L,L,acetylcholine,0.8299229145050049,161,151,Traced,,1,sense_touch,,,,,vnc_sensory
464464,ORN_DM2,ORN_DM2_L,L,acetylcholine,0.9610470533370972,71,99,Traced,,1,sense_smell,,,,,cb_sensory
13038,AVLP720m,AVLP720m_R,R,acetylcholine,0.9589325189590454,1287,3066,Traced,13038.0,1,middle_feedback,,,,,cb_intrinsic
157030,claw_tpGRN,claw_tpGRN_R,R,acetylcholine,0.7875215411186218,181,165,Traced,,1,sense_taste,,,,,cb_sensory
11732,SMP286,SMP286_R,R,gaba,0.7285253405570984,1465,7532,Traced,11732.0,-1,middle_feedback,,,,,cb_intrinsic
13975,PVLP211m_b,PVLP211m_b_R,R,acetylcholine,0.9658286571502686,981,2215,Traced,13161.0,1,middle_feedback,,,,,cb_intrinsic
456631823,LB2c,LB2c_R,R,acetylcholine,0.807634174823761,87,99,Traced,,1,sense_taste,,,,,cb_sensory
15676,AVLP713m,AVLP713m_R,R,acetylcholine,0.9558840990066528,515,2599,Traced,13340.0,1,middle_feedback,,,,,cb_intrinsic
32911,SIP119m,SIP119m_R,R,glutamate,0.7586447596549988,476,2236,Traced,27870.0,-1,middle_feedback,,,,,cb_intrinsic
20563,AVLP494,AVLP494_R,R,acetylcholine,0.9662951827049256,690,2709,Traced,20563.0,1,middle_feedback,,,,,cb_intrinsic
20597,pC1_6a,pC1_6a_R,R,acetylcholine,0.9407109022140504,399,798,Traced,20597.0,1,court_p1,,,,,cb_intrinsic
16314,GNG259,GNG259_R,R,acetylcholine,0.9402121305465698,759,831,Traced,16290.0,1,middle_feedback,,,,,cb_intrinsic
44423,GNG341,GNG341_L,L,acetylcholine,0.91914165019989,541,1143,Traced,20770.0,1,middle_feedback,,,,,cb_intrinsic
414342,ORN_VA2,ORN_VA2_L,L,acetylcholine,0.9367277026176452,204,163,Traced,,1,sense_smell,,,,,cb_sensory
518589,pC1_10c,pC1_10c_L,L,acetylcholine,0.9407899379730223,571,1455,Traced,17434.0,1,court_p1,,,,,cb_intrinsic
17744,GNG185,GNG185_L,L,acetylcholine,0.951004147529602,857,2259,Traced,16620.0,1,middle_feedback,,,,,cb_intrinsic
15695,PhG1b,PhG1b_R,R,acetylcholine,0.9155558943748474,965,1186,Traced,15695.0,1,sense_taste,,,,,cb_sensory
130844,SIP147m,SIP147m_L,L,glutamate,0.7711533308029175,344,908,Traced,50620.0,-1,middle_feedback,,,,,cb_intrinsic
14320,AN09B017g,AN09B017g_R,R,glutamate,0.9650133848190308,2892,2938,Traced,14320.0,-1,relay_vab3,,,,,ascending_neuron
15384,SIP108m,SIP108m_R,R,acetylcholine,0.9395326375961304,717,2485,Traced,15384.0,1,middle_feedback,,,,,cb_intrinsic
513344,AVLP728m,AVLP728m_L,L,acetylcholine,0.9497990608215332,933,1966,Traced,23043.0,1,middle_feedback,,,,,cb_intrinsic
75421,ORN_VA2,ORN_VA2_R,R,acetylcholine,0.9251800179481506,274,290,Traced,,1,sense_smell,,,,,cb_sensory
11415,GNG484,GNG484_R,R,acetylcholine,0.5792220234870911,1762,3293,Traced,11415.0,1,middle_feedback,,,,,cb_intrinsic
25684,Z_lvPNm1,Z_lvPNm1_R,R,acetylcholine,0.9301460385322572,630,946,Traced,24701.0,1,middle_feedback,,,,,cb_intrinsic
143601,GNG270,GNG270_R,R,acetylcholine,0.8221951723098755,184,530,Traced,143601.0,1,middle_feedback,,,,,cb_intrinsic
523780,GNG155,GNG155_R,R,glutamate,0.6679002642631531,1892,3083,Traced,512277.0,-1,middle_feedback,,,,,cb_intrinsic
15777,SIP108m,SIP108m_L,L,acetylcholine,0.9468535780906676,592,2620,Traced,15384.0,1,middle_feedback,,,,,cb_intrinsic
53355,pC1_7a,pC1_7a_L,L,acetylcholine,0.9647334814071656,775,1116,Traced,25542.0,1,court_p1,,,,,cb_intrinsic
520865,GNG365,GNG365_L,L,gaba,0.7990872263908386,635,2244,Traced,16941.0,-1,middle_feedback,,,,,cb_intrinsic
818867,LgLG5,LgLG5_R,R,glutamate,0.4961936473846435,171,292,Traced,,-1,sense_touch,,,,,vnc_sensory
521977,SIP100m,SIP100m_L,L,glutamate,0.8274171948432922,435,1375,Traced,18172.0,-1,middle_feedback,,,,,cb_intrinsic
35425,LH006m,LH006m_R,R,acetylcholine,0.8391708731651306,457,1184,Traced,20823.0,1,middle_feedback,,,,,cb_intrinsic
521490,AVLP721m,AVLP721m_L,L,acetylcholine,0.9594272375106812,1647,4336,Traced,12857.0,1,middle_court,,,,,cb_intrinsic
13630,GNG469,GNG469_R,R,gaba,0.9017764329910278,780,3062,Traced,13630.0,-1,middle_feedback,,,,,cb_intrinsic
10895,DNg90,DNg90(hb1467707486)_R,R,gaba,0.8824599981307983,2147,5871,Traced,10160.0,-1,middle_feedback,,,,,descending_neuron
13167,GNG123,GNG123_R,R,acetylcholine,0.9528621435165404,665,4880,Traced,13167.0,1,middle_feedback,,,,,cb_intrinsic
15876,pC1_9a,pC1_9a_L,L,acetylcholine,0.9474460482597352,676,1631,Traced,15876.0,1,court_p1,,,,,cb_intrinsic
17564,pC1_2a,pC1_2a_L,L,acetylcholine,0.9628497958183287,571,1930,Traced,15329.0,1,court_p1,,,,,cb_intrinsic
50622,GNG387,GNG387_R,R,acetylcholine,0.9153577089309692,245,721,Traced,50622.0,1,middle_feedback,,,,,cb_intrinsic
814792,LgLG7,LgLG7_L,L,acetylcholine,0.4830989837646484,160,230,Traced,,1,sense_touch,,,,,vnc_sensory
86931,PhG1c,PhG1c_R,R,acetylcholine,0.6859224438667297,1060,711,Traced,86931.0,1,sense_taste,,,,,cb_sensory
213650853,LB3b,LB3b_R,R,acetylcholine,0.7053683400154114,198,129,Traced,,1,sense_taste,,,,,cb_sensory
55986,pC1_14a,pC1_14a_L,L,acetylcholine,0.9424713253974916,421,962,Traced,33553.0,1,court_p1,,,,,cb_intrinsic
15108,mAL_m1,mAL_m1_L,L,gaba,0.5376641154289246,703,1977,Traced,12287.0,-1,middle_court,,,,,cb_intrinsic
15871,AVLP733m,AVLP733m_R,R,acetylcholine,0.9646492004394532,963,2155,Traced,15871.0,1,middle_court,,,,,cb_intrinsic
12899,AVLP724m,AVLP724m_L,L,acetylcholine,0.9582583904266356,1177,2780,Traced,12899.0,1,middle_feedback,,,,,cb_intrinsic
12210,DNg68,DNg68_R,R,acetylcholine,0.8729738593101501,3178,4133,Traced,12210.0,1,middle_feedback,,,,,descending_neuron
71385,pC1_7a,pC1_7a_R,R,acetylcholine,0.9450230598449708,751,1459,Traced,25542.0,1,court_p1,,,,,cb_intrinsic
163001,claw_tpGRN,claw_tpGRN_L,L,acetylcholine,0.8333620429039001,89,167,Traced,,1,sense_taste,,,,,cb_sensory
182830,dorsal_tpGRN,dorsal_tpGRN_L,L,acetylcholine,0.808727502822876,239,80,Traced,129802.0,1,sense_taste,,,,,cb_sensory
12851,GNG095,GNG095_L,L,gaba,0.8498828411102295,1139,4600,Traced,12851.0,-1,middle_taste,,,,,cb_intrinsic
12952,AVLP714m,AVLP714m_R,R,acetylcholine,0.964691400527954,967,2749,Traced,12952.0,1,middle_feedback,,,,,cb_intrinsic
803887,LgLG5,LgLG5_L,L,glutamate,0.667525053024292,276,572,Traced,,-1,sense_touch,,,,,vnc_sensory
22088,GNG261,GNG261_R,R,gaba,0.5750241875648499,277,958,Traced,22088.0,-1,middle_feedback,,,,,cb_intrinsic
33033,SIP119m,SIP119m_L,L,glutamate,0.7305612564086914,473,2015,Traced,27870.0,-1,middle_feedback,,,,,cb_intrinsic
524429,DNg65,DNg65_R,R,unclear,0.5731556415557861,959,2493,Traced,144505.0,0,middle_taste,,,,,descending_neuron
107471,SIP112m,SIP112m_R,R,glutamate,0.791358232498169,334,906,Traced,107471.0,-1,middle_feedback,,,,,cb_intrinsic
514951,GNG153,GNG153_L,L,glutamate,0.6886652708053589,1233,3340,Traced,514951.0,-1,middle_feedback,,,,,cb_intrinsic
187330,ORN_DM4,ORN_DM4_R,R,acetylcholine,0.9441324472427368,222,230,Traced,,1,sense_smell,,,,,cb_sensory
12326,AVLP316,AVLP316_R,R,acetylcholine,0.9323750138282776,756,7654,Traced,11320.0,1,middle_feedback,,,,,cb_intrinsic
30175,SMP193,SMP193_R,R,acetylcholine,0.8358432650566101,1087,2108,Traced,15297.0,1,middle_feedback,,,,,cb_intrinsic
11932,GNG119,GNG119_R,R,gaba,0.8599374294281006,1483,6411,Traced,11932.0,-1,middle_feedback,,,,,cb_intrinsic
520889,aIPg_m1,aIPg_m1_L,L,acetylcholine,0.9316317439079284,1214,2090,Traced,17192.0,1,middle_feedback,,,,,cb_intrinsic
11570,GNG037,GNG037_R,R,acetylcholine,0.8264807462692261,1391,3614,Traced,11570.0,1,middle_feedback,,,,,cb_intrinsic
15845,GNG171,GNG171_L,L,acetylcholine,0.9531166553497314,1121,2639,Traced,13533.0,1,middle_feedback,,,,,cb_intrinsic
178033,claw_tpGRN,claw_tpGRN_R,R,acetylcholine,0.812028169631958,119,150,Traced,,1,sense_taste,,,,,cb_sensory
142962,ORN_VA2,ORN_VA2_L,L,acetylcholine,0.9440265893936156,221,277,Traced,,1,sense_smell,,,,,cb_sensory
32179,GNG622,GNG622_R,R,acetylcholine,0.9443281292915344,414,770,Traced,29819.0,1,middle_feedback,,,,,cb_intrinsic
10044,SMP108,SMP108_L,L,acetylcholine,0.9461774826049804,3534,27293,Traced,10044.0,1,middle_feedback,,,,,cb_intrinsic
53901,GNG380,GNG380_R,R,acetylcholine,0.8975789546966553,251,739,Traced,50843.0,1,middle_taste,,,,,cb_intrinsic
12508,PVLP149,PVLP149_R,R,acetylcholine,0.950388252735138,1555,4363,Traced,12071.0,1,middle_feedback,,,,,cb_intrinsic
158617,ORN_VA2,ORN_VA2_L,L,acetylcholine,0.9290318489074708,191,236,Traced,,1,sense_smell,,,,,cb_sensory
165341,ORN_VA2,ORN_VA2_L,L,acetylcholine,0.9287412762641908,274,317,Traced,,1,sense_smell,,,,,cb_sensory
43740,GNG621,GNG621_R,R,acetylcholine,0.9276282787322998,452,707,Traced,43740.0,1,middle_feedback,,,,,cb_intrinsic
12402,GNG585,GNG585_R,R,acetylcholine,0.9243956804275512,1539,2767,Traced,10961.0,1,middle_feedback,,,,,cb_intrinsic
33189,SIP145m,SIP145m_R,R,glutamate,0.7629979252815247,491,1221,Traced,22848.0,-1,middle_feedback,,,,,cb_intrinsic
15208,pC1_1a,pC1_1a_L,L,acetylcholine,0.9611263275146484,499,1311,Traced,15208.0,1,court_p1,,,,,cb_intrinsic
14698,SMP418,SMP418_R,R,glutamate,0.8014698624610901,1135,3932,Traced,14698.0,-1,middle_feedback,,,,,cb_intrinsic
17079,GNG228,GNG228_L,L,acetylcholine,0.8820532560348511,470,1262,Traced,17079.0,1,middle_feedback,,,,,cb_intrinsic
529985,SIP141m,SIP141m_R,R,glutamate,0.6744876503944397,370,1383,Traced,23680.0,-1,middle_feedback,,,,,cb_intrinsic
12796,VES022,VES022_L,L,gaba,0.740847110748291,548,2594,Traced,12796.0,-1,middle_feedback,,,,,cb_intrinsic
561669,ORN_VA2,ORN_VA2_R,R,acetylcholine,0.942402720451355,330,399,Traced,,1,sense_smell,,,,,cb_sensory
190032,ORN_DM1,ORN_DM1_L,L,acetylcholine,0.9409642815589904,201,244,Traced,,1,sense_smell,,,,,cb_sensory
268258,DNge173,DNge173_L,L,acetylcholine,0.9546339511871338,1399,5436,Traced,14157.0,1,middle_feedback,,,,,descending_neuron
520790,GNG280,GNG280_R,R,acetylcholine,0.548881471157074,950,2079,Traced,13032.0,1,middle_feedback,,,,,cb_intrinsic
16857,SIP116m,SIP116m_R,R,glutamate,0.7809500098228455,565,1634,Traced,16857.0,-1,middle_feedback,,,,,cb_intrinsic
15285,GNG173,GNG173_R,R,gaba,0.8305583000183105,670,2666,Traced,13823.0,-1,middle_feedback,,,,,cb_intrinsic
512079,GNG169,GNG169_L,L,acetylcholine,0.9462594985961914,1057,2397,Traced,13528.0,1,middle_taste,,,,,cb_intrinsic
513102,VES206m,VES206m_L,L,acetylcholine,0.9450165629386902,424,1008,Traced,17900.0,1,middle_feedback,,,,,cb_intrinsic
12716,GNG551,GNG551_R,R,gaba,0.8061067461967468,1347,5208,Traced,12054.0,-1,middle_feedback,,,,,cb_intrinsic
140334446,LB1a,LB1a_L,L,acetylcholine,0.7369526028633118,171,243,Traced,,1,sense_taste,,,,,cb_sensory
512613,GNG524,GNG524_L,L,gaba,0.8562138676643372,878,2910,Traced,15703.0,-1,middle_feedback,,,,,cb_intrinsic
616971586,ORN_VA2,ORN_VA2_L,L,acetylcholine,0.9747326970100404,37,24,Traced,,1,sense_smell,,,,,cb_sensory
77868,LB2a,LB2a_L,L,acetylcholine,0.7607344388961792,285,415,Traced,,1,sense_taste,,,,,cb_sensory
512277,GNG155,GNG155_L,L,glutamate,0.5023385286331177,1688,3043,Traced,512277.0,-1,middle_feedback,,,,,cb_intrinsic
32469,GNG621,GNG621_R,R,acetylcholine,0.9589551091194152,368,719,Traced,32469.0,1,middle_feedback,,,,,cb_intrinsic
255865,ORN_VA2,ORN_VA2_L,L,acetylcholine,0.949959635734558,235,283,Traced,,1,sense_smell,,,,,cb_sensory
12900,GNG087,GNG087_R,R,glutamate,0.7948734760284424,1546,8523,Traced,11896.0,-1,middle_taste,,,,,cb_intrinsic
19417,AVLP744m,AVLP744m_R,R,acetylcholine,0.9180333614349364,667,2279,Traced,13401.0,1,middle_feedback,,,,,cb_intrinsic
17279,AVLP567,AVLP567_R,R,acetylcholine,0.9483852386474608,956,1647,Traced,15784.0,1,middle_feedback,,,,,cb_intrinsic
141663,LB3a,LB3a_R,R,acetylcholine,0.8452251553535461,142,234,Traced,,1,sense_taste,,,,,cb_sensory
525777,SMP165,SMP165_R,R,glutamate,0.7930861115455627,1953,4303,Traced,13523.0,-1,middle_feedback,,,,,cb_intrinsic
167313,claw_tpGRN,claw_tpGRN_L,L,acetylcholine,0.785982072353363,159,172,Traced,,1,sense_taste,,,,,cb_sensory
18554,pC1_12b,pC1_12b_R,R,acetylcholine,0.9488607048988342,899,1922,Traced,13562.0,1,court_p1,,,,,cb_intrinsic
286134,ORN_DM2,ORN_DM2_L,L,acetylcholine,0.9492135643959044,38,41,Traced,,1,sense_smell,,,,,cb_sensory
17940,SMP193,SMP193_R,R,acetylcholine,0.8861541152000427,1191,2095,Traced,15297.0,1,middle_feedback,,,,,cb_intrinsic
24829,aSP10A_a,aSP10A_a_L,L,acetylcholine,0.9528189301490784,664,1715,Traced,,1,middle_feedback,,,,,cb_intrinsic
25789,LH008m,LH008m_R,R,acetylcholine,0.9472603797912598,318,1112,Traced,,1,middle_feedback,,,,,cb_intrinsic
14935,SMP551,SMP551_R,R,acetylcholine,0.8234894275665283,1728,5420,Traced,13388.0,1,middle_feedback,,,,,cb_intrinsic
184230,ORN_DM1,ORN_DM1_R,R,acetylcholine,0.9464063048362732,274,323,Traced,,1,sense_smell,,,,,cb_sensory
158200,claw_tpGRN,claw_tpGRN_L,L,acetylcholine,0.8258575201034546,143,125,Traced,,1,sense_taste,,,,,cb_sensory
21183,GNG075,GNG075_R,R,gaba,0.8351119160652161,842,2411,Traced,21183.0,-1,middle_feedback,,,,,cb_intrinsic
19239,GNG156,GNG156_L,L,acetylcholine,0.825439453125,973,2399,Traced,16907.0,1,middle_taste,,,,,cb_intrinsic
13245,DNp46,DNp46(CL206)_R,R,acetylcholine,0.961341917514801,1593,2239,Traced,13245.0,1,middle_feedback,,,,,descending_neuron
12299,DNg68,DNg68_L,L,acetylcholine,0.8444880843162537,3203,3614,Traced,12210.0,1,middle_feedback,,,,,descending_neuron
17739,DNge105,DNge105_L,L,acetylcholine,0.7022581100463867,913,1606,Traced,17739.0,1,middle_taste,,,,,descending_neuron
520146,SIP106m,SIP106m_L,L,dopamine,0.5412120819091797,2436,7022,Traced,11964.0,0,middle_court,,,,,cb_intrinsic
26746,pC1_7b,pC1_7b_R,R,acetylcholine,0.9574804306030272,674,1452,Traced,26746.0,1,court_p1,,,,,cb_intrinsic
514532,FLA001m,FLA001m_L,L,acetylcholine,0.9446313381195068,515,1033,Traced,14146.0,1,middle_court,,,,,cb_intrinsic
521928,SLP243,SLP243_R,R,gaba,0.688251256942749,1646,3747,Traced,12176.0,-1,middle_feedback,,,,,cb_intrinsic
92440,LB3c,LB3c_R,R,acetylcholine,0.898158848285675,329,484,Traced,,1,sense_taste,,,,,cb_sensory
179773,PhG8,PhG8_L,L,acetylcholine,0.6859631538391113,476,271,Traced,179773.0,1,sense_taste,,,,,cb_sensory
86283,GNG387,GNG387_L,L,acetylcholine,0.9365574717521667,178,444,Traced,50622.0,1,middle_feedback,,,,,cb_intrinsic
56873,,,L,acetylcholine,0.9132952690124512,205,695,Traced,15277.0,1,middle_feedback,,,,,cb_intrinsic
556838,GNG227,GNG227_R,R,acetylcholine,0.9036600589752196,858,1486,Traced,521231.0,1,middle_feedback,,,,,cb_intrinsic
12903,AVLP757m,AVLP757m_R,R,acetylcholine,0.9627821445465088,1624,5496,Traced,12903.0,1,middle_feedback,,,,,cb_intrinsic
515254,SIP103m,SIP103m_R,R,glutamate,0.8391073346138,563,1563,Traced,27918.0,-1,middle_feedback,,,,,cb_intrinsic
15299,SIP118m,SIP118m_L,L,glutamate,0.7378748059272766,468,1113,Traced,15299.0,-1,middle_feedback,,,,,cb_intrinsic
255283,ORN_VA2,ORN_VA2_L,L,acetylcholine,0.94711035490036,316,334,Traced,,1,sense_smell,,,,,cb_sensory
514378,SIP141m,SIP141m_L,L,glutamate,0.6554458141326904,401,1753,Traced,23680.0,-1,middle_feedback,,,,,cb_intrinsic
21033,AVLP760m,AVLP760m_L,L,gaba,0.8315288424491882,567,1263,Traced,18830.0,-1,middle_feedback,,,,,cb_intrinsic
11274,GNG091,GNG091_L,L,gaba,0.8615009784698486,863,5764,Traced,11274.0,-1,middle_feedback,,,,,cb_intrinsic
814669,LgLG7,LgLG7_L,L,acetylcholine,0.7394312024116516,194,144,Traced,,1,sense_touch,,,,,vnc_sensory
515977,pC1_10b,pC1_10b_R,R,acetylcholine,0.9298769235610962,389,1043,Traced,26153.0,1,court_p1,,,,,cb_intrinsic
18349,LH004m,LH004m_R,R,gaba,0.5104419589042664,585,1621,Traced,15598.0,-1,middle_feedback,,,,,cb_intrinsic
810534,LgLG8,LgLG8_L,L,unclear,0.4487391412258148,288,474,Traced,,0,sense_touch,,,,,vnc_sensory
14701,GNG059,GNG059_L,L,acetylcholine,0.911033809185028,1079,2868,Traced,14701.0,1,middle_taste,,,,,cb_intrinsic
17487,AVLP743m,AVLP743m_L,L,unclear,0.4854536652565002,323,734,Traced,17487.0,0,middle_feedback,,,,,cb_intrinsic
13510,GNG029,GNG029_R,R,acetylcholine,0.9443544745445251,766,3688,Traced,12807.0,1,middle_feedback,,,,,cb_intrinsic
171047,claw_tpGRN,claw_tpGRN_L,L,acetylcholine,0.8664909601211548,152,165,Traced,,1,sense_taste,,,,,cb_sensory
551689,ORN_VA2,ORN_VA2_R,R,acetylcholine,0.932386577129364,229,290,Traced,,1,sense_smell,,,,,cb_sensory
522841,LB1c,LB1c_R,R,acetylcholine,0.5312920212745667,443,335,Traced,,1,sense_taste,,,,,cb_sensory
537383,SIP104m,SIP104m_R,R,glutamate,0.6944165229797363,377,3168,Traced,11649.0,-1,middle_feedback,,,,,cb_intrinsic
177417,ORN_DP1m,ORN_DP1m_L,L,acetylcholine,0.928541660308838,714,903,Traced,,1,sense_smell,,,,,cb_sensory
10313,DNge031,DNge031_R,R,gaba,0.8568825721740723,2185,11309,Traced,10135.0,-1,middle_taste,,,,,descending_neuron
33339,LB3d,LB3d_R,R,acetylcholine,0.9058706760406494,183,372,Traced,,1,sense_taste,,,,,cb_sensory
10961,GNG585,GNG585_L,L,acetylcholine,0.8674548864364624,1083,1806,Traced,10961.0,1,middle_feedback,,,,,cb_intrinsic
10601,DNpe025,DNpe025(PVLP145)_R,R,acetylcholine,0.9536421298980712,2530,8427,Traced,10449.0,1,middle_feedback,,,,,descending_neuron
13961,GNG054,GNG054_L,L,gaba,0.8340175747871399,1330,3003,Traced,13961.0,-1,middle_taste,,,,,cb_intrinsic
521736,SMP709m,SMP709m_L,L,acetylcholine,0.8784549832344055,4053,5463,Traced,10328.0,1,middle_feedback,,,,,cb_intrinsic
24727,pC1_8a,pC1_8a_L,L,acetylcholine,0.9637343883514404,441,909,Traced,24727.0,1,court_p1,,,,,cb_intrinsic
527588,SMP163,SMP163_L,L,gaba,0.8389637470245361,2516,8734,Traced,11723.0,-1,middle_feedback,,,,,cb_intrinsic
173031,ORN_DM1,ORN_DM1_R,R,acetylcholine,0.9439195394515992,252,398,Traced,,1,sense_smell,,,,,cb_sensory
524212,mAL_m1,mAL_m1_R,R,gaba,0.5977435111999512,845,2010,Traced,12287.0,-1,middle_court,,,,,cb_intrinsic
19027,GNG481,GNG481_L,L,gaba,0.842719554901123,313,1632,Traced,14322.0,-1,middle_feedback,,,,,cb_intrinsic
514255,GNG318,GNG318_L,L,acetylcholine,0.7672868371009827,257,885,Traced,14125.0,1,middle_feedback,,,,,cb_intrinsic
10646,AVLP597,AVLP597_R,R,gaba,0.811317503452301,3560,14416,Traced,10094.0,-1,middle_feedback,,,,,cb_intrinsic
512614,DNge055,DNge055_L,L,glutamate,0.710479736328125,1215,5228,Traced,512614.0,-1,middle_taste,,,,,descending_neuron
742571852,ORN_DM1,ORN_DM1_L,L,acetylcholine,0.9643436074256896,187,265,Traced,,1,sense_smell,,,,,cb_sensory
258551,ORN_DM1,ORN_DM1_L,L,acetylcholine,0.9525665640830994,219,272,Traced,,1,sense_smell,,,,,cb_sensory
13533,GNG171,GNG171_R,R,acetylcholine,0.9281768202781676,1206,2572,Traced,13533.0,1,middle_feedback,,,,,cb_intrinsic
25860,AOTU059,AOTU059_R,R,gaba,0.7877376675605774,316,1054,Traced,25860.0,-1,middle_feedback,,,,,cb_intrinsic
463132,ORN_DM2,ORN_DM2_L,L,acetylcholine,0.9646763801574708,193,237,Traced,,1,sense_smell,,,,,cb_sensory
205907,ORN_VA2,ORN_VA2_L,L,acetylcholine,0.9355088472366332,272,242,Traced,,1,sense_smell,,,,,cb_sensory
10618,SIP105m,SIP105m_L,L,acetylcholine,0.8507950305938721,1765,3796,Traced,10233.0,1,middle_court,,,,,cb_intrinsic
513312,mAL_m5b,mAL_m5b_R,R,gaba,0.6532683372497559,683,2081,Traced,11519.0,-1,middle_court,,,,,cb_intrinsic
11743,GNG036,GNG036_L,L,glutamate,0.634300708770752,1030,3551,Traced,11743.0,-1,middle_feedback,,,,,cb_intrinsic
518346,SMP711m,SMP711m_L,L,acetylcholine,0.8872140049934387,620,768,Traced,30402.0,1,middle_feedback,,,,,cb_intrinsic
273433,SIP122m,SIP122m_R,R,glutamate,0.8008197546005249,404,1591,Traced,49959.0,-1,middle_feedback,,,,,cb_intrinsic
12811,GNG087,GNG087_L,L,glutamate,0.7252278923988342,1481,7010,Traced,11896.0,-1,middle_taste,,,,,cb_intrinsic
29531,PVLP105,PVLP105_R,R,gaba,0.7277858853340149,271,830,Traced,,-1,middle_feedback,,,,,cb_intrinsic
162635,ORN_VA2,ORN_VA2_R,R,acetylcholine,0.9536468982696532,276,334,Traced,,1,sense_smell,,,,,cb_sensory
511790,GNG205,GNG205_R,R,gaba,0.8382656574249268,651,1940,Traced,67373.0,-1,middle_feedback,,,,,cb_intrinsic
912111327,LB1e,LB1e_R,R,acetylcholine,0.75949627161026,99,124,Traced,,1,sense_taste,,,,,cb_sensory
17968,CL123_c,CL123_c_R,R,acetylcholine,0.9434354305267334,527,1772,Traced,17968.0,1,middle_feedback,,,,,cb_intrinsic
15382,PRW049,PRW049_R,R,acetylcholine,0.7844265699386597,1231,4393,Traced,15382.0,1,middle_taste,,,,,cb_intrinsic
559181,AVLP743m,AVLP743m_L,L,unclear,0.3709252178668976,353,1017,Traced,17487.0,0,middle_feedback,,,,,cb_intrinsic
16127,GNG337,GNG337_M,M,gaba,0.8502498865127563,739,2792,Traced,,-1,middle_feedback,,,,,cb_intrinsic
13430,mAL_m5c,mAL_m5c_L,L,gaba,0.5974956154823303,565,2939,Traced,13430.0,-1,middle_court,,,,,cb_intrinsic
513487,GNG293,GNG293_R,R,acetylcholine,0.9483988881111144,625,1237,Traced,228797.0,1,middle_feedback,,,,,cb_intrinsic
24780,SIP142m,SIP142m_R,R,glutamate,0.8123272657394409,380,1105,Traced,24780.0,-1,middle_feedback,,,,,cb_intrinsic
27203,GNG021,GNG021_L,L,acetylcholine,0.9123749732971193,1463,5943,Traced,27203.0,1,middle_feedback,,,,,cb_intrinsic
213319,ORN_DM2,ORN_DM2_R,R,acetylcholine,0.9348748922348022,219,324,Traced,,1,sense_smell,,,,,cb_sensory
556859,ORN_DM1,ORN_DM1_R,R,acetylcholine,0.9571048021316528,220,318,Traced,,1,sense_smell,,,,,cb_sensory
18880,GNG197,GNG197_R,R,acetylcholine,0.9525489807128906,657,2200,Traced,18880.0,1,middle_taste,,,,,cb_intrinsic
19643,GNG083,GNG083_R,R,gaba,0.8281519412994385,788,1995,Traced,19643.0,-1,middle_feedback,,,,,cb_intrinsic
13887,AVLP732m,AVLP732m_R,R,acetylcholine,0.958975315093994,924,1660,Traced,10940.0,1,middle_feedback,,,,,cb_intrinsic
517255,LB1c,LB1c_L,L,acetylcholine,0.6850906610488892,274,278,Traced,,1,sense_taste,,,,,cb_sensory
11854,AVLP717m,AVLP717m_R,R,acetylcholine,0.9624545574188232,1739,8203,Traced,11854.0,1,middle_court,,,,,cb_intrinsic
17211,DNge174,DNge174_R,R,acetylcholine,0.955907702445984,721,2775,Traced,17211.0,1,middle_feedback,,,,,descending_neuron
71254,LB3b,LB3b_L,L,acetylcholine,0.9454492330551147,331,483,Traced,,1,sense_taste,,,,,cb_sensory
10467,GNG111,GNG111_R,R,glutamate,0.6319012641906738,1244,5294,Traced,10467.0,-1,middle_feedback,,,,,cb_intrinsic
424866,ORN_DM2,ORN_DM2_L,L,acetylcholine,0.9565542340278624,160,187,Traced,,1,sense_smell,,,,,cb_sensory
512751,DNge105,DNge105_R,R,acetylcholine,0.8904834389686584,1011,2922,Traced,17739.0,1,middle_feedback,,,,,descending_neuron
16949,MN9,MN9_R,R,acetylcholine,0.5731075406074524,244,633,Traced,10331.0,1,out_feed,,,,,cb_motor
13803,DNg61,DNg61_L,L,acetylcholine,0.9576708674430848,1194,2564,Traced,13803.0,1,middle_feedback,,,,,descending_neuron
16773,GNG218,GNG218_L,L,acetylcholine,0.7269893288612366,887,1525,Traced,16519.0,1,middle_taste,,,,,cb_intrinsic
27918,SIP103m,SIP103m_L,L,glutamate,0.8371453881263733,433,985,Traced,27918.0,-1,middle_feedback,,,,,cb_intrinsic
170643,claw_tpGRN,claw_tpGRN_L,L,acetylcholine,0.694477915763855,152,151,Traced,,1,sense_taste,,,,,cb_sensory
72047,LB4b,LB4b_R,R,acetylcholine,0.866156280040741,214,368,Traced,,1,sense_taste,,,,,cb_sensory
10643,DNge059,DNge059_R,R,acetylcholine,0.9594317078590392,2347,8889,Traced,10643.0,1,middle_taste,,,,,descending_neuron
518363,ICL013m_b,ICL013m_b_L,L,glutamate,0.7532780766487122,565,1908,Traced,518363.0,-1,middle_feedback,,,,,cb_intrinsic
32864,ORN_DP1m,ORN_DP1m_L,L,acetylcholine,0.925440549850464,728,902,Traced,,1,sense_smell,,,,,cb_sensory
513146,GNG592,GNG592_L,L,glutamate,0.8256604671478271,1628,4449,Traced,15612.0,-1,middle_taste,,,,,cb_intrinsic
170947,dorsal_tpGRN,dorsal_tpGRN_R,R,acetylcholine,0.7740983366966248,246,97,Traced,129802.0,1,sense_taste,,,,,cb_sensory
521718,mAL_m3c,mAL_m3c_L,L,gaba,0.7559839487075806,242,647,Traced,20335.0,-1,middle_feedback,,,,,cb_intrinsic
19874,GNG237,GNG237_R,R,acetylcholine,0.8694385886192322,469,1214,Traced,19874.0,1,middle_feedback,,,,,cb_intrinsic
325265593,ORN_DM4,ORN_DM4_L,L,acetylcholine,0.9408026933670044,143,185,Traced,,1,sense_smell,,,,,cb_sensory
178532,ORN_VA2,ORN_VA2_R,R,acetylcholine,0.9601773023605348,200,266,Traced,,1,sense_smell,,,,,cb_sensory
20929,SIP121m,SIP121m_R,R,glutamate,0.6473153233528137,375,2319,Traced,12560.0,-1,middle_feedback,,,,,cb_intrinsic
526837,ICL013m_a,ICL013m_a_R,R,glutamate,0.750374972820282,581,1731,Traced,12434.0,-1,middle_feedback,,,,,cb_intrinsic
154416,ORN_VA2,ORN_VA2_L,L,acetylcholine,0.9243150949478148,250,296,Traced,,1,sense_smell,,,,,cb_sensory
10385,GNG572,GNG572_R,R,unclear,0.7205135822296143,1947,3388,Traced,10385.0,0,middle_feedback,,,,,cb_intrinsic
523834,mAL_m5c,mAL_m5c_R,R,gaba,0.572823166847229,607,2912,Traced,13430.0,-1,middle_court,,,,,cb_intrinsic
208069,ORN_DM2,ORN_DM2_L,L,acetylcholine,0.963650107383728,175,233,Traced,,1,sense_smell,,,,,cb_sensory
27346,AN05B021,AN05B021_L,L,gaba,0.8030093312263489,1988,3780,Traced,27346.0,-1,middle_feedback,,,,,ascending_neuron
956071,ORN_VA2,ORN_VA2_L,L,acetylcholine,0.958511471748352,239,218,Traced,,1,sense_smell,,,,,cb_sensory
324178811,LB1c,LB1c_L,L,acetylcholine,0.7761027216911316,273,193,Traced,,1,sense_taste,,,,,cb_sensory
11131,DNg70,DNg70_L,L,gaba,0.7668055295944214,4096,5295,Traced,10967.0,-1,middle_feedback,,,,,descending_neuron
814750,LgLG7,LgLG7_R,R,acetylcholine,0.6411095857620239,198,239,Traced,,1,sense_touch,,,,,vnc_sensory
23073,GNG202,GNG202_L,L,gaba,0.6977080702781677,859,1777,Traced,23073.0,-1,middle_feedback,,,,,cb_intrinsic
61909,mAL_m1,mAL_m1_L,L,gaba,0.5119161009788513,697,2352,Traced,12287.0,-1,middle_feedback,,,,,cb_intrinsic
11710,GNG088,GNG088_R,R,gaba,0.8750283122062683,1242,7719,Traced,11710.0,-1,middle_feedback,,,,,cb_intrinsic
16331,GNG452,GNG452_L,L,gaba,0.8248231410980225,371,1083,Traced,16331.0,-1,middle_feedback,,,,,cb_intrinsic
43765,GNG095,GNG095_R,R,gaba,0.8621390461921692,1043,5095,Traced,12851.0,-1,middle_taste,,,,,cb_intrinsic
12448,pC1_18a,pC1_18a_L,L,acetylcholine,0.8801382780075073,1013,1510,Traced,12448.0,1,court_p1,,,,,cb_intrinsic
19020,AVLP718m,AVLP718m_R,R,acetylcholine,0.9576313495635986,511,1221,Traced,16767.0,1,middle_court,,,,,cb_intrinsic
936218495,ORN_DM4,ORN_DM4_L,L,acetylcholine,0.9446418285369872,129,121,Traced,,1,sense_smell,,,,,cb_sensory
27074,CB2004,CB2004_L,L,gaba,0.8381087779998779,301,425,Traced,27074.0,-1,smell_pn,,,,,cb_intrinsic
16747,AN09B017b,AN09B017b_L,L,glutamate,0.9626890420913696,1690,2258,Traced,16747.0,-1,relay_vab3,,,,,ascending_neuron
23504,aIPg7,aIPg7_R,R,acetylcholine,0.9399684071540833,557,1996,Traced,23504.0,1,middle_court,,,,,cb_intrinsic
153046,ORN_DM1,ORN_DM1_R,R,acetylcholine,0.9451382756233216,262,345,Traced,,1,sense_smell,,,,,cb_sensory
104018476,dorsal_tpGRN,dorsal_tpGRN_L,L,acetylcholine,0.8305197358131409,168,72,Traced,129802.0,1,sense_taste,,,,,cb_sensory
21433,LH008m,LH008m_R,R,acetylcholine,0.9747326970100404,378,1245,Traced,,1,middle_feedback,,,,,cb_intrinsic
12743,DNge101,DNge101_L,L,gaba,0.7648177146911621,1402,3865,Traced,11427.0,-1,middle_feedback,,,,,descending_neuron
27459,SIP101m,SIP101m_L,L,glutamate,0.7706255316734314,586,1331,Traced,19121.0,-1,middle_feedback,,,,,cb_intrinsic
530938,PVLP149,PVLP149_L,L,acetylcholine,0.9422647356987,1735,3729,Traced,12071.0,1,middle_feedback,,,,,cb_intrinsic
16519,GNG218,GNG218_R,R,acetylcholine,0.6694250702857971,910,1663,Traced,16519.0,1,middle_taste,,,,,cb_intrinsic
156512,claw_tpGRN,claw_tpGRN_R,R,acetylcholine,0.838086724281311,163,152,Traced,,1,sense_taste,,,,,cb_sensory
31800,ORN_DP1m,ORN_DP1m_R,R,acetylcholine,0.9195281267166138,755,966,Traced,,1,sense_smell,,,,,cb_sensory
18987,AVLP727m,AVLP727m_R,R,acetylcholine,0.9216813445091248,1225,2125,Traced,18792.0,1,middle_feedback,,,,,cb_intrinsic
552780,ORN_DM2,ORN_DM2_R,R,acetylcholine,0.965169370174408,203,297,Traced,,1,sense_smell,,,,,cb_sensory
32461,GNG457,GNG457_R,R,acetylcholine,0.9535558223724364,1650,3896,Traced,32461.0,1,middle_feedback,,,,,cb_intrinsic
512263,SIP103m,SIP103m_L,L,glutamate,0.8494132161140442,554,1227,Traced,27918.0,-1,middle_feedback,,,,,cb_intrinsic
175572,LB1e,LB1e_L,L,acetylcholine,0.794872522354126,183,326,Traced,,1,sense_taste,,,,,cb_sensory
12605,GNG147,GNG147_R,R,glutamate,0.7938036322593689,1523,2726,Traced,11772.0,-1,middle_taste,,,,,cb_intrinsic
203234,LB3a,LB3a_L,L,acetylcholine,0.8574370741844177,132,102,Traced,,1,sense_taste,,,,,cb_sensory
28094,LHAV4c2,LHAV4c2_R,R,gaba,0.7296057939529419,357,1059,Traced,,-1,middle_feedback,,,,,cb_intrinsic
902216,PhG9,PhG9_R,R,acetylcholine,0.6366618871688843,1047,808,Traced,55883.0,1,sense_taste,,,,,cb_sensory
205597,ORN_DM4,ORN_DM4_L,L,acetylcholine,0.9381452202796936,212,188,Traced,,1,sense_smell,,,,,cb_sensory
15912,GNG063,GNG063_L,L,gaba,0.7900646924972534,623,2331,Traced,15302.0,-1,middle_feedback,,,,,cb_intrinsic
11582,GNG116,GNG116_R,R,gaba,0.8444178700447083,762,4956,Traced,10032.0,-1,middle_feedback,,,,,cb_intrinsic
130693,LB3d,LB3d_L,L,acetylcholine,0.5734561085700989,208,192,Traced,,1,sense_taste,,,,,cb_sensory
524610,GNG057,GNG057_L,L,glutamate,0.7000750303268433,1045,3000,Traced,14289.0,-1,middle_taste,,,,,cb_intrinsic
173751,ORN_DM1,ORN_DM1_L,L,acetylcholine,0.936259925365448,252,269,Traced,,1,sense_smell,,,,,cb_sensory
15035,pC1_18b,pC1_18b_R,R,acetylcholine,0.9274102449417114,1249,4527,Traced,15035.0,1,court_p1,,,,,cb_intrinsic
14101,GNG188,GNG188_R,R,acetylcholine,0.7796729207038879,1434,2125,Traced,14101.0,1,middle_feedback,,,,,cb_intrinsic
513685,GNG064,GNG064_L,L,acetylcholine,0.8902556300163269,849,2801,Traced,512516.0,1,middle_taste,,,,,cb_intrinsic
16397,GNG076,GNG076_L,L,acetylcholine,0.9014447331428528,1229,1951,Traced,14932.0,1,middle_feedback,,,,,cb_intrinsic
18148,GNG208,GNG208_L,L,acetylcholine,0.8871814012527466,1205,1815,Traced,18148.0,1,middle_feedback,,,,,cb_intrinsic
12422,DNge100,DNge100_L,L,acetylcholine,0.9587427973747252,1031,2791,Traced,12422.0,1,middle_taste,,,,,descending_neuron
179677,ORN_DM2,ORN_DM2_R,R,acetylcholine,0.964525043964386,190,279,Traced,,1,sense_smell,,,,,cb_sensory
40622,GNG606,GNG606_L,L,gaba,0.838483452796936,380,734,Traced,26194.0,-1,middle_feedback,,,,,cb_intrinsic
814159,LgLG5,LgLG5_R,R,glutamate,0.6406770944595337,210,398,Traced,,-1,sense_touch,,,,,vnc_sensory
16362,mAL_m5c,mAL_m5c_L,L,gaba,0.6318679451942444,521,2354,Traced,13430.0,-1,middle_court,,,,,cb_intrinsic
519518,pC1_4a,pC1_4a_L,L,acetylcholine,0.9416832327842712,615,1827,Traced,23968.0,1,court_p1,,,,,cb_intrinsic
107729,GNG035,GNG035_L,L,gaba,0.8300641179084778,1984,3902,Traced,13313.0,-1,middle_feedback,,,,,cb_intrinsic
520195,AN05B023d,AN05B023d_R,R,gaba,0.8702467083930969,2772,9387,Traced,17492.0,-1,middle_feedback,,,,,ascending_neuron
514967,GNG537,GNG537_L,L,acetylcholine,0.9527020454406738,880,1433,Traced,514035.0,1,middle_taste,,,,,cb_intrinsic
30885,M_vPNml52,M_vPNml52_R,R,gaba,0.66964191198349,224,937,Traced,22026.0,-1,smell_pn,,,,,cb_intrinsic
17090,GNG190,GNG190_R,R,unclear,0.6481732130050659,684,1751,Traced,15490.0,0,middle_feedback,,,,,cb_intrinsic
521749,GNG392,GNG392_R,R,acetylcholine,0.947321593761444,318,1121,Traced,32931.0,1,middle_feedback,,,,,cb_intrinsic
50745,GNG392,GNG392_L,L,acetylcholine,0.9429165124893188,335,1328,Traced,32931.0,1,middle_feedback,,,,,cb_intrinsic
512498,AN09B017f,AN09B017f_L,L,glutamate,0.9595805406570436,2048,1667,Traced,11998.0,-1,relay_vab3,,,,,ascending_neuron
518540,GNG175,GNG175_R,R,gaba,0.6336722373962402,822,2405,Traced,17709.0,-1,middle_feedback,,,,,cb_intrinsic
17428,GNG459,GNG459_R,R,acetylcholine,0.8792902231216431,1126,2265,Traced,17428.0,1,middle_feedback,,,,,cb_intrinsic
26255,VES204m,VES204m_L,L,acetylcholine,0.9423264265060424,449,1401,Traced,14072.0,1,middle_feedback,,,,,cb_intrinsic
531383,AVLP743m,AVLP743m_L,L,unclear,0.373955100774765,454,1690,Traced,19109.0,0,middle_court,,,,,cb_intrinsic
120303,LB3c,LB3c_R,R,acetylcholine,0.8885172605514526,236,366,Traced,,1,sense_taste,,,,,cb_sensory
54502,,,R,acetylcholine,0.9020867943763732,200,604,Traced,54502.0,1,middle_feedback,,,,,cb_intrinsic
10740,DNge143,DNge143_L,L,gaba,0.8797542452812195,2188,5824,Traced,10740.0,-1,middle_feedback,,,,,descending_neuron
12651,GNG097,GNG097_L,L,glutamate,0.78609299659729,1218,4576,Traced,12651.0,-1,middle_taste,,,,,cb_intrinsic
921954,ORN_VA2,ORN_VA2_R,R,acetylcholine,0.9369776248931884,77,130,Traced,,1,sense_smell,,,,,cb_sensory
521206,GNG090,GNG090_L,L,gaba,0.6522526144981384,1245,6203,Traced,13363.0,-1,middle_feedback,,,,,cb_intrinsic
15490,GNG190,GNG190_L,L,unclear,0.5940272212028503,829,2151,Traced,15490.0,0,middle_feedback,,,,,cb_intrinsic
811535,LgLG5,LgLG5_L,L,glutamate,0.7002955675125122,266,650,Traced,,-1,sense_touch,,,,,vnc_sensory
12600,GNG049,GNG049_R,R,acetylcholine,0.7189365029335022,1502,3360,Traced,12600.0,1,middle_feedback,,,,,cb_intrinsic
11092,DM2_lPN,DM2_lPN_L,L,acetylcholine,0.938770353794098,2940,6179,Traced,11080.0,1,smell_pn,,,,,cb_intrinsic
523724,GNG258,GNG258_R,R,gaba,0.844600260257721,453,1017,Traced,26276.0,-1,middle_feedback,,,,,cb_intrinsic
81151,GNG247,GNG247_R,R,acetylcholine,0.9367197155952454,612,1200,Traced,20595.0,1,middle_feedback,,,,,cb_intrinsic
12144,GNG129,GNG129_R,R,gaba,0.8838127255439758,1224,4237,Traced,12144.0,-1,middle_taste,,,,,cb_intrinsic
513042,mAL_m1,mAL_m1_R,R,gaba,0.5894750356674194,825,2002,Traced,12287.0,-1,middle_court,,,,,cb_intrinsic
17349,SIP108m,SIP108m_R,R,acetylcholine,0.9490399360656738,529,2467,Traced,13160.0,1,middle_feedback,,,,,cb_intrinsic
13398,CL344_a,CL344_a_L,L,unclear,0.5425353050231934,921,2241,Traced,13131.0,0,middle_feedback,,,,,cb_intrinsic
13952,DNg63,DNg63_L,L,acetylcholine,0.9125799536705016,1123,2951,Traced,13952.0,1,middle_taste,,,,,descending_neuron
12090,SMP286,SMP286_L,L,gaba,0.7198790311813354,1461,7800,Traced,11732.0,-1,middle_feedback,,,,,cb_intrinsic
308608,ORN_VA2,ORN_VA2_L,L,acetylcholine,0.932550311088562,138,161,Traced,,1,sense_smell,,,,,cb_sensory
15744,GNG071,GNG071_R,R,gaba,0.8233713507652283,526,2438,Traced,15744.0,-1,middle_feedback,,,,,cb_intrinsic
578849,GNG239,GNG239_R,R,gaba,0.5916757583618164,343,1340,Traced,29109.0,-1,middle_feedback,,,,,cb_intrinsic
12992,GNG032,GNG032_R,R,glutamate,0.7541642189025879,1289,3496,Traced,12992.0,-1,middle_feedback,,,,,cb_intrinsic
171505,ORN_DM2,ORN_DM2_R,R,acetylcholine,0.9536375403404236,138,196,Traced,,1,sense_smell,,,,,cb_sensory
80841,ORN_DM2,ORN_DM2_R,R,acetylcholine,0.9243983030319214,212,289,Traced,,1,sense_smell,,,,,cb_sensory
129171,LB3d,LB3d_R,R,acetylcholine,0.951058268547058,205,311,Traced,,1,sense_taste,,,,,cb_sensory
20136,SIP122m,SIP122m_R,R,glutamate,0.6637864112854004,389,2594,Traced,20136.0,-1,middle_feedback,,,,,cb_intrinsic
14072,VES204m,VES204m_R,R,acetylcholine,0.9163038730621338,531,1592,Traced,14072.0,1,middle_feedback,,,,,cb_intrinsic
521981,SIP102m,SIP102m_R,R,glutamate,0.8248189091682434,1801,4610,Traced,521981.0,-1,middle_feedback,,,,,cb_intrinsic
14804,DNg63,DNg63_R,R,acetylcholine,0.8836584687232971,1106,3441,Traced,13952.0,1,middle_taste,,,,,descending_neuron
22603,PhG10,PhG10_L,L,acetylcholine,0.6221000552177429,656,716,Traced,22603.0,1,sense_taste,,,,,cb_sensory
16620,GNG185,GNG185_R,R,acetylcholine,0.930623471736908,922,2253,Traced,16620.0,1,middle_feedback,,,,,cb_intrinsic
181265,ORN_DM2,ORN_DM2_R,R,acetylcholine,0.9606012105941772,206,229,Traced,,1,sense_smell,,,,,cb_sensory
54559,ORN_DP1m,ORN_DP1m_R,R,acetylcholine,0.9048981070518494,708,1057,Traced,,1,sense_smell,,,,,cb_sensory
107241,LB1c,LB1c_R,R,acetylcholine,0.7343666553497314,435,230,Traced,,1,sense_taste,,,,,cb_sensory
569993,ORN_VA2,ORN_VA2_L,L,acetylcholine,0.938401460647583,187,244,Traced,,1,sense_smell,,,,,cb_sensory
514554,SIP103m,SIP103m_L,L,glutamate,0.8086506724357605,412,1348,Traced,27918.0,-1,middle_feedback,,,,,cb_intrinsic
29143,pC1_5b,pC1_5b_R,R,acetylcholine,0.9594929218292236,445,979,Traced,29143.0,1,court_p1,,,,,cb_intrinsic
812778,LgLG1b,LgLG1b_R,R,unclear,0.4081924259662628,199,256,Traced,,0,sense_touch,,,,,vnc_sensory
16907,GNG156,GNG156_R,R,acetylcholine,0.8528053760528564,1024,3143,Traced,16907.0,1,middle_feedback,,,,,cb_intrinsic
516642,GNG238,GNG238_R,R,gaba,0.8503269553184509,497,1351,Traced,26557.0,-1,middle_feedback,,,,,cb_intrinsic
18830,AVLP760m,AVLP760m_R,R,gaba,0.8292690515518188,607,1153,Traced,18830.0,-1,middle_feedback,,,,,cb_intrinsic
19894,pC1_3c,pC1_3c_R,R,acetylcholine,0.9463916420936584,342,1852,Traced,19136.0,1,court_p1,,,,,cb_intrinsic
10930,pMP2,pMP2_L,L,acetylcholine,0.9565431475639344,1868,8856,Traced,10765.0,1,middle_feedback,,,,,descending_neuron
201075,LB3d,LB3d_R,R,acetylcholine,0.5358788371086121,88,56,Traced,,1,sense_taste,,,,,cb_sensory
19040,GNG165,GNG165_L,L,acetylcholine,0.9367902278900146,690,2357,Traced,12293.0,1,middle_feedback,,,,,cb_intrinsic
557352,SIP146m,SIP146m_L,L,glutamate,0.769737958908081,292,1182,Traced,22781.0,-1,middle_feedback,,,,,cb_intrinsic
75193,GNG357,GNG357_L,L,gaba,0.8734187483787537,597,2339,Traced,16990.0,-1,middle_feedback,,,,,cb_intrinsic
530560,GNG538,GNG538_R,R,acetylcholine,0.7994683980941772,823,2083,Traced,530560.0,1,middle_feedback,,,,,cb_intrinsic
14009,GNG096,GNG096_L,L,gaba,0.8194835782051086,860,4224,Traced,12999.0,-1,middle_feedback,,,,,cb_intrinsic
16830,AN09B017c,AN09B017c_L,L,glutamate,0.9531302452087402,1348,1370,Traced,16535.0,-1,relay_vab3,,,,,ascending_neuron
819165,LgLG6,LgLG6_L,L,acetylcholine,0.825305163860321,78,60,Traced,,1,sense_touch,,,,,vnc_sensory
13561,GNG145,GNG145_R,R,gaba,0.6866934895515442,1378,3496,Traced,11388.0,-1,middle_taste,,,,,cb_intrinsic
369210,mAL_m3b,mAL_m3b_L,L,unclear,0.438942402601242,286,836,Traced,11147.0,0,middle_feedback,,,,,cb_intrinsic
63601,mAL_m3c,mAL_m3c_R,R,gaba,0.7753794193267822,231,633,Traced,20335.0,-1,middle_feedback,,,,,cb_intrinsic
10613,DM4_adPN,DM4_adPN_R,R,acetylcholine,0.9578675031661988,4200,7885,Traced,,1,smell_pn,,,,,cb_intrinsic
530190,AVLP727m,AVLP727m_R,R,acetylcholine,0.9105291962623596,1193,2500,Traced,18792.0,1,middle_feedback,,,,,cb_intrinsic
514925,pC1_3b,pC1_3b_R,R,acetylcholine,0.9493943452835084,996,2771,Traced,13266.0,1,court_p1,,,,,cb_intrinsic
521618,PRW048,PRW048_L,L,acetylcholine,0.8223546147346497,718,821,Traced,512507.0,1,middle_feedback,,,,,cb_intrinsic
55752,SIP101m,SIP101m_R,R,glutamate,0.8245943188667297,483,1200,Traced,19121.0,-1,middle_feedback,,,,,cb_intrinsic
16630,GNG479,GNG479_R,R,gaba,0.7255913019180298,844,5347,Traced,15611.0,-1,middle_feedback,,,,,cb_intrinsic
189518,ORN_DM1,ORN_DM1_L,L,acetylcholine,0.9471477270126344,246,373,Traced,,1,sense_smell,,,,,cb_sensory
526521,PRW073,PRW073_L,L,glutamate,0.650648832321167,1668,5517,Traced,519766.0,-1,middle_feedback,,,,,cb_intrinsic
28514,GNG412,GNG412_R,R,acetylcholine,0.9374821186065674,312,1053,Traced,28514.0,1,middle_feedback,,,,,cb_intrinsic
19810,GNG292,GNG292_L,L,gaba,0.8172780275344849,907,1493,Traced,13099.0,-1,middle_taste,,,,,cb_intrinsic
519441,GNG215,GNG215_L,L,acetylcholine,0.9305975437164308,505,1518,Traced,21828.0,1,middle_taste,,,,,cb_intrinsic
21035,ANXXX151,ANXXX151_R,R,acetylcholine,0.9407080411911012,1622,5065,Traced,20371.0,1,middle_feedback,,,,,ascending_neuron
13686,SMP549,SMP549_R,R,acetylcholine,0.9188932180404664,1492,5766,Traced,10789.0,1,middle_feedback,,,,,cb_intrinsic
919015263,LB2a,LB2a_L,L,acetylcholine,0.7094155550003052,201,156,Traced,,1,sense_taste,,,,,cb_sensory
16714,GNG039,GNG039_L,L,gaba,0.8590055108070374,783,3782,Traced,12812.0,-1,middle_feedback,,,,,cb_intrinsic
518542,LB3a,LB3a_R,R,acetylcholine,0.8108787536621094,130,227,Traced,,1,sense_taste,,,,,cb_sensory
521223,GNG071,GNG071_L,L,gaba,0.8134684562683105,620,2530,Traced,15744.0,-1,middle_feedback,,,,,cb_intrinsic
14637,GNG148,GNG148_L,L,acetylcholine,0.8928131461143494,1029,2995,Traced,14637.0,1,middle_feedback,,,,,cb_intrinsic
555296,GNG014,GNG014_L,L,acetylcholine,0.796640932559967,4790,9641,Traced,10864.0,1,middle_feedback,,,,,cb_intrinsic
18218,GNG226,GNG226_L,L,acetylcholine,0.8641355633735657,928,1206,Traced,18218.0,1,middle_feedback,,,,,cb_intrinsic
523517,GNG244,GNG244_L,L,unclear,0.4540040194988251,667,1160,Traced,17937.0,0,middle_feedback,,,,,cb_intrinsic
151220,claw_tpGRN,claw_tpGRN_R,R,acetylcholine,0.7263946533203125,152,187,Traced,,1,sense_taste,,,,,cb_sensory
16183,PRW064,PRW064_L,L,acetylcholine,0.7388710379600525,911,1152,Traced,14117.0,1,middle_feedback,,,,,cb_intrinsic
513128,SMP193,SMP193_L,L,acetylcholine,0.88182133436203,1198,1634,Traced,15297.0,1,middle_feedback,,,,,cb_intrinsic
11484,GNG107,GNG107_L,L,gaba,0.7793452739715576,1385,6346,Traced,11231.0,-1,middle_feedback,,,,,cb_intrinsic
37994,CB2004,CB2004_R,R,gaba,0.7977262735366821,257,358,Traced,27074.0,-1,smell_pn,,,,,cb_intrinsic
513656,GNG225,GNG225_L,L,glutamate,0.7075259685516357,601,1670,Traced,57803.0,-1,middle_feedback,,,,,cb_intrinsic
19640,GNG172,GNG172_R,R,acetylcholine,0.9384372234344482,615,2750,Traced,16463.0,1,middle_feedback,,,,,cb_intrinsic
519325,SIP107m,SIP107m_L,L,glutamate,0.8065080642700195,1657,1907,Traced,12058.0,-1,middle_feedback,,,,,cb_intrinsic
140619,LB3a,LB3a_R,R,acetylcholine,0.8066556453704834,144,202,Traced,,1,sense_taste,,,,,cb_sensory
17539,,,R,gaba,0.799842357635498,661,1756,Traced,14160.0,-1,middle_feedback,,,,,cb_intrinsic
66936,SIP100m,SIP100m_R,R,glutamate,0.782867968082428,386,1173,Traced,18172.0,-1,middle_feedback,,,,,cb_intrinsic
508788865,GNG665,GNG665_R,R,unclear,0.4129846096038818,626,1392,Traced,,0,middle_feedback,,,,,cb_intrinsic
256844,LB1c,LB1c_R,R,acetylcholine,0.7989281415939331,325,187,Traced,,1,sense_taste,,,,,cb_sensory
179786,ORN_VA2,ORN_VA2_R,R,acetylcholine,0.9497793316841124,311,394,Traced,,1,sense_smell,,,,,cb_sensory
172518,ORN_DM2,ORN_DM2_R,R,acetylcholine,0.9645784497261048,191,293,Traced,,1,sense_smell,,,,,cb_sensory
512877,MNx01,MNx01_L,L,glutamate,0.5372346639633179,1938,2123,Traced,19296.0,-1,middle_feedback,,,,,cb_motor
168492,LB1a,LB1a_L,L,acetylcholine,0.6684935092926025,177,202,Traced,,1,sense_taste,,,,,cb_sensory
512516,GNG064,GNG064_R,R,acetylcholine,0.8791534900665283,993,3083,Traced,512516.0,1,middle_taste,,,,,cb_intrinsic
10165,AN05B101,AN05B101_L,L,gaba,0.8136606216430664,3739,9354,Traced,10165.0,-1,middle_feedback,,,,,ascending_neuron
533045,GNG542,GNG542_L,L,acetylcholine,0.7236573100090027,1804,1239,Traced,15646.0,1,middle_feedback,,,,,cb_intrinsic
16789,aIPg10,aIPg10_R,R,acetylcholine,0.9020357131958008,746,3327,Traced,16789.0,1,middle_feedback,,,,,cb_intrinsic
36743,M_lvPNm26,M_lvPNm26_R,R,acetylcholine,0.9564010500907898,371,1054,Traced,20324.0,1,smell_pn,,,,,cb_intrinsic
28210,mAL_m3c,mAL_m3c_L,L,gaba,0.7468637824058533,335,813,Traced,20335.0,-1,middle_court,,,,,cb_intrinsic
176139,claw_tpGRN,claw_tpGRN_R,R,acetylcholine,0.830172061920166,181,209,Traced,,1,sense_taste,,,,,cb_sensory
17469,AVLP711m,AVLP711m_R,R,acetylcholine,0.9656898975372314,751,3359,Traced,17469.0,1,middle_court,,,,,cb_intrinsic
14912,GNG152,GNG152_R,R,acetylcholine,0.8747182488441467,1317,3159,Traced,14912.0,1,middle_feedback,,,,,cb_intrinsic
122717,ORN_DP1m,ORN_DP1m_R,R,acetylcholine,0.9427667856216432,698,975,Traced,,1,sense_smell,,,,,cb_sensory
71335,SIP100m,SIP100m_R,R,glutamate,0.8243407607078552,493,1432,Traced,18172.0,-1,middle_feedback,,,,,cb_intrinsic
912379,LB1b,LB1b_L,L,unclear,0.683533787727356,306,197,Traced,,0,sense_taste,,,,,cb_sensory
14249,DNge077,DNge077_L,L,acetylcholine,0.8994324207305908,1080,1769,Traced,14249.0,1,middle_feedback,,,,,descending_neuron
18164,AN05B102c,AN05B102c_R,R,acetylcholine,0.9510700702667236,2333,9871,Traced,17416.0,1,middle_feedback,,,,,ascending_neuron
15532,mAL_m5b,mAL_m5b_L,L,gaba,0.6742869019508362,578,2465,Traced,15311.0,-1,middle_court,,,,,cb_intrinsic
516249,SIP124m,SIP124m_R,R,glutamate,0.7752681374549866,286,1484,Traced,22697.0,-1,middle_feedback,,,,,cb_intrinsic
532582,LHAV4c2,LHAV4c2_L,L,gaba,0.705009937286377,470,1131,Traced,,-1,middle_court,,,,,cb_intrinsic
10506,DNg37,DNg37_R,R,acetylcholine,0.9605308771133424,2939,10734,Traced,10506.0,1,middle_feedback,,,,,descending_neuron
11749,M_l2PNl21,M_l2PNl21_L,L,acetylcholine,0.9464927911758424,1340,5456,Traced,11749.0,1,smell_pn,,,,,cb_intrinsic
11632,DNpe052,DNpe052(AVLP564)_R,R,acetylcholine,0.9624135494232178,2441,4125,Traced,10590.0,1,middle_feedback,,,,,descending_neuron
14424,GNG510,GNG510_L,L,acetylcholine,0.5391561388969421,2004,3836,Traced,13115.0,1,middle_taste,,,,,cb_intrinsic
844522,LgLG5,LgLG5_R,R,glutamate,0.3811463415622711,60,94,Traced,,-1,sense_touch,,,,,vnc_sensory
555264,GNG199,GNG199_L,L,acetylcholine,0.9353394508361816,739,1700,Traced,15204.0,1,middle_feedback,,,,,cb_intrinsic
807234,LgLG7,LgLG7_L,L,acetylcholine,0.7023123502731323,417,600,Traced,,1,sense_touch,,,,,vnc_sensory
57752,VES206m,VES206m_L,L,acetylcholine,0.954542636871338,384,801,Traced,17900.0,1,middle_feedback,,,,,cb_intrinsic
10273,SIP136m,SIP136m_L,L,acetylcholine,0.9627572894096376,3078,10629,Traced,10230.0,1,middle_feedback,,,,,cb_intrinsic
16695,GNG065,GNG065_L,L,acetylcholine,0.8690330982208252,980,2123,Traced,16267.0,1,middle_feedback,,,,,cb_intrinsic
556022,GNG165,GNG165_L,L,acetylcholine,0.9278940558433532,704,2412,Traced,12293.0,1,middle_feedback,,,,,cb_intrinsic
32437,pC1_15a,pC1_15a_R,R,acetylcholine,0.8823144435882568,765,1320,Traced,32437.0,1,court_p1,,,,,cb_intrinsic
514706,AVLP750m,AVLP750m_L,L,acetylcholine,0.9430624842643738,1224,2067,Traced,19414.0,1,middle_feedback,,,,,cb_intrinsic
11968,GNG665,GNG665_L,L,unclear,0.3464309871196747,798,1785,Traced,,0,middle_feedback,,,,,cb_intrinsic
13103,GNG033,GNG033_R,R,acetylcholine,0.9346826672554016,1523,3918,Traced,10857.0,1,middle_feedback,,,,,cb_intrinsic
37974,GNG398,GNG398_R,R,acetylcholine,0.931269347667694,245,759,Traced,37974.0,1,middle_feedback,,,,,cb_intrinsic
260128,ORN_DM1,ORN_DM1_L,L,acetylcholine,0.9653209447860718,206,281,Traced,,1,sense_smell,,,,,cb_sensory
18871,GNG245,GNG245_R,R,glutamate,0.7235453724861145,601,1192,Traced,18871.0,-1,middle_feedback,,,,,cb_intrinsic
66837,SIP103m,SIP103m_R,R,glutamate,0.8508062958717346,427,1242,Traced,27918.0,-1,middle_feedback,,,,,cb_intrinsic
39333,SIP143m,SIP143m_L,L,glutamate,0.7641653418540955,347,1525,Traced,36117.0,-1,middle_feedback,,,,,cb_intrinsic
14324,mAL_m5c,mAL_m5c_L,L,gaba,0.5374546647071838,521,2581,Traced,13430.0,-1,middle_court,,,,,cb_intrinsic
29388,pC1_15c,pC1_15c_R,R,acetylcholine,0.8840847015380859,641,1983,Traced,29388.0,1,court_p1,,,,,cb_intrinsic
15331,AVLP722m,AVLP722m_R,R,acetylcholine,0.965633988380432,853,2233,Traced,13284.0,1,middle_feedback,,,,,cb_intrinsic
159466,claw_tpGRN,claw_tpGRN_R,R,acetylcholine,0.7612553238868713,195,168,Traced,,1,sense_taste,,,,,cb_sensory
521415,GNG224,GNG224_L,L,acetylcholine,0.948886215686798,1051,1679,Traced,519666.0,1,middle_feedback,,,,,cb_intrinsic
814407,LgLG6,LgLG6_L,L,acetylcholine,0.6674405336380005,196,236,Traced,,1,sense_touch,,,,,vnc_sensory
569848,AVLP753m,AVLP753m_R,R,acetylcholine,0.9162078499794006,464,1808,Traced,21902.0,1,middle_feedback,,,,,cb_intrinsic
29721,AVLP742m,AVLP742m_L,L,acetylcholine,0.9341807961463928,1051,1168,Traced,23570.0,1,middle_feedback,,,,,cb_intrinsic
550065,LB3d,LB3d_R,R,acetylcholine,0.5073147416114807,144,189,Traced,,1,sense_taste,,,,,cb_sensory
21568,AVLP080,AVLP080_R,R,gaba,0.8228441476821899,6240,38096,Traced,10172.0,-1,middle_feedback,,,,,cb_intrinsic
808379,LgLG1a,LgLG1a_R,R,acetylcholine,0.8950832486152649,317,337,Traced,,1,sense_touch,,,,,vnc_sensory
16762,,,R,acetylcholine,0.968301236629486,904,1784,Traced,,1,middle_feedback,,,,,cb_intrinsic
19109,AVLP743m,AVLP743m_R,R,unclear,0.4647764563560486,441,1695,Traced,19109.0,0,middle_court,,,,,cb_intrinsic
267996,pC1_9a,pC1_9a_R,R,acetylcholine,0.9454768300056458,597,1741,Traced,15876.0,1,court_p1,,,,,cb_intrinsic
11231,GNG107,GNG107_R,R,gaba,0.7908506989479065,1332,7254,Traced,11231.0,-1,middle_feedback,,,,,cb_intrinsic
17387,pC1_2a/2b,pC1_2a/2b_R,R,acetylcholine,0.9633179903030396,509,1416,Traced,,1,court_p1,,,,,cb_intrinsic
11331,AVLP758m,AVLP758m_L,L,acetylcholine,0.9583305716514589,2484,4267,Traced,11331.0,1,middle_court,,,,,cb_intrinsic
13266,pC1_3b,pC1_3b_L,L,acetylcholine,0.9586028456687928,962,2306,Traced,13266.0,1,court_p1,,,,,cb_intrinsic
555488,pC1_9a,pC1_9a_L,L,acetylcholine,0.9447465538978576,744,1779,Traced,15876.0,1,court_p1,,,,,cb_intrinsic
25783,GNG230,GNG230_L,L,acetylcholine,0.4472118020057678,758,904,Traced,25783.0,1,middle_feedback,,,,,cb_intrinsic
520643,DNp46,DNp46(CL206)_L,L,acetylcholine,0.951134204864502,1684,2489,Traced,13245.0,1,middle_feedback,,,,,descending_neuron
20029,CB2004,CB2004_R,R,gaba,0.8041516542434692,245,405,Traced,20029.0,-1,smell_pn,,,,,cb_intrinsic
552278,ORN_DM4,ORN_DM4_L,L,acetylcholine,0.9233345985412598,151,157,Traced,,1,sense_smell,,,,,cb_sensory
98113,pC1_19,pC1_19_L,L,acetylcholine,0.8758146166801453,235,374,Traced,68624.0,1,court_p1,,,,,cb_intrinsic
10328,SMP709m,SMP709m_R,R,acetylcholine,0.8855127096176147,4081,5129,Traced,10328.0,1,middle_feedback,,,,,cb_intrinsic
917934,PhG1a,PhG1a_L,L,acetylcholine,0.791603684425354,656,1051,Traced,21105.0,1,sense_taste,,,,,cb_sensory
18239,GNG459,GNG459_L,L,acetylcholine,0.93602454662323,1026,2265,Traced,17428.0,1,middle_taste,,,,,cb_intrinsic
514555,SMP082,SMP082_R,R,glutamate,0.7808417677879333,2129,4316,Traced,38425.0,-1,middle_feedback,,,,,cb_intrinsic
32092,MN7,MN7_R,R,unclear,0.5579068064689636,170,717,Traced,16134.0,0,middle_taste,,,,,cb_motor
521150,pC1x_a,pC1x_a_L,L,acetylcholine,0.8931101560592651,1661,3315,Traced,12366.0,1,court_p1,,,,,cb_intrinsic
521130,GNG188,GNG188_L,L,acetylcholine,0.9152242541313172,1058,1716,Traced,14101.0,1,middle_feedback,,,,,cb_intrinsic
25521,pC1_8a,pC1_8a_R,R,acetylcholine,0.9530166387557985,536,983,Traced,24727.0,1,court_p1,,,,,cb_intrinsic
16733,GNG168,GNG168_L,L,glutamate,0.5947896838188171,989,2404,Traced,10565.0,-1,middle_feedback,,,,,cb_intrinsic
22676,CL062_b2,CL062_b2_R,R,acetylcholine,0.933358907699585,562,1503,Traced,22336.0,1,middle_feedback,,,,,cb_intrinsic
145847,ORN_VA2,ORN_VA2_R,R,acetylcholine,0.9368428587913512,128,182,Traced,,1,sense_smell,,,,,cb_sensory
12563,GNG134,GNG134_L,L,acetylcholine,0.9433428049087524,1636,3871,Traced,12563.0,1,middle_taste,,,,,cb_intrinsic
19968,pC1_10d,pC1_10d_R,R,acetylcholine,0.9625372886657716,557,1426,Traced,19968.0,1,court_p1,,,,,cb_intrinsic
512824,mAL_m1,mAL_m1_L,L,gaba,0.6424857974052429,864,2223,Traced,12287.0,-1,middle_court,,,,,cb_intrinsic
18590,GNG229,GNG229_R,R,gaba,0.791836142539978,538,1571,Traced,13083.0,-1,middle_feedback,,,,,cb_intrinsic
10135,DNge031,DNge031_L,L,gaba,0.857567310333252,2191,9710,Traced,10135.0,-1,middle_taste,,,,,descending_neuron
545182,ORN_DP1m,ORN_DP1m_L,L,acetylcholine,0.933277428150177,585,828,Traced,,1,sense_smell,,,,,cb_sensory
517424,SIP123m,SIP123m_L,L,glutamate,0.7945519089698792,438,1813,Traced,48344.0,-1,middle_feedback,,,,,cb_intrinsic
15598,LH004m,LH004m_L,L,gaba,0.4904828667640686,483,1242,Traced,15598.0,-1,middle_feedback,,,,,cb_intrinsic
26993,pC1_1b,pC1_1b_R,R,acetylcholine,0.962113916873932,538,2000,Traced,16262.0,1,court_p1,,,,,cb_intrinsic
10163,DNge036,DNge036_L,L,acetylcholine,0.9534552693367004,2053,10525,Traced,10163.0,1,middle_feedback,,,,,descending_neuron
819568,LgLG1b,LgLG1b_L,L,unclear,0.467987060546875,80,70,Traced,,0,sense_touch,,,,,vnc_sensory
519907,mAL_m9,mAL_m9_L,L,gaba,0.5598657131195068,610,2180,Traced,15199.0,-1,middle_court,,,,,cb_intrinsic
51827,GNG621,GNG621_L,L,acetylcholine,0.9372050166130066,387,586,Traced,32469.0,1,middle_feedback,,,,,cb_intrinsic
20580,pC1_10d,pC1_10d_L,L,acetylcholine,0.9646989107131958,483,1258,Traced,19968.0,1,court_p1,,,,,cb_intrinsic
522419,pC1_4a,pC1_4a_L,L,acetylcholine,0.9630736112594604,914,3053,Traced,12442.0,1,court_p1,,,,,cb_intrinsic
10138,oviIN,oviIN_R,R,gaba,0.8113864660263062,7900,26634,Traced,10097.0,-1,middle_feedback,,,,,cb_intrinsic
676893250,ORN_VA2,ORN_VA2_L,L,acetylcholine,0.9141049981117249,64,67,Traced,,1,sense_smell,,,,,cb_sensory
520580,SMP157,SMP157_R,R,acetylcholine,0.8829813599586487,1584,4354,Traced,13807.0,1,middle_feedback,,,,,cb_intrinsic
132583,PhG1b,PhG1b_L,L,acetylcholine,0.657615602016449,989,1063,Traced,15695.0,1,sense_taste,,,,,cb_sensory
140851,LB3d,LB3d_L,L,acetylcholine,0.5439416170120239,198,166,Traced,,1,sense_taste,,,,,cb_sensory
23489,GNG393,GNG393_L,L,gaba,0.7095184922218323,312,1154,Traced,20815.0,-1,middle_taste,,,,,cb_intrinsic
13341,AN09B017e,AN09B017e_R,R,glutamate,0.954385221004486,2575,2605,Traced,13341.0,-1,relay_vab3,,,,,ascending_neuron
161040,claw_tpGRN,claw_tpGRN_L,L,acetylcholine,0.7388786673545837,156,159,Traced,,1,sense_taste,,,,,cb_sensory
20097,AVLP744m,AVLP744m_R,R,acetylcholine,0.9247443079948424,466,2380,Traced,13401.0,1,middle_feedback,,,,,cb_intrinsic
79642,pC1_19,pC1_19_R,R,acetylcholine,0.9312646985054016,156,274,Traced,68624.0,1,court_p1,,,,,cb_intrinsic
17112,mAL_m5a,mAL_m5a_R,R,gaba,0.7199466228485107,607,1878,Traced,10405.0,-1,middle_court,,,,,cb_intrinsic
141372,ORN_DM1,ORN_DM1_R,R,acetylcholine,0.940093159675598,280,368,Traced,,1,sense_smell,,,,,cb_sensory
14407,SIP137m_a,SIP137m_a_R,R,acetylcholine,0.956126868724823,835,2743,Traced,13050.0,1,middle_feedback,,,,,cb_intrinsic
541552,ORN_DM1,ORN_DM1_L,L,acetylcholine,0.957418978214264,224,298,Traced,,1,sense_smell,,,,,cb_sensory
136276,LB2c,LB2c_R,R,acetylcholine,0.7837015390396118,223,188,Traced,,1,sense_taste,,,,,cb_sensory
317616,LB3d,LB3d_L,L,acetylcholine,0.4723100960254669,118,67,Traced,,1,sense_taste,,,,,cb_sensory
199308,LB3a,LB3a_R,R,acetylcholine,0.8973175883293152,100,149,Traced,,1,sense_taste,,,,,cb_sensory
10960,GNG092,GNG092_R,R,gaba,0.8925801515579224,1269,5883,Traced,10960.0,-1,middle_feedback,,,,,cb_intrinsic
815110,LgLG1a,LgLG1a_L,L,acetylcholine,0.8792521953582764,173,219,Traced,,1,sense_touch,,,,,vnc_sensory
526032,AVLP711m,AVLP711m_L,L,acetylcholine,0.9646176695823668,864,3241,Traced,15173.0,1,middle_court,,,,,cb_intrinsic
33519,AVLP743m,AVLP743m_R,R,unclear,0.4792499840259552,268,561,Traced,33519.0,0,middle_feedback,,,,,cb_intrinsic
522428,GNG592,GNG592_R,R,glutamate,0.7820522785186768,1610,4043,Traced,15612.0,-1,middle_taste,,,,,cb_intrinsic
284701,claw_tpGRN,claw_tpGRN_L,L,acetylcholine,0.8894220590591431,125,121,Traced,,1,sense_taste,,,,,cb_sensory
77869,mAL_m3c,mAL_m3c_R,R,gaba,0.7013999819755554,199,461,Traced,20335.0,-1,middle_feedback,,,,,cb_intrinsic
372015670,ORN_DM2,ORN_DM2_L,L,acetylcholine,0.9444499611854552,96,117,Traced,,1,sense_smell,,,,,cb_sensory
216846,SIP112m,SIP112m_R,R,glutamate,0.7990025877952576,363,1056,Traced,73082.0,-1,middle_feedback,,,,,cb_intrinsic
811930,LgLG1b,LgLG1b_R,R,unclear,0.4190727770328522,225,308,Traced,,0,sense_touch,,,,,vnc_sensory
65802,SIP123m,SIP123m_R,R,glutamate,0.8002471327781677,438,1925,Traced,48344.0,-1,middle_feedback,,,,,cb_intrinsic
13048,GNG037,GNG037_L,L,acetylcholine,0.8538392782211304,1466,3247,Traced,11570.0,1,middle_taste,,,,,cb_intrinsic
11964,SIP106m,SIP106m_R,R,dopamine,0.5228243470191956,2524,8152,Traced,11964.0,0,middle_court,,,,,cb_intrinsic
13449,pC1x_d,pC1x_d_R,R,acetylcholine,0.9118829965591432,2064,5518,Traced,12893.0,1,court_p1,,,,,cb_intrinsic
19415,aIPg7,aIPg7_R,R,acetylcholine,0.9188674688339232,416,966,Traced,19415.0,1,middle_feedback,,,,,cb_intrinsic
76910,aIPg_m2,aIPg_m2_L,L,acetylcholine,0.9445220828056335,1123,1850,Traced,15807.0,1,middle_feedback,,,,,cb_intrinsic
22093,pC1_2c,pC1_2c_L,L,acetylcholine,0.9431469440460204,645,1846,Traced,20392.0,1,court_p1,,,,,cb_intrinsic
11033,GNG253,GNG253_R,R,gaba,0.7389143109321594,549,931,Traced,11033.0,-1,middle_feedback,,,,,cb_intrinsic
520088,mAL_m7,mAL_m7_L,L,gaba,0.6506124138832092,719,3195,Traced,16738.0,-1,middle_court,,,,,cb_intrinsic
11311,CL248,CL248_R,R,gaba,0.8383753895759583,2124,6122,Traced,11311.0,-1,middle_feedback,,,,,cb_intrinsic
62368,GNG610,GNG610_L,L,acetylcholine,0.9535622000694276,183,324,Traced,40886.0,1,middle_taste,,,,,cb_intrinsic
517048,mAL_m2a,mAL_m2a_L,L,unclear,0.4472770094871521,497,1592,Traced,34612.0,0,middle_feedback,,,,,cb_intrinsic
12757,GNG139,GNG139_R,R,gaba,0.7977511882781982,1319,3839,Traced,12757.0,-1,middle_feedback,,,,,cb_intrinsic
54104,LB1d,LB1d_L,L,acetylcholine,0.6336861252784729,210,262,Traced,,1,sense_taste,,,,,cb_sensory
11127,DNge059,DNge059_L,L,acetylcholine,0.9581129550933838,2510,9291,Traced,10643.0,1,middle_taste,,,,,descending_neuron
58277,GNG462,GNG462_L,L,gaba,0.8086445927619934,504,2580,Traced,58277.0,-1,middle_feedback,,,,,cb_intrinsic
202140,ORN_DM1,ORN_DM1_R,R,acetylcholine,0.9627112746238708,242,373,Traced,,1,sense_smell,,,,,cb_sensory
15452,GNG045,GNG045_L,L,glutamate,0.7819450497627258,1076,3324,Traced,15452.0,-1,middle_feedback,,,,,cb_intrinsic
523039,DNge055,DNge055_R,R,glutamate,0.7204797267913818,1163,4881,Traced,512614.0,-1,middle_taste,,,,,descending_neuron
47325,pC1_8c,pC1_8c_L,L,acetylcholine,0.949763298034668,505,1049,Traced,41518.0,1,court_p1,,,,,cb_intrinsic
15311,mAL_m5b,mAL_m5b_R,R,gaba,0.6108355522155762,615,2203,Traced,15311.0,-1,middle_court,,,,,cb_intrinsic
15955,VES022,VES022_L,L,gaba,0.8332321643829346,567,2711,Traced,10137.0,-1,middle_feedback,,,,,cb_intrinsic
13050,SIP137m_a,SIP137m_a_L,L,acetylcholine,0.9672650694847108,910,2711,Traced,13050.0,1,middle_feedback,,,,,cb_intrinsic
14289,GNG057,GNG057_R,R,glutamate,0.7213171720504761,1042,2949,Traced,14289.0,-1,middle_taste,,,,,cb_intrinsic
195280,ORN_DM1,ORN_DM1_R,R,acetylcholine,0.9702317714691162,215,346,Traced,,1,sense_smell,,,,,cb_sensory
21605,VES204m,VES204m_R,R,acetylcholine,0.9666613936424256,480,1307,Traced,14072.0,1,middle_feedback,,,,,cb_intrinsic
16382,,,R,gaba,0.7225605845451355,756,2025,Traced,14160.0,-1,middle_taste,,,,,cb_intrinsic
12171,DM2_lPN,DM2_lPN_R,R,acetylcholine,0.9191668033599854,2793,5670,Traced,11080.0,1,smell_pn,,,,,cb_intrinsic
296721,SIP119m,SIP119m_R,R,glutamate,0.7366552352905273,411,1568,Traced,10547.0,-1,middle_feedback,,,,,cb_intrinsic
23193,aIPg7,aIPg7_R,R,acetylcholine,0.9084718227386476,512,1562,Traced,19415.0,1,middle_court,,,,,cb_intrinsic
199980,SIP113m,SIP113m_R,R,glutamate,0.8199359774589539,379,1208,Traced,56590.0,-1,middle_feedback,,,,,cb_intrinsic
18028,PVLP034,PVLP034_R,R,gaba,0.8586974143981934,830,2627,Traced,16504.0,-1,middle_feedback,,,,,cb_intrinsic
491986845,LB1e,LB1e_L,L,acetylcholine,0.6156885623931885,100,63,Traced,,1,sense_taste,,,,,cb_sensory
17853,PRW069,PRW069_L,L,acetylcholine,0.9561326503753662,833,1429,Traced,17853.0,1,middle_feedback,,,,,cb_intrinsic
303829,SIP112m,SIP112m_L,L,glutamate,0.7617200016975403,364,1000,Traced,107471.0,-1,middle_feedback,,,,,cb_intrinsic
558781,GNG590,GNG590_L,L,gaba,0.8398548364639282,1374,6431,Traced,11588.0,-1,middle_feedback,,,,,cb_intrinsic
81741,LB1c,LB1c_L,L,acetylcholine,0.6170148849487305,303,245,Traced,,1,sense_taste,,,,,cb_sensory
533705,AVLP299_b,AVLP299_b_R,R,acetylcholine,0.9262614250183104,860,2087,Traced,10657.0,1,middle_feedback,,,,,cb_intrinsic
814864,LgLG1b,LgLG1b_L,L,unclear,0.3917067050933838,160,230,Traced,,0,sense_touch,,,,,vnc_sensory
13118,GNG154,GNG154_R,R,gaba,0.8350672721862793,755,3239,Traced,13118.0,-1,middle_feedback,,,,,cb_intrinsic
513041,SIP124m,SIP124m_L,L,glutamate,0.7377662062644958,393,1214,Traced,22697.0,-1,middle_feedback,,,,,cb_intrinsic
11116,pIP10,pIP10_R,R,acetylcholine,0.948726773262024,2537,11115,Traced,11116.0,1,out_song,,,,,descending_neuron
14718,GNG159,GNG159_R,R,acetylcholine,0.958211064338684,997,3087,Traced,14718.0,1,middle_taste,,,,,cb_intrinsic
747796417,ORN_DM2,ORN_DM2_L,L,acetylcholine,0.9524804949760436,131,164,Traced,,1,sense_smell,,,,,cb_sensory
808369,LgLG1a,LgLG1a_L,L,acetylcholine,0.9059979319572448,311,343,Traced,,1,sense_touch,,,,,vnc_sensory
512823,mAL_m5a,mAL_m5a_R,R,gaba,0.5815491676330566,621,1792,Traced,10405.0,-1,middle_court,,,,,cb_intrinsic
16298,PRW055,PRW055_R,R,acetylcholine,0.731575608253479,1405,4337,Traced,15320.0,1,middle_taste,,,,,cb_intrinsic
137497,LB1e,LB1e_L,L,acetylcholine,0.890846312046051,277,308,Traced,,1,sense_taste,,,,,cb_sensory
21272,SIP104m,SIP104m_R,R,glutamate,0.7469369769096375,309,2367,Traced,11649.0,-1,middle_feedback,,,,,cb_intrinsic
166316,claw_tpGRN,claw_tpGRN_L,L,acetylcholine,0.7940437197685242,150,172,Traced,,1,sense_taste,,,,,cb_sensory
10881,GNG120,GNG120_R,R,acetylcholine,0.9237379431724548,1046,5836,Traced,10881.0,1,middle_taste,,,,,cb_intrinsic
16550,aIPg2,aIPg2_R,R,acetylcholine,0.9651018977165222,705,1986,Traced,16550.0,1,middle_feedback,,,,,cb_intrinsic
124621,ORN_DP1m,ORN_DP1m_L,L,acetylcholine,0.9132851362228394,363,483,Traced,,1,sense_smell,,,,,cb_sensory
353891,ORN_DM1,ORN_DM1_L,L,acetylcholine,0.9368577003479004,128,192,Traced,,1,sense_smell,,,,,cb_sensory
18934,pC1_15c,pC1_15c_L,L,acetylcholine,0.866784930229187,628,1980,Traced,29388.0,1,court_p1,,,,,cb_intrinsic
163469,claw_tpGRN,claw_tpGRN_R,R,acetylcholine,0.8143797516822815,157,154,Traced,,1,sense_taste,,,,,cb_sensory
515347,AVLP743m,AVLP743m_L,L,unclear,0.4955268204212188,334,557,Traced,17487.0,0,middle_feedback,,,,,cb_intrinsic
120770012,LB2a,LB2a_R,R,acetylcholine,0.8024364113807678,135,125,Traced,,1,sense_taste,,,,,cb_sensory
50661,GNG621,GNG621_R,R,acetylcholine,0.9475504159927368,356,754,Traced,43740.0,1,middle_feedback,,,,,cb_intrinsic
12128,GNG047,GNG047_R,R,gaba,0.8783605098724365,1896,3449,Traced,12036.0,-1,middle_feedback,,,,,cb_intrinsic
815260,LgLG8,LgLG8_R,R,unclear,0.4053393304347992,232,349,Traced,,0,sense_touch,,,,,vnc_sensory
512550,GNG038,GNG038_R,R,gaba,0.6795223951339722,979,3596,Traced,21746.0,-1,middle_taste,,,,,cb_intrinsic
14611,GNG593,GNG593_R,R,acetylcholine,0.909963607788086,1061,3495,Traced,14611.0,1,middle_feedback,,,,,cb_intrinsic
13495,pC1_11a,pC1_11a_R,R,acetylcholine,0.9604717493057252,953,3191,Traced,13495.0,1,court_p1,,,,,cb_intrinsic
18159,DNge174,DNge174_L,L,acetylcholine,0.95265793800354,703,2691,Traced,17211.0,1,middle_feedback,,,,,descending_neuron
30967,CB2004,CB2004_L,L,gaba,0.8523806929588318,255,365,Traced,20029.0,-1,smell_pn,,,,,cb_intrinsic
146880,claw_tpGRN,claw_tpGRN_R,R,acetylcholine,0.7643787860870361,175,192,Traced,,1,sense_taste,,,,,cb_sensory
26557,GNG238,GNG238_L,L,gaba,0.8635962009429932,489,1245,Traced,26557.0,-1,middle_feedback,,,,,cb_intrinsic
12595,GNG557,GNG557_R,R,acetylcholine,0.967624843120575,1364,2291,Traced,12595.0,1,middle_feedback,,,,,cb_intrinsic
19128,mAL_m8,mAL_m8_L,L,gaba,0.605696439743042,377,1250,Traced,19128.0,-1,middle_feedback,,,,,cb_intrinsic
18147,ORN_VA2,ORN_VA2_R,R,acetylcholine,0.939527690410614,248,266,Traced,,1,sense_smell,,,,,cb_sensory
122806,LB4b,LB4b_R,R,acetylcholine,0.8631061315536499,217,354,Traced,,1,sense_taste,,,,,cb_sensory
519840,GNG202,GNG202_R,R,gaba,0.6878955960273743,844,1964,Traced,23073.0,-1,middle_taste,,,,,cb_intrinsic
23651,pC1_17a,pC1_17a_R,R,acetylcholine,0.8872292637825012,620,1021,Traced,22818.0,1,court_p1,,,,,cb_intrinsic
123123,ORN_DM1,ORN_DM1_R,R,acetylcholine,0.9430466890335084,245,338,Traced,,1,sense_smell,,,,,cb_sensory
13228,GNG147,GNG147_L,L,glutamate,0.8302775621414185,1781,3458,Traced,11772.0,-1,middle_taste,,,,,cb_intrinsic
29560,M_lvPNm26,M_lvPNm26_R,R,acetylcholine,0.9552699327468872,449,1177,Traced,20324.0,1,smell_pn,,,,,cb_intrinsic
36117,SIP143m,SIP143m_L,L,glutamate,0.7720153331756592,367,1386,Traced,36117.0,-1,middle_court,,,,,cb_intrinsic
19368,PVLP210m,PVLP210m_R,R,acetylcholine,0.960995316505432,424,1527,Traced,19368.0,1,middle_feedback,,,,,cb_intrinsic
524427,GNG421,GNG421_L,L,acetylcholine,0.9329976439476012,279,1069,Traced,35644.0,1,middle_feedback,,,,,cb_intrinsic
16990,GNG357,GNG357_R,R,gaba,0.8771258592605591,612,2512,Traced,16990.0,-1,middle_feedback,,,,,cb_intrinsic
21538,pC1_13b,pC1_13b_L,L,acetylcholine,0.9627227187156676,565,1156,Traced,21538.0,1,court_p1,,,,,cb_intrinsic
521661,SLP239,SLP239_L,L,acetylcholine,0.9672569632530212,1165,2611,Traced,,1,middle_feedback,,,,,cb_intrinsic
187492,LB3b,LB3b_R,R,acetylcholine,0.9042025208473206,151,254,Traced,,1,sense_taste,,,,,cb_sensory
37952,AVLP757m,AVLP757m_L,L,acetylcholine,0.9399496912956238,1532,3414,Traced,12903.0,1,middle_feedback,,,,,cb_intrinsic
220183,ORN_DM1,ORN_DM1_L,L,acetylcholine,0.9520490169525146,171,256,Traced,,1,sense_smell,,,,,cb_sensory
19888,GNG528,GNG528_R,R,acetylcholine,0.8653291463851929,664,1321,Traced,,1,middle_feedback,,,,,cb_intrinsic
23043,AVLP728m,AVLP728m_R,R,acetylcholine,0.9326295256614684,1014,2616,Traced,23043.0,1,middle_feedback,,,,,cb_intrinsic
19085,pC1_1a,pC1_1a_R,R,acetylcholine,0.9564800262451172,532,1264,Traced,15208.0,1,court_p1,,,,,cb_intrinsic
52143,mAL_m3c,mAL_m3c_R,R,gaba,0.592746913433075,348,944,Traced,20335.0,-1,middle_court,,,,,cb_intrinsic
13385,AVLP730m,AVLP730m_R,R,acetylcholine,0.964134931564331,1556,3914,Traced,13385.0,1,middle_feedback,,,,,cb_intrinsic
25977,FLA003m,FLA003m_R,R,acetylcholine,0.9018204808235168,465,1157,Traced,23994.0,1,middle_court,,,,,cb_intrinsic
37855,FLA001m,FLA001m_R,R,acetylcholine,0.9237377643585204,418,635,Traced,25557.0,1,middle_feedback,,,,,cb_intrinsic
17033,GNG198,GNG198_L,L,glutamate,0.654923677444458,1421,1631,Traced,15732.0,-1,middle_feedback,,,,,cb_intrinsic
379897969,ORN_DM2,ORN_DM2_L,L,acetylcholine,0.9481381177902222,73,97,Traced,,1,sense_smell,,,,,cb_sensory
526827,SIP122m,SIP122m_L,L,glutamate,0.6960182189941406,387,2289,Traced,20136.0,-1,middle_feedback,,,,,cb_intrinsic
11496,GNG484,GNG484_L,L,acetylcholine,0.5325881838798523,1541,2983,Traced,11415.0,1,middle_feedback,,,,,cb_intrinsic
26595,GNG607,GNG607_L,L,gaba,0.8785402774810791,359,1204,Traced,26595.0,-1,middle_feedback,,,,,cb_intrinsic
19846,GNG210,GNG210_R,R,acetylcholine,0.9016545414924622,755,1885,Traced,19846.0,1,middle_feedback,,,,,cb_intrinsic
903475,LgLG1b,LgLG1b_L,L,unclear,0.5505099296569824,289,473,Traced,,0,sense_touch,,,,,vnc_sensory
206644,SIP113m,SIP113m_R,R,glutamate,0.7890527248382568,309,965,Traced,56590.0,-1,middle_feedback,,,,,cb_intrinsic
16767,AVLP718m,AVLP718m_R,R,acetylcholine,0.9658238291740416,763,1844,Traced,16767.0,1,middle_court,,,,,cb_intrinsic
436473,ORN_DM1,ORN_DM1_L,L,acetylcholine,0.960736870765686,208,257,Traced,,1,sense_smell,,,,,cb_sensory
152930,SMP723m,SMP723m_R,R,glutamate,0.8776978850364685,383,805,Traced,90681.0,-1,middle_feedback,,,,,cb_intrinsic
16502,GNG236,GNG236_R,R,acetylcholine,0.9178703427314758,1022,1367,Traced,11429.0,1,middle_feedback,,,,,cb_intrinsic
536451,ORN_DM1,ORN_DM1_R,R,acetylcholine,0.9429887533187866,214,370,Traced,,1,sense_smell,,,,,cb_sensory
43278,SIP116m,SIP116m_R,R,glutamate,0.7905503511428833,553,1395,Traced,16857.0,-1,middle_feedback,,,,,cb_intrinsic
27051,mAL_m8,mAL_m8_L,L,gaba,0.5719533562660217,391,1367,Traced,13738.0,-1,middle_court,,,,,cb_intrinsic
522702,GNG182,GNG182_L,L,gaba,0.8673092126846313,923,2416,Traced,13719.0,-1,middle_taste,,,,,cb_intrinsic
14605,NPFL1-I,NPFL1-I_R,R,unclear,0.5573992133140564,579,1063,Traced,,0,middle_feedback,,,,,cb_intrinsic
805975280,ORN_DM2,ORN_DM2_L,L,acetylcholine,0.9598138332366944,65,62,Traced,,1,sense_smell,,,,,cb_sensory
923713,PhG8,PhG8_L,L,acetylcholine,0.7082854509353638,534,342,Traced,179773.0,1,sense_taste,,,,,cb_sensory
144334,LB1a,LB1a_L,L,acetylcholine,0.6346698999404907,185,212,Traced,,1,sense_taste,,,,,cb_sensory
10849,GNG117,GNG117_L,L,acetylcholine,0.8518836498260498,2931,4442,Traced,10849.0,1,middle_taste,,,,,cb_intrinsic
26470,GNG452,GNG452_R,R,gaba,0.8763290643692017,361,1075,Traced,16331.0,-1,middle_taste,,,,,cb_intrinsic
555759,GNG505,GNG505_R,R,glutamate,0.6899816989898682,1121,2461,Traced,519630.0,-1,middle_feedback,,,,,cb_intrinsic
12054,GNG551,GNG551_L,L,gaba,0.8515493869781494,1298,4196,Traced,12054.0,-1,middle_feedback,,,,,cb_intrinsic
534134,SIP116m,SIP116m_L,L,glutamate,0.7130584716796875,536,1515,Traced,16857.0,-1,middle_feedback,,,,,cb_intrinsic
246432,PhG9,PhG9_L,L,acetylcholine,0.7146193385124207,854,1025,Traced,55883.0,1,sense_taste,,,,,cb_sensory
13826,DNge137,DNge137_L,L,acetylcholine,0.9018936157226562,1848,1824,Traced,12941.0,1,middle_feedback,,,,,descending_neuron
35700,SMP333,SMP333_L,L,acetylcholine,0.867605447769165,642,1554,Traced,18038.0,1,middle_feedback,,,,,cb_intrinsic
179108,ORN_DM1,ORN_DM1_R,R,acetylcholine,0.9539916515350342,234,344,Traced,,1,sense_smell,,,,,cb_sensory
523677,GNG177,GNG177_L,L,gaba,0.8827424049377441,411,2435,Traced,15679.0,-1,middle_feedback,,,,,cb_intrinsic
14350,CL144,CL144_L,L,glutamate,0.7788180112838745,1837,2985,Traced,13171.0,-1,middle_feedback,,,,,cb_intrinsic
217529,ORN_DM2,ORN_DM2_R,R,acetylcholine,0.9174190163612366,203,230,Traced,,1,sense_smell,,,,,cb_sensory
512722,CB0405,CB0405_R,R,gaba,0.7512754201889038,611,3118,Traced,16803.0,-1,middle_feedback,,,,,cb_intrinsic
29109,GNG239,GNG239_L,L,gaba,0.5772756934165955,374,1330,Traced,29109.0,-1,middle_feedback,,,,,cb_intrinsic
18125,GNG055,GNG055_R,R,gaba,0.826464831829071,431,2863,Traced,18125.0,-1,middle_feedback,,,,,cb_intrinsic
519839,DNge062,DNge062_L,L,acetylcholine,0.9289732575416564,1737,2740,Traced,10833.0,1,middle_taste,,,,,descending_neuron
25478,FLA001m,FLA001m_L,L,acetylcholine,0.9202012419700624,444,736,Traced,23158.0,1,middle_feedback,,,,,cb_intrinsic
925495,ORN_DM2,ORN_DM2_unknown,,acetylcholine,0.9643612504005432,187,224,Traced,,1,sense_smell,,,,,cb_sensory
23661,pC1_17b,pC1_17b_L,L,acetylcholine,0.8003815412521362,400,1152,Traced,23661.0,1,court_p1,,,,,cb_intrinsic
523636,VES092,VES092(hb1629383757)_R,R,gaba,0.8224512934684753,2445,11875,Traced,519365.0,-1,middle_feedback,,,,,cb_intrinsic
10567,M_l2PNl20,M_l2PNl20_R,R,acetylcholine,0.950410008430481,2353,12411,Traced,10567.0,1,smell_pn,,,,,cb_intrinsic
523518,GNG207,GNG207_L,L,acetylcholine,0.9506149291992188,804,1968,Traced,27022.0,1,middle_taste,,,,,cb_intrinsic
13586,DNpe049,DNpe049_L,L,acetylcholine,0.9494107365608216,2602,5322,Traced,12843.0,1,middle_taste,,,,,descending_neuron
422510463,LB3d,LB3d_R,R,acetylcholine,0.9128071665763856,47,184,Traced,,1,sense_taste,,,,,cb_sensory
10585,VES202m,VES202m_L,L,glutamate,0.6995968222618103,658,1625,Traced,10585.0,-1,middle_feedback,,,,,cb_intrinsic
539247,ICL008m,ICL008m_L,L,gaba,0.7569361329078674,559,853,Traced,16541.0,-1,middle_feedback,,,,,cb_intrinsic
511899,mAL_m5a,mAL_m5a_R,R,gaba,0.6751534938812256,563,2166,Traced,10405.0,-1,middle_court,,,,,cb_intrinsic
512731,GNG216,GNG216_L,L,acetylcholine,0.9268264770507812,506,1026,Traced,14178.0,1,middle_feedback,,,,,cb_intrinsic
13816,GNG235,GNG235_L,L,gaba,0.6885091066360474,800,1410,Traced,13816.0,-1,middle_feedback,,,,,cb_intrinsic
514077,pC1_11b,pC1_11b_L,L,acetylcholine,0.9451570510864258,1180,3436,Traced,13655.0,1,court_p1,,,,,cb_intrinsic
27938,MN4a,MN4a_R,R,acetylcholine,0.6013590097427368,169,555,Traced,18295.0,1,middle_feedback,,,,,cb_motor
212945075,ORN_DM1,ORN_DM1_L,L,acetylcholine,0.9246618747711182,155,217,Traced,,1,sense_smell,,,,,cb_sensory
37943,,,L,acetylcholine,0.9362943768501282,252,1056,Traced,15277.0,1,middle_feedback,,,,,cb_intrinsic
190785,ORN_DM2,ORN_DM2_R,R,acetylcholine,0.9451985955238342,197,264,Traced,,1,sense_smell,,,,,cb_sensory
31975,GNG319,GNG319_L,L,gaba,0.689229428768158,403,787,Traced,26832.0,-1,middle_feedback,,,,,cb_intrinsic
22758,DNg67,DNg67_R,R,acetylcholine,0.9289712905883788,805,1355,Traced,22758.0,1,middle_taste,,,,,descending_neuron
512913,LB2a,LB2a_R,R,acetylcholine,0.8341508507728577,303,442,Traced,,1,sense_taste,,,,,cb_sensory
513875,DNge003,DNge003_R,R,acetylcholine,0.963254690170288,2198,4926,Traced,10662.0,1,middle_feedback,,,,,descending_neuron
10390,VA2_adPN,VA2_adPN_R,R,acetylcholine,0.9543536901474,4952,12903,Traced,,1,smell_pn,,,,,cb_intrinsic
555705,SIP104m,SIP104m_L,L,glutamate,0.6436629295349121,369,3043,Traced,,-1,middle_feedback,,,,,cb_intrinsic
15173,AVLP711m,AVLP711m_R,R,acetylcholine,0.9608010649681092,836,4094,Traced,15173.0,1,middle_court,,,,,cb_intrinsic
12484,DNge067,DNge067_R,R,gaba,0.8815603852272034,1395,3398,Traced,11097.0,-1,middle_taste,,,,,descending_neuron
10635,CRE021,CRE021_R,R,gaba,0.8645237684249878,2672,8773,Traced,10635.0,-1,middle_court,,,,,cb_intrinsic
829120,LgLG8,LgLG8_R,R,unclear,0.485031396150589,106,136,Traced,,0,sense_touch,,,,,vnc_sensory
18974,pC1_3a,pC1_3a_R,R,acetylcholine,0.9639782309532166,902,2838,Traced,18974.0,1,court_p1,,,,,cb_intrinsic
227459,ORN_DM2,ORN_DM2_R,R,acetylcholine,0.9747326970100404,76,112,Traced,,1,sense_smell,,,,,cb_sensory
25992,GNG228,GNG228_R,R,acetylcholine,0.7572711706161499,543,1496,Traced,17079.0,1,middle_taste,,,,,cb_intrinsic
31591,AVLP062,AVLP062_R,R,glutamate,0.7746176719665527,379,1972,Traced,,-1,middle_feedback,,,,,cb_intrinsic
17434,pC1_10c,pC1_10c_R,R,acetylcholine,0.9357666969299316,721,2084,Traced,17434.0,1,court_p1,,,,,cb_intrinsic
10159,GNG702m,GNG702m_L,L,unclear,0.4540987908840179,1627,2536,Traced,10159.0,0,middle_feedback,,,,,cb_intrinsic
60498,ORN_DM1,ORN_DM1_R,R,acetylcholine,0.9532637000083924,226,356,Traced,,1,sense_smell,,,,,cb_sensory
514753,GNG568,GNG568_L,L,acetylcholine,0.9555941820144652,861,1988,Traced,513411.0,1,middle_taste,,,,,cb_intrinsic
24634,GNG406,GNG406_L,L,acetylcholine,0.9544881582260132,239,500,Traced,24634.0,1,middle_taste,,,,,cb_intrinsic
517735,pC1_6b,pC1_6b_L,L,acetylcholine,0.9628512859344482,490,1051,Traced,24623.0,1,court_p1,,,,,cb_intrinsic
11604,AN05B004,AN05B004_R,R,gaba,0.6791394352912903,4695,14793,Traced,11604.0,-1,middle_feedback,,,,,ascending_neuron
531864,mAL_m2b,mAL_m2b_R,R,gaba,0.5587665438652039,679,2104,Traced,16548.0,-1,middle_court,,,,,cb_intrinsic
812601,LgLG8,LgLG8_R,R,unclear,0.4549087882041931,213,343,Traced,,0,sense_touch,,,,,vnc_sensory
190769,LB3c,LB3c_L,L,acetylcholine,0.3957951068878174,173,184,Traced,,1,sense_taste,,,,,cb_sensory
50620,SIP147m,SIP147m_R,R,glutamate,0.8040323853492737,433,1547,Traced,50620.0,-1,middle_feedback,,,,,cb_intrinsic
520030,AVLP719m,AVLP719m_L,L,acetylcholine,0.9322275519371032,981,1444,Traced,16888.0,1,middle_feedback,,,,,cb_intrinsic
139536760,claw_tpGRN,claw_tpGRN_L,L,acetylcholine,0.9109562039375304,137,157,Traced,,1,sense_taste,,,,,cb_sensory
171201,ORN_DM4,ORN_DM4_L,L,acetylcholine,0.9248429536819458,175,184,Traced,,1,sense_smell,,,,,cb_sensory
18474,GNG132,GNG132_L,L,acetylcholine,0.942269504070282,1016,3260,Traced,15259.0,1,middle_taste,,,,,cb_intrinsic
23952,pC1_16a,pC1_16a_R,R,acetylcholine,0.9477509260177612,575,1451,Traced,23789.0,1,court_p1,,,,,cb_intrinsic
369074,ORN_VA2,ORN_VA2_L,L,acetylcholine,0.9577028155326844,228,306,Traced,,1,sense_smell,,,,,cb_sensory
159854,claw_tpGRN,claw_tpGRN_R,R,acetylcholine,0.7488968968391418,180,150,Traced,,1,sense_taste,,,,,cb_sensory
526918,pC1_1a,pC1_1a_R,R,acetylcholine,0.9423943161964417,480,1369,Traced,15208.0,1,court_p1,,,,,cb_intrinsic
15611,GNG479,GNG479_L,L,gaba,0.742107629776001,784,4574,Traced,15611.0,-1,middle_feedback,,,,,cb_intrinsic
188007,ORN_VA2,ORN_VA2_R,R,acetylcholine,0.9607371091842652,208,244,Traced,,1,sense_smell,,,,,cb_sensory
18186,AVLP718m,AVLP718m_L,L,acetylcholine,0.9614624977111816,731,1522,Traced,16767.0,1,middle_feedback,,,,,cb_intrinsic
534896,PhG7,PhG7_L,L,acetylcholine,0.8824898600578308,252,222,Traced,50059.0,1,sense_taste,,,,,cb_sensory
14321,GNG588,GNG588_R,R,acetylcholine,0.9594455361366272,1268,3594,Traced,12617.0,1,middle_feedback,,,,,cb_intrinsic
814479,LgLG8,LgLG8_R,R,unclear,0.4088050723075866,242,382,Traced,,0,sense_touch,,,,,vnc_sensory
13089,SIP111m,SIP111m_R,R,acetylcholine,0.9492738842964172,877,3418,Traced,13089.0,1,middle_feedback,,,,,cb_intrinsic
15534,GNG152,GNG152_L,L,acetylcholine,0.8883432745933533,1143,2469,Traced,14912.0,1,middle_feedback,,,,,cb_intrinsic
49825,CB2004,CB2004_L,L,gaba,0.8120657205581665,321,497,Traced,27074.0,-1,smell_pn,,,,,cb_intrinsic
15242,PRW047,PRW047_L,L,acetylcholine,0.8744540810585022,1294,2699,Traced,14557.0,1,middle_feedback,,,,,cb_intrinsic
10458,DNp13,DNp13_L,L,acetylcholine,0.9590619206428528,4211,10114,Traced,10388.0,1,middle_court,,,,,descending_neuron
943302,PhG2,PhG2_R,R,acetylcholine,0.9420877695083618,238,158,Traced,,1,sense_taste,,,,,cb_sensory
19948,pC1_3c,pC1_3c_R,R,acetylcholine,0.9318110942840576,880,1739,Traced,18017.0,1,court_p1,,,,,cb_intrinsic
37464,SIP146m,SIP146m_R,R,glutamate,0.7517427206039429,376,1527,Traced,22781.0,-1,middle_feedback,,,,,cb_intrinsic
28909,CL344_b,CL344_b_L,L,unclear,0.4867258071899414,998,2575,Traced,12281.0,0,middle_feedback,,,,,cb_intrinsic
12293,GNG165,GNG165_R,R,acetylcholine,0.9413265585899352,725,2437,Traced,12293.0,1,middle_taste,,,,,cb_intrinsic
13562,pC1_12b,pC1_12b_L,L,acetylcholine,0.959501087665558,763,1617,Traced,13562.0,1,court_p1,,,,,cb_intrinsic
150947,ORN_DM1,ORN_DM1_R,R,acetylcholine,0.9696555733680724,191,331,Traced,,1,sense_smell,,,,,cb_sensory
19906,GNG222,GNG222_R,R,gaba,0.8711477518081665,505,1644,Traced,19906.0,-1,middle_taste,,,,,cb_intrinsic
41363,SIP146m,SIP146m_L,L,glutamate,0.7785294055938721,468,1364,Traced,22781.0,-1,middle_feedback,,,,,cb_intrinsic
11179,DNge051,DNge051_R,R,gaba,0.8796702027320862,1251,4419,Traced,11179.0,-1,middle_taste,,,,,descending_neuron
28181,GNG015,GNG015_R,R,gaba,0.8786764740943909,1161,9296,Traced,28181.0,-1,middle_taste,,,,,cb_intrinsic
12812,GNG039,GNG039_R,R,gaba,0.8452820181846619,778,3965,Traced,12812.0,-1,middle_feedback,,,,,cb_intrinsic
14011,GNG097,GNG097_R,R,glutamate,0.7731200456619263,1336,4491,Traced,12651.0,-1,middle_taste,,,,,cb_intrinsic
16290,GNG259,GNG259_L,L,acetylcholine,0.962532639503479,715,939,Traced,16290.0,1,middle_feedback,,,,,cb_intrinsic
578194,SIP140m,SIP140m_R,R,glutamate,0.7273561358451843,386,1495,Traced,524123.0,-1,middle_feedback,,,,,cb_intrinsic
533975,GNG040,GNG040_L,L,acetylcholine,0.9011194705963136,2026,3400,Traced,16151.0,1,middle_feedback,,,,,cb_intrinsic
21301,AVLP711m,AVLP711m_L,L,acetylcholine,0.9593061804771424,755,2358,Traced,17469.0,1,middle_feedback,,,,,cb_intrinsic
524613,GNG463,GNG463_L,L,acetylcholine,0.7700011730194092,596,908,Traced,516890.0,1,middle_feedback,,,,,cb_intrinsic
518253,pC1_18b,pC1_18b_L,L,acetylcholine,0.9275079369544984,924,2847,Traced,15035.0,1,court_p1,,,,,cb_intrinsic
514410,GNG198,GNG198_R,R,glutamate,0.8197470903396606,1172,2959,Traced,15732.0,-1,middle_taste,,,,,cb_intrinsic
15236,GNG539,GNG539_R,R,gaba,0.6675400733947754,984,2078,Traced,,-1,middle_feedback,,,,,cb_intrinsic
17900,VES206m,VES206m_R,R,acetylcholine,0.9592853784561156,439,1125,Traced,17900.0,1,middle_feedback,,,,,cb_intrinsic
22881,aIPg_m1,aIPg_m1_R,R,acetylcholine,0.948390543460846,1030,2337,Traced,17192.0,1,middle_feedback,,,,,cb_intrinsic
14643,GNG032,GNG032_L,L,glutamate,0.7615946531295776,1378,3968,Traced,12992.0,-1,middle_feedback,,,,,cb_intrinsic
12393,DNge001,DNge001_L,L,acetylcholine,0.9616981744766236,967,1808,Traced,12393.0,1,middle_feedback,,,,,descending_neuron
942168,LB3c,LB3c_R,R,acetylcholine,0.9462712407112122,34,175,Traced,,1,sense_taste,,,,,cb_sensory
556023,GNG179,GNG179_L,L,gaba,0.8056519627571106,953,2445,Traced,533966.0,-1,middle_taste,,,,,cb_intrinsic
15982,GNG470,GNG470_R,R,gaba,0.6957274675369263,1149,2428,Traced,,-1,middle_feedback,,,,,cb_intrinsic
13616,AVLP504,AVLP504_L,L,acetylcholine,0.960303544998169,940,3302,Traced,13323.0,1,middle_feedback,,,,,cb_intrinsic
14130,GNG189,GNG189_R,R,gaba,0.8320658206939697,643,2194,Traced,14130.0,-1,middle_feedback,,,,,cb_intrinsic
523648,AVLP718m,AVLP718m_L,L,acetylcholine,0.961368441581726,581,1404,Traced,16767.0,1,middle_court,,,,,cb_intrinsic
524226,mAL_m9,mAL_m9_R,R,gaba,0.4638593196868896,447,1327,Traced,15199.0,-1,middle_feedback,,,,,cb_intrinsic
173387,ORN_DM1,ORN_DM1_R,R,acetylcholine,0.962232768535614,233,304,Traced,,1,sense_smell,,,,,cb_sensory
34213,GNG392,GNG392_R,R,acetylcholine,0.9412452578544616,347,1182,Traced,32931.0,1,middle_feedback,,,,,cb_intrinsic
201369,ORN_DP1m,ORN_DP1m_L,L,acetylcholine,0.9335680603981018,542,801,Traced,,1,sense_smell,,,,,cb_sensory
512266,GNG060,GNG060_R,R,unclear,0.4063380062580108,1524,2765,Traced,512266.0,0,middle_taste,,,,,cb_intrinsic
876858,LgLG7,LgLG7_R,R,acetylcholine,0.6026125550270081,47,53,Traced,,1,sense_touch,,,,,vnc_sensory
516285,GNG165,GNG165_R,R,acetylcholine,0.9230372309684752,712,2812,Traced,12293.0,1,middle_feedback,,,,,cb_intrinsic
86796,SMP719m,SMP719m_R,R,glutamate,0.8441440463066101,474,1225,Traced,86796.0,-1,middle_feedback,,,,,cb_intrinsic
254321,ORN_DM4,ORN_DM4_L,L,acetylcholine,0.957434356212616,112,107,Traced,,1,sense_smell,,,,,cb_sensory
26872,SIP118m,SIP118m_R,R,glutamate,0.7569150924682617,491,1400,Traced,15299.0,-1,middle_feedback,,,,,cb_intrinsic
65884,GNG186,GNG186_L,L,gaba,0.8697440028190613,477,1755,Traced,14290.0,-1,middle_feedback,,,,,cb_intrinsic
516218,LB3d,LB3d_R,R,acetylcholine,0.9496604800224304,348,490,Traced,,1,sense_taste,,,,,cb_sensory
19576,GNG241,GNG241_R,R,glutamate,0.808442234992981,1198,988,Traced,17268.0,-1,middle_feedback,,,,,cb_intrinsic
516167,AVLP753m,AVLP753m_L,L,acetylcholine,0.9157549142837524,427,1207,Traced,21951.0,1,middle_feedback,,,,,cb_intrinsic
19594,CRE039,CRE039_R,R,glutamate,0.7974115610122681,452,1624,Traced,19594.0,-1,middle_feedback,,,,,cb_intrinsic
10666,pC1x_c,pC1x_c_R,R,acetylcholine,0.9604260325431824,2236,4066,Traced,10666.0,1,court_p1,,,,,cb_intrinsic
813636,LgLG1a,LgLG1a_L,L,acetylcholine,0.8877304196357727,201,248,Traced,,1,sense_touch,,,,,vnc_sensory
14415,LAL119,LAL119_R,R,acetylcholine,0.8146384954452515,1470,4081,Traced,14415.0,1,middle_feedback,,,,,cb_intrinsic
74590,CL123_b,CL123_b_L,L,acetylcholine,0.9250067472457886,585,1970,Traced,21799.0,1,middle_feedback,,,,,cb_intrinsic
11386,GNG164,GNG164_R,R,glutamate,0.7388581037521362,1002,3004,Traced,11386.0,-1,middle_feedback,,,,,cb_intrinsic
527306,GNG248,GNG248_R,R,acetylcholine,0.939875602722168,1055,1112,Traced,77213.0,1,middle_feedback,,,,,cb_intrinsic
11387,GNG303,GNG303_R,R,gaba,0.8589211106300354,1723,3401,Traced,11387.0,-1,middle_feedback,,,,,cb_intrinsic
23787,pC1_13c,pC1_13c_L,L,acetylcholine,0.9476438164711,572,1043,Traced,23787.0,1,court_p1,,,,,cb_intrinsic
14254,GNG056,GNG056_R,R,serotonin,0.7648110389709473,979,2871,Traced,14100.0,0,middle_taste,,,,,cb_intrinsic
116618,ORN_DM1,ORN_DM1_R,R,acetylcholine,0.9186412692070008,242,319,Traced,,1,sense_smell,,,,,cb_sensory
56153,SMP703m,SMP703m_R,R,glutamate,0.7930697202682495,455,1320,Traced,40044.0,-1,middle_feedback,,,,,cb_intrinsic
843622,LgLG7,LgLG7_L,L,acetylcholine,0.6105263829231262,48,48,Traced,,1,sense_touch,,,,,vnc_sensory
102597,SIP112m,SIP112m_L,L,glutamate,0.5100626349449158,606,1036,Traced,73082.0,-1,middle_feedback,,,,,cb_intrinsic
113018,SIP100m,SIP100m_L,L,glutamate,0.758450984954834,441,1345,Traced,18172.0,-1,middle_feedback,,,,,cb_intrinsic
11844,GNG142,GNG142_L,L,acetylcholine,0.9004507660865784,1083,4072,Traced,11844.0,1,middle_taste,,,,,cb_intrinsic
40046,GNG397,GNG397_R,R,acetylcholine,0.7941429018974304,284,1266,Traced,,1,middle_feedback,,,,,cb_intrinsic
26643,GNG452,GNG452_R,R,gaba,0.8357377052307129,343,919,Traced,16331.0,-1,middle_taste,,,,,cb_intrinsic
29264,GNG401,GNG401_R,R,acetylcholine,0.9513632655143738,373,1543,Traced,14960.0,1,middle_feedback,,,,,cb_intrinsic
160357,ORN_DM1,ORN_DM1_R,R,acetylcholine,0.9431911706924438,246,333,Traced,,1,sense_smell,,,,,cb_sensory
16719,pC1_4b,pC1_4b_R,R,acetylcholine,0.9685940146446228,949,2738,Traced,16719.0,1,court_p1,,,,,cb_intrinsic
10405,mAL_m5a,mAL_m5a_L,L,gaba,0.6484324336051941,571,2022,Traced,10405.0,-1,middle_court,,,,,cb_intrinsic
21865,SIP104m,SIP104m_R,R,glutamate,0.7665249109268188,325,2528,Traced,11649.0,-1,middle_feedback,,,,,cb_intrinsic
50903,GNG068,GNG068_L,L,glutamate,0.7087668180465698,1358,2741,Traced,50903.0,-1,middle_feedback,,,,,cb_intrinsic
14230,SIP117m,SIP117m_R,R,glutamate,0.7808203101158142,1217,2742,Traced,14103.0,-1,middle_feedback,,,,,cb_intrinsic
226401,ORN_VA2,ORN_VA2_unknown,,acetylcholine,0.9747326970100404,110,169,Traced,,1,sense_smell,,,,,cb_sensory
433166791,claw_tpGRN,claw_tpGRN_L,L,acetylcholine,0.928652286529541,42,52,Traced,,1,sense_taste,,,,,cb_sensory
24883,GNG254,GNG254_L,L,gaba,0.8129884004592896,492,859,Traced,24883.0,-1,middle_feedback,,,,,cb_intrinsic
12071,PVLP149,PVLP149_R,R,acetylcholine,0.94476580619812,1748,4453,Traced,12071.0,1,middle_feedback,,,,,cb_intrinsic
511814,GNG252,GNG252_R,R,acetylcholine,0.9139848947525024,1020,976,Traced,16945.0,1,middle_feedback,,,,,cb_intrinsic
12470,DNge056,DNge056_L,L,acetylcholine,0.9679080247879028,1422,6080,Traced,12256.0,1,middle_feedback,,,,,descending_neuron
67373,GNG205,GNG205_L,L,gaba,0.8214142322540283,679,1646,Traced,67373.0,-1,middle_feedback,,,,,cb_intrinsic
248046011,GNG622,GNG622_L,L,acetylcholine,0.9345638751983644,362,862,Traced,29819.0,1,middle_feedback,,,,,cb_intrinsic
821459348,ORN_DM1,ORN_DM1_L,L,acetylcholine,0.9621261358261108,154,196,Traced,,1,sense_smell,,,,,cb_sensory
525609,GNG270,GNG270_L,L,acetylcholine,0.9020008444786072,200,543,Traced,143601.0,1,middle_taste,,,,,cb_intrinsic
14786,AVLP746m,AVLP746m_R,R,acetylcholine,0.969590663909912,755,3265,Traced,14786.0,1,middle_feedback,,,,,cb_intrinsic
17089,pC1_12b,pC1_12b_R,R,acetylcholine,0.9654655456542968,1048,2553,Traced,17089.0,1,court_p1,,,,,cb_intrinsic
17655,GNG220,GNG220_L,L,gaba,0.8387352824211121,483,1688,Traced,17655.0,-1,middle_feedback,,,,,cb_intrinsic
60241,PRW049,PRW049_L,L,acetylcholine,0.6988577246665955,1284,4439,Traced,15382.0,1,middle_taste,,,,,cb_intrinsic
651813160,ORN_DM4,ORN_DM4_L,L,acetylcholine,0.9505099058151244,200,230,Traced,,1,sense_smell,,,,,cb_sensory
13108,AVLP370_b,AVLP370_b_R,R,acetylcholine,0.9554124474525452,2157,7423,Traced,13108.0,1,middle_feedback,,,,,cb_intrinsic
513415,PVLP210m,PVLP210m_L,L,acetylcholine,0.9540993571281432,470,1404,Traced,19368.0,1,middle_feedback,,,,,cb_intrinsic
14475,PRW046,PRW046_L,L,acetylcholine,0.8122081160545349,1007,2270,Traced,14475.0,1,middle_feedback,,,,,cb_intrinsic
513654,pC1_16b,pC1_16b_L,L,acetylcholine,0.910597324371338,544,1317,Traced,25746.0,1,court_p1,,,,,cb_intrinsic
14451,GNG214,GNG214_L,L,gaba,0.8721877336502075,553,1705,Traced,14451.0,-1,middle_feedback,,,,,cb_intrinsic
518490,CRE034,CRE034_L,L,glutamate,0.8198345303535461,449,1564,Traced,19594.0,-1,middle_feedback,,,,,cb_intrinsic
12022,PRW070,PRW070_L,L,gaba,0.805693507194519,2063,4626,Traced,12022.0,-1,middle_feedback,,,,,cb_intrinsic
157398,claw_tpGRN,claw_tpGRN_R,R,acetylcholine,0.7677450776100159,159,198,Traced,,1,sense_taste,,,,,cb_sensory
10528,SMP054,SMP054_L,L,gaba,0.8160677552223206,1509,5674,Traced,10528.0,-1,middle_feedback,,,,,cb_intrinsic
12174,LoVC9,LoVC9_L,L,gaba,0.8393052220344543,1524,2921,Traced,10211.0,-1,middle_feedback,,,,,visual_centrifugal
522348,AVLP744m,AVLP744m_L,L,acetylcholine,0.9295189380645752,429,2002,Traced,13401.0,1,middle_feedback,,,,,cb_intrinsic
534419,GNG230,GNG230_R,R,acetylcholine,0.5821099281311035,779,1583,Traced,25783.0,1,middle_feedback,,,,,cb_intrinsic
13596,M_lvPNm24,M_lvPNm24_R,R,acetylcholine,0.9420889616012572,1188,2213,Traced,12471.0,1,smell_pn,,,,,cb_intrinsic
520157,GNG049,GNG049_L,L,acetylcholine,0.7442618012428284,1537,2774,Traced,12600.0,1,middle_feedback,,,,,cb_intrinsic
530945,SMP720m,SMP720m_L,L,gaba,0.8176470994949341,792,2017,Traced,519753.0,-1,middle_feedback,,,,,cb_intrinsic
15320,PRW055,PRW055_L,L,acetylcholine,0.8758634328842163,1400,4892,Traced,15320.0,1,middle_taste,,,,,cb_intrinsic
521222,GNG021,GNG021_R,R,acetylcholine,0.9005576968193054,1530,6081,Traced,27203.0,1,middle_feedback,,,,,cb_intrinsic
10492,GNG062,GNG062_R,R,gaba,0.8139771819114685,943,2609,Traced,10492.0,-1,middle_feedback,,,,,cb_intrinsic
25204,pC1_13a,pC1_13a_L,L,acetylcholine,0.9279255867004396,601,1310,Traced,19672.0,1,court_p1,,,,,cb_intrinsic
17006,GNG187,GNG187_R,R,acetylcholine,0.6162290573120117,826,2267,Traced,17006.0,1,middle_feedback,,,,,cb_intrinsic
170735,ORN_VA2,ORN_VA2_R,R,acetylcholine,0.9537345170974731,231,330,Traced,,1,sense_smell,,,,,cb_sensory
170322,ORN_VA2,ORN_VA2_R,R,acetylcholine,0.9496997594833374,271,276,Traced,,1,sense_smell,,,,,cb_sensory
156151,ORN_VA2,ORN_VA2_R,R,acetylcholine,0.9403722882270812,254,240,Traced,,1,sense_smell,,,,,cb_sensory
555746,pC1_13b,pC1_13b_R,R,acetylcholine,0.9421561360359192,565,1245,Traced,21538.0,1,court_p1,,,,,cb_intrinsic
21137,AVLP744m,AVLP744m_R,R,acetylcholine,0.9513720273971558,415,2534,Traced,13401.0,1,middle_feedback,,,,,cb_intrinsic
204248,ORN_DM1,ORN_DM1_R,R,acetylcholine,0.9474445581436156,249,312,Traced,,1,sense_smell,,,,,cb_sensory
25690,pC1_15b,pC1_15b_R,R,acetylcholine,0.8880354762077332,693,1865,Traced,25690.0,1,court_p1,,,,,cb_intrinsic
14044,GNG460,GNG460_L,L,gaba,0.8863974213600159,1096,2314,Traced,14044.0,-1,middle_feedback,,,,,cb_intrinsic
25362,GNG400,GNG400_R,R,acetylcholine,0.9167075753211976,317,1370,Traced,25362.0,1,middle_feedback,,,,,cb_intrinsic
29462,LHAV4c2,LHAV4c2_R,R,gaba,0.6573419570922852,316,1087,Traced,,-1,middle_feedback,,,,,cb_intrinsic
111660,LB1e,LB1e_R,R,acetylcholine,0.6565471291542053,216,339,Traced,,1,sense_taste,,,,,cb_sensory
214700177,LB1e,LB1e_L,L,acetylcholine,0.6339877247810364,213,116,Traced,,1,sense_taste,,,,,cb_sensory
17702,pC1_10c,pC1_10c_R,R,acetylcholine,0.9240530133247375,765,2674,Traced,17702.0,1,court_p1,,,,,cb_intrinsic
164384,ORN_VA2,ORN_VA2_R,R,acetylcholine,0.9630881547927856,250,330,Traced,,1,sense_smell,,,,,cb_sensory
66354,SIP103m,SIP103m_R,R,glutamate,0.8612759113311768,443,1219,Traced,27918.0,-1,middle_feedback,,,,,cb_intrinsic
535835,pC1_16b,pC1_16b_L,L,acetylcholine,0.8984532356262207,584,1516,Traced,66610.0,1,court_p1,,,,,cb_intrinsic
10233,SIP105m,SIP105m_R,R,acetylcholine,0.8208324313163757,1774,3985,Traced,10233.0,1,middle_court,,,,,cb_intrinsic
11650,GNG467,GNG467_R,R,acetylcholine,0.9032479524612428,773,2697,Traced,11248.0,1,middle_feedback,,,,,cb_intrinsic
14803,GNG211,GNG211_R,R,acetylcholine,0.9125263690948486,1432,1746,Traced,14803.0,1,middle_feedback,,,,,cb_intrinsic
12109,OA-VUMa2,OA-VUMa2_M,M,octopamine,0.8209855556488037,4830,5857,Traced,,0,middle_feedback,,,,,cb_intrinsic
52159,ORN_DP1m,ORN_DP1m_R,R,acetylcholine,0.9227789640426636,709,1006,Traced,,1,sense_smell,,,,,cb_sensory
12471,M_lvPNm24,M_lvPNm24_L,L,acetylcholine,0.9508624076843262,1217,1931,Traced,12471.0,1,smell_pn,,,,,cb_intrinsic
24701,Z_lvPNm1,Z_lvPNm1_L,L,acetylcholine,0.8909425139427185,624,1180,Traced,24701.0,1,middle_feedback,,,,,cb_intrinsic
11506,GNG028,GNG028_R,R,gaba,0.8766971230506897,1119,4175,Traced,11506.0,-1,middle_feedback,,,,,cb_intrinsic
524296,pC1_1a,pC1_1a_L,L,acetylcholine,0.9564796686172484,478,1082,Traced,15208.0,1,court_p1,,,,,cb_intrinsic
50434,SMP710m,SMP710m_L,L,acetylcholine,0.959202229976654,375,769,Traced,15401.0,1,middle_feedback,,,,,cb_intrinsic
68734,ORN_DP1m,ORN_DP1m_R,R,acetylcholine,0.9168214797973632,703,951,Traced,,1,sense_smell,,,,,cb_sensory
182016,ORN_DM2,ORN_DM2_R,R,acetylcholine,0.9376073479652404,183,286,Traced,,1,sense_smell,,,,,cb_sensory
201965,ORN_DM2,ORN_DM2_L,L,acetylcholine,0.9427348375320436,182,235,Traced,,1,sense_smell,,,,,cb_sensory
16262,pC1_1b,pC1_1b_L,L,acetylcholine,0.9630576968193054,499,1897,Traced,16262.0,1,court_p1,,,,,cb_intrinsic
566769,VES202m,VES202m_L,L,glutamate,0.7285441756248474,757,1946,Traced,10585.0,-1,middle_feedback,,,,,cb_intrinsic
925376,ORN_VA2,ORN_VA2_L,L,acetylcholine,0.954935610294342,196,281,Traced,,1,sense_smell,,,,,cb_sensory
60170,mAL_m4,mAL_m4_R,R,gaba,0.582893967628479,530,1190,Traced,16882.0,-1,middle_court,,,,,cb_intrinsic
109574,PhG7,PhG7_R,R,acetylcholine,0.8007825613021851,373,204,Traced,50059.0,1,sense_taste,,,,,cb_sensory
32885,GNG023,GNG023_R,R,gaba,0.8804497718811035,1024,5041,Traced,32885.0,-1,middle_feedback,,,,,cb_intrinsic
522757,PhG5,PhG5_R,R,acetylcholine,0.5928856730461121,773,485,Traced,522757.0,1,sense_taste,,,,,cb_sensory
816110,LgLG7,LgLG7_L,L,acetylcholine,0.5227792859077454,202,299,Traced,,1,sense_touch,,,,,vnc_sensory
512446,GNG128,GNG128_L,L,acetylcholine,0.9609429836273192,915,3480,Traced,14953.0,1,middle_feedback,,,,,cb_intrinsic
515276,mAL_m5c,mAL_m5c_R,R,gaba,0.586243748664856,526,2706,Traced,13430.0,-1,middle_court,,,,,cb_intrinsic
13651,PVLP211m_c,PVLP211m_c_R,R,acetylcholine,0.9609641432762146,1057,2238,Traced,12829.0,1,middle_feedback,,,,,cb_intrinsic
521195,SMP548,SMP548_R,R,acetylcholine,0.9027703404426576,1938,8038,Traced,512355.0,1,middle_feedback,,,,,cb_intrinsic
19672,pC1_13a,pC1_13a_R,R,acetylcholine,0.9214961528778076,564,1116,Traced,19672.0,1,court_p1,,,,,cb_intrinsic
532011,pC1_18a,pC1_18a_R,R,acetylcholine,0.9337873458862304,946,1738,Traced,12448.0,1,court_p1,,,,,cb_intrinsic
41233,GNG379,GNG379_L,L,gaba,0.7706673741340637,304,499,Traced,40846.0,-1,middle_feedback,,,,,cb_intrinsic
17626,GNG214,GNG214_R,R,gaba,0.8634025454521179,543,1878,Traced,14451.0,-1,middle_feedback,,,,,cb_intrinsic
25345,pC1_9b,pC1_9b_R,R,acetylcholine,0.9419159889221193,502,1137,Traced,16364.0,1,court_p1,,,,,cb_intrinsic
14695,mAL_m8,mAL_m8_R,R,gaba,0.6505972146987915,551,1860,Traced,13738.0,-1,middle_feedback,,,,,cb_intrinsic
46660,AVLP743m,AVLP743m_L,L,unclear,0.4460645616054535,296,513,Traced,33519.0,0,middle_feedback,,,,,cb_intrinsic
13363,GNG090,GNG090_R,R,gaba,0.5945703387260437,1440,5866,Traced,13363.0,-1,middle_feedback,,,,,cb_intrinsic
31724,FLA003m,FLA003m_L,L,acetylcholine,0.772787868976593,441,1168,Traced,23994.0,1,middle_feedback,,,,,cb_intrinsic
192631,ORN_DM1,ORN_DM1_R,R,acetylcholine,0.950831413269043,406,527,Traced,,1,sense_smell,,,,,cb_sensory
227289,SIP112m,SIP112m_R,R,glutamate,0.7900257706642151,348,1343,Traced,73082.0,-1,middle_feedback,,,,,cb_intrinsic
22781,SIP146m,SIP146m_R,R,glutamate,0.8000305891036987,506,1573,Traced,22781.0,-1,middle_feedback,,,,,cb_intrinsic
13032,GNG280,GNG280_L,L,acetylcholine,0.6140254139900208,864,1917,Traced,13032.0,1,middle_taste,,,,,cb_intrinsic
13799,GNG115,GNG115_L,L,gaba,0.8557689785957336,909,4924,Traced,10964.0,-1,middle_feedback,,,,,cb_intrinsic
544744,ORN_VA2,ORN_VA2_R,R,acetylcholine,0.953559637069702,229,341,Traced,,1,sense_smell,,,,,cb_sensory
57803,GNG225,GNG225_R,R,glutamate,0.6349040269851685,754,1516,Traced,57803.0,-1,middle_feedback,,,,,cb_intrinsic
10032,GNG116,GNG116_L,L,gaba,0.8207928538322449,779,4691,Traced,10032.0,-1,middle_feedback,,,,,cb_intrinsic
14856,GNG159,GNG159_L,L,acetylcholine,0.9603956937789916,1082,2578,Traced,14718.0,1,middle_feedback,,,,,cb_intrinsic
72467,aSP10A_a,aSP10A_a_R,R,acetylcholine,0.9447229504585266,646,2389,Traced,,1,middle_feedback,,,,,cb_intrinsic
513413,AVLP732m,AVLP732m_R,R,acetylcholine,0.9656476378440856,855,1884,Traced,10940.0,1,middle_feedback,,,,,cb_intrinsic
62855,SIP101m,SIP101m_L,L,glutamate,0.8003522753715515,562,1270,Traced,19121.0,-1,middle_feedback,,,,,cb_intrinsic
823949,LgLG1b,LgLG1b_L,L,unclear,0.4353602230548858,79,92,Traced,,0,sense_touch,,,,,vnc_sensory
186200,ORN_VA2,ORN_VA2_R,R,acetylcholine,0.936259925365448,252,278,Traced,,1,sense_smell,,,,,cb_sensory
416090,ORN_DM1,ORN_DM1_L,L,acetylcholine,0.9524579644203186,218,254,Traced,,1,sense_smell,,,,,cb_sensory
18697,,,R,acetylcholine,0.7293913960456848,813,2512,Traced,14773.0,1,middle_feedback,,,,,cb_intrinsic
513127,SIP122m,SIP122m_L,L,glutamate,0.7661983370780945,464,1772,Traced,49959.0,-1,middle_feedback,,,,,cb_intrinsic
816494,LgLG8,LgLG8_R,R,unclear,0.3535007536411285,253,263,Traced,,0,sense_touch,,,,,vnc_sensory
15869,GNG456,GNG456_L,L,acetylcholine,0.8954610228538513,1111,1503,Traced,15869.0,1,middle_feedback,,,,,cb_intrinsic
817057,LgLG7,LgLG7_R,R,acetylcholine,0.4903459846973419,182,233,Traced,,1,sense_touch,,,,,vnc_sensory
33503,LHAV4c2,LHAV4c2_R,R,gaba,0.641653835773468,349,1133,Traced,,-1,middle_feedback,,,,,cb_intrinsic
809483,LgLG8,LgLG8_L,L,unclear,0.420191615819931,317,453,Traced,,0,sense_touch,,,,,vnc_sensory
803360,vPR9_c,vPR9_c_M,M,gaba,0.8967446684837341,617,2487,Traced,,-1,middle_feedback,,,,,vnc_intrinsic
516216,LB3d,LB3d_L,L,acetylcholine,0.5653537511825562,130,119,Traced,,1,sense_taste,,,,,cb_sensory
421193662,LB2b,LB2b_R,R,unclear,0.5965991020202637,269,116,Traced,,0,sense_taste,,,,,cb_sensory
140015,LB3c,LB3c_R,R,acetylcholine,0.5169923305511475,189,218,Traced,,1,sense_taste,,,,,cb_sensory
20117,pC1_4a,pC1_4a_R,R,acetylcholine,0.943279266357422,832,3218,Traced,12442.0,1,court_p1,,,,,cb_intrinsic
18792,AVLP727m,AVLP727m_L,L,acetylcholine,0.9122494459152222,1133,1395,Traced,18792.0,1,middle_feedback,,,,,cb_intrinsic
515272,mAL_m3a,mAL_m3a_R,R,unclear,0.4698928594589233,366,780,Traced,84395.0,0,middle_court,,,,,cb_intrinsic
14548,GNG154,GNG154_L,L,gaba,0.8496612906455994,780,3093,Traced,13118.0,-1,middle_feedback,,,,,cb_intrinsic
531237,LB3c,LB3c_L,L,acetylcholine,0.9534319639205932,182,294,Traced,,1,sense_taste,,,,,cb_sensory
512552,LB3d,LB3d_L,L,acetylcholine,0.9367521405220032,255,442,Traced,,1,sense_taste,,,,,cb_sensory
34612,mAL_m2a,mAL_m2a_R,R,unclear,0.4139675498008728,521,1683,Traced,34612.0,0,middle_feedback,,,,,cb_intrinsic
10703,DNge036,DNge036_R,R,acetylcholine,0.931221604347229,2185,11554,Traced,10163.0,1,middle_feedback,,,,,descending_neuron
772366874,LB1c,LB1c_L,L,acetylcholine,0.7141151428222656,145,108,Traced,,1,sense_taste,,,,,cb_sensory
25740,pC1_14b,pC1_14b_R,R,acetylcholine,0.8759881854057312,481,1160,Traced,25740.0,1,court_p1,,,,,cb_intrinsic
17109,GNG079,GNG079_R,R,acetylcholine,0.8414945602416992,908,1900,Traced,15657.0,1,middle_taste,,,,,cb_intrinsic
29043,pC1_7a,pC1_7a_L,L,acetylcholine,0.9630448818206788,664,824,Traced,25542.0,1,court_p1,,,,,cb_intrinsic
109222,SIP112m,SIP112m_L,L,glutamate,0.81315016746521,280,713,Traced,73082.0,-1,middle_feedback,,,,,cb_intrinsic
519917,AOTU100m,AOTU100m_L,L,acetylcholine,0.9511431455612184,1728,4508,Traced,10774.0,1,middle_feedback,,,,,cb_intrinsic
911389008,LB1d,LB1d_R,R,acetylcholine,0.7095293998718262,84,79,Traced,,1,sense_taste,,,,,cb_sensory
535834,mAL_m3b,mAL_m3b_L,L,unclear,0.4463224411010742,323,929,Traced,11147.0,0,middle_feedback,,,,,cb_intrinsic
42483,GNG566,GNG566_R,R,glutamate,0.7141327261924744,649,1418,Traced,35532.0,-1,middle_feedback,,,,,cb_intrinsic
71416,mAL_m3b,mAL_m3b_R,R,unclear,0.4917797148227691,319,671,Traced,11147.0,0,middle_feedback,,,,,cb_intrinsic
511882,LB1b,LB1b_L,L,unclear,0.5146940350532532,417,282,Traced,,0,sense_taste,,,,,cb_sensory
519903,mAL_m1,mAL_m1_L,L,gaba,0.580068051815033,835,2041,Traced,12287.0,-1,middle_court,,,,,cb_intrinsic
18360,GNG213,GNG213_R,R,glutamate,0.7814605236053467,1067,1656,Traced,16543.0,-1,middle_feedback,,,,,cb_intrinsic
808524,LgLG1a,LgLG1a_L,L,acetylcholine,0.9091232419013976,296,326,Traced,,1,sense_touch,,,,,vnc_sensory
922722,AN09B017g,AN09B017g_L,L,glutamate,0.9164221882820128,2595,3164,Traced,14320.0,-1,relay_vab3,,,,,ascending_neuron
209688,LB1e,LB1e_R,R,acetylcholine,0.6899781823158264,221,392,Traced,,1,sense_taste,,,,,cb_sensory
12831,DNpe030,DNpe030_L,L,acetylcholine,0.9112347960472108,2363,2617,Traced,12831.0,1,middle_feedback,,,,,descending_neuron
743179180,ORN_DM2,ORN_DM2_L,L,acetylcholine,0.9747326970100404,40,55,Traced,,1,sense_smell,,,,,cb_sensory
246478,ORN_DM4,ORN_DM4_R,R,acetylcholine,0.954634726047516,193,201,Traced,,1,sense_smell,,,,,cb_sensory
55785,SIP142m,SIP142m_L,L,glutamate,0.8486354947090149,419,1055,Traced,24780.0,-1,middle_feedback,,,,,cb_intrinsic
128129,LB4b,LB4b_L,L,acetylcholine,0.8794707655906677,244,337,Traced,,1,sense_taste,,,,,cb_sensory
802871,vPR9_c,vPR9_c_M,M,gaba,0.8988736867904663,733,2488,Traced,,-1,middle_feedback,,,,,vnc_intrinsic
217507,ORN_DM1,ORN_DM1_R,R,acetylcholine,0.9462828040122986,239,301,Traced,,1,sense_smell,,,,,cb_sensory
73082,SIP112m,SIP112m_R,R,glutamate,0.791830837726593,252,873,Traced,73082.0,-1,middle_feedback,,,,,cb_intrinsic
17183,GNG058,GNG058_L,L,acetylcholine,0.8286140561103821,1320,3012,Traced,12377.0,1,middle_taste,,,,,cb_intrinsic
12991,GNG221,GNG221_R,R,gaba,0.88832026720047,634,1767,Traced,12991.0,-1,middle_feedback,,,,,cb_intrinsic
35644,GNG421,GNG421_R,R,acetylcholine,0.8954905867576599,318,1077,Traced,35644.0,1,middle_feedback,,,,,cb_intrinsic
14953,GNG128,GNG128_R,R,acetylcholine,0.946486234664917,1065,4154,Traced,14953.0,1,middle_taste,,,,,cb_intrinsic
187776,LB3a,LB3a_L,L,acetylcholine,0.8045300841331482,148,193,Traced,,1,sense_taste,,,,,cb_sensory
13655,pC1_11b,pC1_11b_R,R,acetylcholine,0.8998941779136658,960,4604,Traced,13655.0,1,court_p1,,,,,cb_intrinsic
12079,aIPg_m4,aIPg_m4_R,R,acetylcholine,0.894875168800354,1675,7152,Traced,10498.0,1,middle_feedback,,,,,cb_intrinsic
28834,aIPg7,aIPg7_L,L,acetylcholine,0.920145571231842,515,1554,Traced,19415.0,1,middle_court,,,,,cb_intrinsic
12287,mAL_m1,mAL_m1_R,R,gaba,0.5990774631500244,761,1826,Traced,12287.0,-1,middle_court,,,,,cb_intrinsic
16960,SIP137m_b,SIP137m_b_R,R,acetylcholine,0.9374605417251588,755,1974,Traced,14782.0,1,middle_feedback,,,,,cb_intrinsic
390433,ORN_DM2,ORN_DM2_L,L,acetylcholine,0.9662262797355652,114,169,Traced,,1,sense_smell,,,,,cb_sensory
512187,SMP056,SMP056_L,L,glutamate,0.8370339274406433,1053,2915,Traced,512187.0,-1,middle_feedback,,,,,cb_intrinsic
36494,SIP146m,SIP146m_R,R,glutamate,0.7520518898963928,391,1375,Traced,22781.0,-1,middle_feedback,,,,,cb_intrinsic
169422,ORN_VA2,ORN_VA2_R,R,acetylcholine,0.9505743980407716,241,310,Traced,,1,sense_smell,,,,,cb_sensory
26256,AOTU059,AOTU059_L,L,gaba,0.8019689321517944,361,1290,Traced,25860.0,-1,middle_feedback,,,,,cb_intrinsic
42022,GNG604,GNG604_L,L,gaba,0.8461730480194092,261,599,Traced,33698.0,-1,middle_feedback,,,,,cb_intrinsic
17126,AVLP733m,AVLP733m_R,R,acetylcholine,0.9631566405296326,839,2220,Traced,15871.0,1,middle_feedback,,,,,cb_intrinsic
533662,AVLP727m,AVLP727m_L,L,acetylcholine,0.9096662402153016,1103,1592,Traced,18792.0,1,middle_feedback,,,,,cb_intrinsic
26543,pC1_6a,pC1_6a_L,L,acetylcholine,0.9525272846221924,437,903,Traced,26543.0,1,court_p1,,,,,cb_intrinsic
30088,AN13B002,AN13B002_L,L,gaba,0.8850085139274597,4079,19535,Traced,21763.0,-1,middle_taste,,,,,ascending_neuron
45473,SIP103m,SIP103m_L,L,glutamate,0.8399670124053955,520,1202,Traced,27918.0,-1,middle_feedback,,,,,cb_intrinsic
25557,FLA001m,FLA001m_L,L,acetylcholine,0.933448314666748,422,751,Traced,25557.0,1,middle_feedback,,,,,cb_intrinsic
23680,SIP141m,SIP141m_L,L,glutamate,0.7166742086410522,370,1628,Traced,23680.0,-1,middle_feedback,,,,,cb_intrinsic
183084,LB3b,LB3b_R,R,acetylcholine,0.8945968151092529,145,291,Traced,,1,sense_taste,,,,,cb_sensory
63701,DNd02,DNd02(SAD039)_R,R,unclear,0.3648538589477539,5226,4541,Traced,11160.0,0,middle_feedback,,,,,descending_neuron
30546,pC1_10d,pC1_10d_R,R,acetylcholine,0.9523799419403076,521,1329,Traced,19968.0,1,court_p1,,,,,cb_intrinsic
523723,GNG068,GNG068_R,R,glutamate,0.679496169090271,1343,2597,Traced,50903.0,-1,middle_taste,,,,,cb_intrinsic
160483,ORN_DM2,ORN_DM2_R,R,acetylcholine,0.9417720437049866,206,246,Traced,,1,sense_smell,,,,,cb_sensory
170209,pC1_19,pC1_19_R,R,acetylcholine,0.8838163018226624,277,359,Traced,68624.0,1,court_p1,,,,,cb_intrinsic
18080,GNG192,GNG192_R,R,acetylcholine,0.9517638683319092,465,2147,Traced,18080.0,1,middle_taste,,,,,cb_intrinsic
194695,ORN_DM2,ORN_DM2_R,R,acetylcholine,0.9632565975189208,169,256,Traced,,1,sense_smell,,,,,cb_sensory
41288,aIPg7,aIPg7_L,L,acetylcholine,0.9443963766098022,511,1298,Traced,19415.0,1,middle_feedback,,,,,cb_intrinsic
15926,GNG167,GNG167_R,R,acetylcholine,0.8725125193595886,919,2951,Traced,15926.0,1,middle_feedback,,,,,cb_intrinsic
30343,LH008m,LH008m_L,L,acetylcholine,0.9577606916427612,343,1028,Traced,,1,middle_feedback,,,,,cb_intrinsic
578193,SIP146m,SIP146m_R,R,glutamate,0.7778463959693909,463,1501,Traced,,-1,middle_feedback,,,,,cb_intrinsic
520651,AVLP730m,AVLP730m_L,L,acetylcholine,0.9534907341003418,1005,2087,Traced,13385.0,1,middle_feedback,,,,,cb_intrinsic
189355,ORN_VA2,ORN_VA2_unknown,,acetylcholine,0.9598138332366944,65,124,Traced,,1,sense_smell,,,,,cb_sensory
81772,GNG609,GNG609_R,R,acetylcholine,0.8532112836837769,223,435,Traced,58981.0,1,middle_feedback,,,,,cb_intrinsic
117638,SMP106,SMP106_R,R,glutamate,0.8459927439689636,362,1019,Traced,106350.0,-1,middle_feedback,,,,,cb_intrinsic
519908,SIP116m,SIP116m_L,L,glutamate,0.7384175658226013,588,1309,Traced,16857.0,-1,middle_feedback,,,,,cb_intrinsic
31827,SIP116m,SIP116m_R,R,glutamate,0.6993383765220642,561,1537,Traced,16857.0,-1,middle_feedback,,,,,cb_intrinsic
512581,SMP702m,SMP702m_L,L,glutamate,0.6502980589866638,1980,3815,Traced,24136.0,-1,middle_feedback,,,,,cb_intrinsic
31309,pC1_17b,pC1_17b_L,L,acetylcholine,0.7849039435386658,301,1502,Traced,23661.0,1,court_p1,,,,,cb_intrinsic
513647,PhG11,PhG11_R,R,acetylcholine,0.8936222791671753,585,333,Traced,23209.0,1,sense_taste,,,,,cb_sensory
17912,GNG212,GNG212_L,L,acetylcholine,0.872561514377594,900,1267,Traced,16944.0,1,middle_feedback,,,,,cb_intrinsic
18613,GNG223,GNG223_L,L,gaba,0.857611358165741,699,1547,Traced,16454.0,-1,middle_feedback,,,,,cb_intrinsic
517519,pC1_10b,pC1_10b_L,L,acetylcholine,0.9507945775985718,527,1425,Traced,26153.0,1,court_p1,,,,,cb_intrinsic
581710868,LB3d,LB3d_L,L,acetylcholine,0.3515655994415283,95,74,Traced,,1,sense_taste,,,,,cb_sensory
17835,AVLP462,AVLP462_R,R,gaba,0.8048033118247986,477,2168,Traced,,-1,middle_feedback,,,,,cb_intrinsic
525460,AVLP729m,AVLP729m_L,L,acetylcholine,0.9068081974983216,671,1704,Traced,13665.0,1,middle_feedback,,,,,cb_intrinsic
13502,PRW062,PRW062_R,R,acetylcholine,0.8169195652008057,1245,2888,Traced,13502.0,1,middle_feedback,,,,,cb_intrinsic
268855,ORN_DM4,ORN_DM4_L,L,acetylcholine,0.8788995146751404,81,85,Traced,,1,sense_smell,,,,,cb_sensory
363119,ORN_DM1,ORN_DM1_L,L,acetylcholine,0.9527782201766968,221,312,Traced,,1,sense_smell,,,,,cb_sensory
519904,mAL_m5b,mAL_m5b_L,L,gaba,0.5799141526222229,552,2320,Traced,11519.0,-1,middle_court,,,,,cb_intrinsic
10172,AVLP080,AVLP080_L,L,gaba,0.8235094547271729,6790,38670,Traced,10172.0,-1,middle_feedback,,,,,cb_intrinsic
212914,ORN_VA2,ORN_VA2_L,L,acetylcholine,0.955524206161499,303,329,Traced,,1,sense_smell,,,,,cb_sensory
578575,GNG362,GNG362_L,L,gaba,0.838141918182373,438,893,Traced,28769.0,-1,middle_feedback,,,,,cb_intrinsic
30391,pC1_8b,pC1_8b_R,R,acetylcholine,0.9701547026634216,635,1523,Traced,30391.0,1,court_p1,,,,,cb_intrinsic
15746,M_lvPNm33,M_lvPNm33_R,R,acetylcholine,0.9689143896102904,334,542,Traced,15746.0,1,smell_pn,,,,,cb_intrinsic
512011,pC1_12a,pC1_12a_R,R,acetylcholine,0.966846525669098,738,1546,Traced,512011.0,1,court_p1,,,,,cb_intrinsic
45164,SIP124m,SIP124m_R,R,glutamate,0.7828184962272644,287,1846,Traced,22697.0,-1,middle_feedback,,,,,cb_intrinsic
46013,GNG472,GNG472_L,L,acetylcholine,0.9455764293670654,466,1722,Traced,46013.0,1,middle_feedback,,,,,cb_intrinsic
512507,PRW048,PRW048_R,R,acetylcholine,0.7805925011634827,728,751,Traced,512507.0,1,middle_feedback,,,,,cb_intrinsic
31675,GNG623,GNG623_R,R,acetylcholine,0.9458229541778564,335,706,Traced,31675.0,1,middle_taste,,,,,cb_intrinsic
522407,mAL_m11,mAL_m11_L,L,gaba,0.6113178730010986,709,3491,Traced,522407.0,-1,middle_feedback,,,,,cb_intrinsic
44515,pC1_14a,pC1_14a_L,L,acetylcholine,0.9024513959884644,416,1143,Traced,29214.0,1,court_p1,,,,,cb_intrinsic
11896,GNG087,GNG087_R,R,glutamate,0.7782367467880249,1554,8485,Traced,11896.0,-1,middle_taste,,,,,cb_intrinsic
419997,ORN_DM4,ORN_DM4_L,L,acetylcholine,0.9533312916755676,136,120,Traced,,1,sense_smell,,,,,cb_sensory
247784,ORN_DM2,ORN_DM2_R,R,acetylcholine,0.9747326970100404,210,272,Traced,,1,sense_smell,,,,,cb_sensory
38228,SMP093,SMP093_L,L,glutamate,0.8551936149597168,608,948,Traced,38228.0,-1,middle_feedback,,,,,cb_intrinsic
10307,AVLP083,AVLP083(no left?)_R,R,gaba,0.8101512789726257,4668,26455,Traced,,-1,middle_feedback,,,,,cb_intrinsic
31018,GNG232,GNG232_R,R,acetylcholine,0.9747326970100404,403,1588,Traced,31018.0,1,middle_taste,,,,,cb_intrinsic
112641,PRW024,PRW024_R,R,unclear,0.371671050786972,180,837,Traced,38102.0,0,middle_feedback,,,,,cb_intrinsic
21244,mAL_m2b,mAL_m2b_R,R,gaba,0.6383815407752991,697,2424,Traced,16548.0,-1,middle_court,,,,,cb_intrinsic
905567,GNG534,GNG534_L,L,gaba,0.7752992510795593,925,4099,Traced,13544.0,-1,middle_feedback,,,,,cb_intrinsic
18574,CL123_d,CL123_d_L,L,acetylcholine,0.9564248919487,477,1643,Traced,17530.0,1,middle_feedback,,,,,cb_intrinsic
13890,PVLP208m,PVLP208m_R,R,acetylcholine,0.9547263979911804,727,1736,Traced,13890.0,1,middle_feedback,,,,,cb_intrinsic
556567,GNG455,GNG455_R,R,acetylcholine,0.8604555130004883,686,1526,Traced,41023.0,1,middle_feedback,,,,,cb_intrinsic
19973,GNG220,GNG220_R,R,gaba,0.8173153400421143,454,1716,Traced,17655.0,-1,middle_feedback,,,,,cb_intrinsic
15358,AVLP730m,AVLP730m_L,L,acetylcholine,0.9583203196525574,1123,2355,Traced,13385.0,1,middle_feedback,,,,,cb_intrinsic
517736,mAL_m8,mAL_m8_R,R,gaba,0.5808418989181519,617,2266,Traced,13738.0,-1,middle_feedback,,,,,cb_intrinsic
20836,PVLP210m,PVLP210m_R,R,acetylcholine,0.9574893116950988,563,1216,Traced,18034.0,1,middle_feedback,,,,,cb_intrinsic
14734,GNG178,GNG178_R,R,gaba,0.8848326802253723,441,2566,Traced,14734.0,-1,middle_feedback,,,,,cb_intrinsic
170403,ORN_DM1,ORN_DM1_R,R,acetylcholine,0.9657119512557985,215,390,Traced,,1,sense_smell,,,,,cb_sensory
22848,SIP145m,SIP145m_R,R,glutamate,0.7884568572044373,485,1269,Traced,22848.0,-1,middle_feedback,,,,,cb_intrinsic
526888712,ORN_DM1,ORN_DM1_L,L,acetylcholine,0.9446672201156616,226,289,Traced,,1,sense_smell,,,,,cb_sensory
15592,GNG211,GNG211_L,L,acetylcholine,0.8643776774406433,1430,1296,Traced,14803.0,1,middle_feedback,,,,,cb_intrinsic
129802,dorsal_tpGRN,dorsal_tpGRN_R,R,acetylcholine,0.6767433881759644,328,151,Traced,129802.0,1,sense_taste,,,,,cb_sensory
43293,GNG041,GNG041_L,L,gaba,0.8677136898040771,763,3655,Traced,43293.0,-1,middle_taste,,,,,cb_intrinsic
814026,LgLG1b,LgLG1b_R,R,unclear,0.3722040951251983,158,221,Traced,,0,sense_touch,,,,,vnc_sensory
24378,AVLP729m,AVLP729m_R,R,acetylcholine,0.9486613273620604,707,2544,Traced,13665.0,1,middle_feedback,,,,,cb_intrinsic
522921,GNG518,GNG518_R,R,acetylcholine,0.9237896203994752,1142,4052,Traced,514292.0,1,middle_feedback,,,,,cb_intrinsic
55136,pC1_10c,pC1_10c_L,L,acetylcholine,0.9522444009780884,733,2515,Traced,17702.0,1,court_p1,,,,,cb_intrinsic
12589,GNG094,GNG094_R,R,glutamate,0.8054332137107849,1589,5279,Traced,12589.0,-1,middle_taste,,,,,cb_intrinsic
820081,LgLG7,LgLG7_L,L,acetylcholine,0.6413639187812805,102,132,Traced,,1,sense_touch,,,,,vnc_sensory
10561,VA2_adPN,VA2_adPN_L,L,acetylcholine,0.9582791924476624,5013,11885,Traced,,1,smell_pn,,,,,cb_intrinsic
169896,claw_tpGRN,claw_tpGRN_L,L,acetylcholine,0.8602012395858765,169,167,Traced,,1,sense_taste,,,,,cb_sensory
519519,AVLP733m,AVLP733m_L,L,acetylcholine,0.9488314986228944,674,1540,Traced,18620.0,1,middle_feedback,,,,,cb_intrinsic
19013,AVLP715m,AVLP715m_R,R,acetylcholine,0.9569557905197144,601,2345,Traced,19013.0,1,middle_feedback,,,,,cb_intrinsic
648510281,ORN_DM1,ORN_DM1_L,L,acetylcholine,0.9643403887748718,187,242,Traced,,1,sense_smell,,,,,cb_sensory
92829,GNG262,GNG262_L,L,gaba,0.843960702419281,862,600,Traced,92829.0,-1,middle_feedback,,,,,cb_intrinsic
12889,AVLP734m,AVLP734m_L,L,gaba,0.8496700525283813,648,1540,Traced,12889.0,-1,middle_feedback,,,,,cb_intrinsic
522754,LB1c,LB1c_L,L,acetylcholine,0.6214890480041504,389,246,Traced,,1,sense_taste,,,,,cb_sensory
160450,claw_tpGRN,claw_tpGRN_R,R,acetylcholine,0.6617105603218079,167,168,Traced,,1,sense_taste,,,,,cb_sensory
17020,GNG527,GNG527_R,R,gaba,0.8803902268409729,641,1335,Traced,17020.0,-1,middle_feedback,,,,,cb_intrinsic
84395,mAL_m3a,mAL_m3a_L,L,unclear,0.4467569589614868,309,766,Traced,84395.0,0,middle_court,,,,,cb_intrinsic
188171,SIP100m,SIP100m_L,L,glutamate,0.7814680337905884,462,1126,Traced,18172.0,-1,middle_feedback,,,,,cb_intrinsic
556717,GNG538,GNG538_L,L,acetylcholine,0.8906084299087524,783,2231,Traced,530560.0,1,middle_taste,,,,,cb_intrinsic
11429,GNG236,GNG236_L,L,acetylcholine,0.9368084073066713,1022,976,Traced,11429.0,1,middle_feedback,,,,,cb_intrinsic
10208,DM1_lPN,DM1_lPN_L,L,acetylcholine,0.9649812579154968,6267,14276,Traced,10176.0,1,smell_pn,,,,,cb_intrinsic
521203,GNG195,GNG195_L,L,gaba,0.8237563371658325,653,2189,Traced,17901.0,-1,middle_feedback,,,,,cb_intrinsic
166190,LB3a,LB3a_R,R,acetylcholine,0.7798194289207458,149,165,Traced,,1,sense_taste,,,,,cb_sensory
10983,PVLP211m_a,PVLP211m_a_R,R,acetylcholine,0.9699634909629822,1017,2562,Traced,10983.0,1,middle_feedback,,,,,cb_intrinsic
908747,LB1e,LB1e_L,L,acetylcholine,0.844887375831604,261,344,Traced,,1,sense_taste,,,,,cb_sensory
523633,GNG153,GNG153_R,R,glutamate,0.6677719354629517,1144,2748,Traced,514951.0,-1,middle_feedback,,,,,cb_intrinsic
33041,pC1_16b,pC1_16b_R,R,acetylcholine,0.8979487419128418,492,1073,Traced,32283.0,1,court_p1,,,,,cb_intrinsic
38536,GNG465,GNG465_L,L,acetylcholine,0.9747326970100404,256,861,Traced,28473.0,1,middle_taste,,,,,cb_intrinsic
551057545,LB1e,LB1e_R,R,acetylcholine,0.8630762696266174,52,55,Traced,,1,sense_taste,,,,,cb_sensory
30455,LHAV4c2,LHAV4c2_R,R,gaba,0.6081230044364929,361,1103,Traced,,-1,middle_feedback,,,,,cb_intrinsic
522753,LB1c,LB1c_L,L,acetylcholine,0.4615635871887207,421,302,Traced,,1,sense_taste,,,,,cb_sensory
14745,GNG469,GNG469_L,L,gaba,0.8785032033920288,768,3142,Traced,13630.0,-1,middle_feedback,,,,,cb_intrinsic
199488,ORN_VA2,ORN_VA2_L,L,acetylcholine,0.9397319555282592,166,189,Traced,,1,sense_smell,,,,,cb_sensory
641453735,claw_tpGRN,claw_tpGRN_L,L,acetylcholine,0.8817153573036194,73,71,Traced,,1,sense_taste,,,,,cb_sensory
38425,SMP082,SMP082_L,L,glutamate,0.7837230563163757,2264,4817,Traced,38425.0,-1,middle_feedback,,,,,cb_intrinsic
514983,SMP093,SMP093_L,L,glutamate,0.8469381332397461,583,1030,Traced,257510.0,-1,middle_feedback,,,,,cb_intrinsic
228797,GNG293,GNG293_L,L,acetylcholine,0.8614702820777893,650,832,Traced,228797.0,1,middle_feedback,,,,,cb_intrinsic
175078,claw_tpGRN,claw_tpGRN_L,L,acetylcholine,0.8111701607704163,148,129,Traced,,1,sense_taste,,,,,cb_sensory
15199,mAL_m9,mAL_m9_R,R,gaba,0.5966372489929199,650,2211,Traced,15199.0,-1,middle_court,,,,,cb_intrinsic
284316,ORN_DM2,ORN_DM2_L,L,acetylcholine,0.9555715918540956,152,205,Traced,,1,sense_smell,,,,,cb_sensory
524253,GNG393,GNG393_L,L,gaba,0.5795329213142395,350,1169,Traced,20815.0,-1,middle_taste,,,,,cb_intrinsic
832650,LgLG7,LgLG7_R,R,acetylcholine,0.6873407363891602,71,59,Traced,,1,sense_touch,,,,,vnc_sensory
31697,SMP703m,SMP703m_L,L,glutamate,0.820792555809021,453,1256,Traced,31697.0,-1,middle_feedback,,,,,cb_intrinsic
46439,CRE034,CRE034_R,R,glutamate,0.8137454390525818,445,1457,Traced,19594.0,-1,middle_feedback,,,,,cb_intrinsic
527318,SMP702m,SMP702m_L,L,glutamate,0.5827680230140686,1846,3109,Traced,24136.0,-1,middle_feedback,,,,,cb_intrinsic
27870,SIP119m,SIP119m_R,R,glutamate,0.7289204597473145,465,2315,Traced,27870.0,-1,middle_feedback,,,,,cb_intrinsic
520816,GNG298,GNG298_M,M,gaba,0.8536424040794373,2763,8246,Traced,,-1,middle_feedback,,,,,cb_intrinsic
380771816,claw_tpGRN,claw_tpGRN_L,L,acetylcholine,0.8051461577415466,103,95,Traced,,1,sense_taste,,,,,cb_sensory
222256845,ORN_DM1,ORN_DM1_L,L,acetylcholine,0.9334718585014344,188,283,Traced,,1,sense_smell,,,,,cb_sensory
27986,GNG401,GNG401_L,L,acetylcholine,0.9615534543991088,294,867,Traced,14960.0,1,middle_feedback,,,,,cb_intrinsic
559464,GNG380,GNG380_R,R,acetylcholine,0.9266943335533142,242,676,Traced,50843.0,1,middle_taste,,,,,cb_intrinsic
512914,PhG4,PhG4_L,L,acetylcholine,0.7287865281105042,697,369,Traced,13491.0,1,sense_taste,,,,,cb_sensory
18426,AVLP742m,AVLP742m_R,R,acetylcholine,0.9511736631393432,864,1755,Traced,,1,middle_feedback,,,,,cb_intrinsic
25349,AVLP494,AVLP494_L,L,acetylcholine,0.9646742343902588,772,2194,Traced,20563.0,1,middle_feedback,,,,,cb_intrinsic
13719,GNG182,GNG182_R,R,gaba,0.8767677545547485,914,2409,Traced,13719.0,-1,middle_taste,,,,,cb_intrinsic
30402,SMP711m,SMP711m_R,R,acetylcholine,0.8449104428291321,582,626,Traced,30402.0,1,middle_feedback,,,,,cb_intrinsic
132720,ORN_DM4,ORN_DM4_R,R,acetylcholine,0.9555402398109436,202,241,Traced,,1,sense_smell,,,,,cb_sensory
20291,SIP122m,SIP122m_L,L,glutamate,0.6912516951560974,396,2245,Traced,20136.0,-1,middle_feedback,,,,,cb_intrinsic
14891,GNG234,GNG234_L,L,acetylcholine,0.9335500001907348,917,1311,Traced,14891.0,1,middle_taste,,,,,cb_intrinsic
17335,AN09B017a,AN09B017a_L,L,glutamate,0.8090152144432068,1357,1453,Traced,17103.0,-1,relay_vab3,,,,,ascending_neuron
13159,AVLP316,AVLP316_L,L,acetylcholine,0.955333650112152,751,6343,Traced,11320.0,1,middle_feedback,,,,,cb_intrinsic
15030,GNG467,GNG467_R,R,acetylcholine,0.9091742038726808,724,2400,Traced,11248.0,1,middle_feedback,,,,,cb_intrinsic
22045,LH006m,LH006m_R,R,acetylcholine,0.943875014781952,502,1337,Traced,22045.0,1,middle_feedback,,,,,cb_intrinsic
102224,pC1_5a,pC1_5a_L,L,acetylcholine,0.9445345401763916,449,1119,Traced,32950.0,1,court_p1,,,,,cb_intrinsic
13528,GNG169,GNG169_R,R,acetylcholine,0.9631476998329164,1172,2759,Traced,13528.0,1,middle_feedback,,,,,cb_intrinsic
16294,GNG582,GNG582_L,L,gaba,0.8320730328559875,929,2427,Traced,16146.0,-1,middle_feedback,,,,,cb_intrinsic
512899,SMP334,SMP334_R,R,acetylcholine,0.912045419216156,726,2036,Traced,512899.0,1,middle_feedback,,,,,cb_intrinsic
512547,GNG468,GNG468_R,R,acetylcholine,0.8607808947563171,1444,5134,Traced,17282.0,1,middle_feedback,,,,,cb_intrinsic
58896,GNG050,GNG050_L,L,acetylcholine,0.917033076286316,891,2775,Traced,58896.0,1,middle_feedback,,,,,cb_intrinsic
512660,AVLP062,AVLP062_L,L,glutamate,0.7803072929382324,391,1434,Traced,,-1,middle_feedback,,,,,cb_intrinsic
22818,pC1_17a,pC1_17a_R,R,acetylcholine,0.8873122334480286,809,1322,Traced,22818.0,1,court_p1,,,,,cb_intrinsic
236475,LB3d,LB3d_L,L,acetylcholine,0.586769700050354,134,105,Traced,,1,sense_taste,,,,,cb_sensory
15335,ALON2,ALON2_R,R,acetylcholine,0.8938987851142883,575,946,Traced,15335.0,1,middle_taste,,,,,cb_intrinsic
11470,SMP550,SMP550_L,L,acetylcholine,0.8702846169471741,2133,6402,Traced,11470.0,1,middle_feedback,,,,,cb_intrinsic
515718,GNG093,GNG093_R,R,gaba,0.8358372449874878,1192,4436,Traced,13937.0,-1,middle_feedback,,,,,cb_intrinsic
900877,ORN_DM1,ORN_DM1_R,R,acetylcholine,0.9322512149810792,274,322,Traced,,1,sense_smell,,,,,cb_sensory
21731,GNG447,GNG447_L,L,acetylcholine,0.8862589001655579,241,789,Traced,21731.0,1,middle_feedback,,,,,cb_intrinsic
12036,GNG047,GNG047_L,L,gaba,0.8764656782150269,1775,3225,Traced,12036.0,-1,middle_feedback,,,,,cb_intrinsic
17370,GNG522,GNG522_L,L,gaba,0.7718284726142883,821,1672,Traced,,-1,middle_feedback,,,,,cb_intrinsic
16962,GNG174,GNG174_L,L,acetylcholine,0.9013508558273317,1214,2554,Traced,16684.0,1,middle_taste,,,,,cb_intrinsic
202321,ORN_VA2,ORN_VA2_R,R,acetylcholine,0.9477850198745728,180,251,Traced,,1,sense_smell,,,,,cb_sensory
21799,CL123_b,CL123_b_R,R,acetylcholine,0.9285715222358704,483,1578,Traced,21799.0,1,middle_feedback,,,,,cb_intrinsic
512580,pC1x_b,pC1x_b_R,R,acetylcholine,0.9098998308181764,1584,5555,Traced,10217.0,1,court_p1,,,,,cb_intrinsic
55426,GNG387,GNG387_L,L,acetylcholine,0.9606035947799684,206,596,Traced,50622.0,1,middle_feedback,,,,,cb_intrinsic
78240,LB3c,LB3c_L,L,acetylcholine,0.9632807374000548,169,460,Traced,,1,sense_taste,,,,,cb_sensory
125405,LB3d,LB3d_R,R,acetylcholine,0.9248458743095398,233,345,Traced,,1,sense_taste,,,,,cb_sensory
14352,GNG072,GNG072_R,R,gaba,0.615863561630249,1137,2471,Traced,14352.0,-1,middle_feedback,,,,,cb_intrinsic
16297,AN00A006,AN00A006(16297)_M,M,gaba,0.727660059928894,2758,2587,Traced,,-1,middle_feedback,,,,,ascending_neuron
517677,SIP146m,SIP146m_L,L,glutamate,0.7945522665977478,510,1334,Traced,22781.0,-1,middle_feedback,,,,,cb_intrinsic
522984,SMP056,SMP056_R,R,glutamate,0.8100060820579529,998,2489,Traced,512187.0,-1,middle_feedback,,,,,cb_intrinsic
11147,mAL_m3b,mAL_m3b_L,L,unclear,0.4342836439609527,306,859,Traced,11147.0,0,middle_feedback,,,,,cb_intrinsic
32156,mAL_m8,mAL_m8_R,R,gaba,0.6216521263122559,472,1561,Traced,13738.0,-1,middle_court,,,,,cb_intrinsic
555707,AVLP733m,AVLP733m_L,L,acetylcholine,0.9550116658210754,886,1801,Traced,15871.0,1,middle_feedback,,,,,cb_intrinsic
517458,M_imPNl92,M_imPNl92_R,R,acetylcholine,0.9510247111320496,1473,6743,Traced,11930.0,1,smell_pn,,,,,cb_intrinsic
14050,mAL_m8,mAL_m8_R,R,gaba,0.5815862417221069,644,1953,Traced,13738.0,-1,middle_court,,,,,cb_intrinsic
18034,PVLP210m,PVLP210m_L,L,acetylcholine,0.9652776718139648,411,1208,Traced,18034.0,1,middle_feedback,,,,,cb_intrinsic
12681,SIP025,SIP025_R,R,acetylcholine,0.920924723148346,1711,3520,Traced,12681.0,1,middle_court,,,,,cb_intrinsic
17099,GNG219,GNG219_L,L,gaba,0.7124473452568054,630,1620,Traced,17099.0,-1,middle_feedback,,,,,cb_intrinsic
524608,GNG394,GNG394_L,L,gaba,0.8707926273345947,894,4171,Traced,40463.0,-1,middle_feedback,,,,,cb_intrinsic
25433,CB2004,CB2004_R,R,gaba,0.8210552334785461,253,498,Traced,20029.0,-1,smell_pn,,,,,cb_intrinsic
15604,mAL_m6,mAL_m6_L,L,unclear,0.5438355803489685,398,827,Traced,15604.0,0,middle_feedback,,,,,cb_intrinsic
44216,GNG094,GNG094_L,L,glutamate,0.7746859192848206,1264,4510,Traced,12589.0,-1,middle_taste,,,,,cb_intrinsic
12442,pC1_4a,pC1_4a_L,L,acetylcholine,0.9457571506500244,735,2690,Traced,12442.0,1,court_p1,,,,,cb_intrinsic
16049,GNG157,GNG157_R,R,unclear,0.4853605329990387,979,3189,Traced,16049.0,0,middle_feedback,,,,,cb_intrinsic
555881,ORN_VA2,ORN_VA2_R,R,acetylcholine,0.9673583507537842,263,306,Traced,,1,sense_smell,,,,,cb_sensory
516217,LB3c,LB3c_R,R,acetylcholine,0.5438588261604309,199,255,Traced,,1,sense_taste,,,,,cb_sensory
158649,ORN_VA2,ORN_VA2_R,R,acetylcholine,0.9530984163284302,269,326,Traced,,1,sense_smell,,,,,cb_sensory
16026,GNG231,GNG231_L,L,glutamate,0.7654085159301758,887,1515,Traced,14566.0,-1,middle_feedback,,,,,cb_intrinsic
13272,GNG080,GNG080_R,R,glutamate,0.7697098255157471,996,2128,Traced,13272.0,-1,middle_feedback,,,,,cb_intrinsic
520466,DM2_lPN,DM2_lPN_R,R,acetylcholine,0.9487144947052002,2648,6034,Traced,11080.0,1,smell_pn,,,,,cb_intrinsic
12807,GNG029,GNG029_L,L,acetylcholine,0.947697937488556,753,3971,Traced,12807.0,1,middle_taste,,,,,cb_intrinsic
13075,mAL_m1,mAL_m1_R,R,gaba,0.517739474773407,771,1997,Traced,12287.0,-1,middle_court,,,,,cb_intrinsic
171120,ORN_DM2,ORN_DM2_R,R,acetylcholine,0.9509660005569458,204,262,Traced,,1,sense_smell,,,,,cb_sensory
23695,pC1_14a,pC1_14a_L,L,acetylcholine,0.9178036451339722,426,1372,Traced,23695.0,1,court_p1,,,,,cb_intrinsic
144505,DNg65,DNg65_L,L,unclear,0.4475769698619842,1578,2391,Traced,144505.0,0,middle_taste,,,,,descending_neuron
12120,AVLP316,AVLP316_R,R,acetylcholine,0.9531269073486328,763,7788,Traced,11320.0,1,middle_feedback,,,,,cb_intrinsic
14384,GNG552,GNG552_R,R,glutamate,0.5318371057510376,984,2709,Traced,14384.0,-1,middle_feedback,,,,,cb_intrinsic
214557957,ORN_DM2,ORN_DM2_L,L,acetylcholine,0.9391109347343444,136,186,Traced,,1,sense_smell,,,,,cb_sensory
12258,GNG125,GNG125_L,L,gaba,0.819918692111969,833,3947,Traced,12258.0,-1,middle_feedback,,,,,cb_intrinsic
14290,GNG186,GNG186_R,R,gaba,0.8847116231918335,651,2364,Traced,14290.0,-1,middle_feedback,,,,,cb_intrinsic
12230,GNG043,GNG043_L,L,histamine,0.4749870300292969,1928,3286,Traced,12230.0,0,middle_taste,,,,,cb_intrinsic
27252,Z_lvPNm1,Z_lvPNm1_L,L,acetylcholine,0.9096747636795044,536,954,Traced,24701.0,1,middle_feedback,,,,,cb_intrinsic
10230,SIP136m,SIP136m_R,R,acetylcholine,0.9556047916412354,3298,10525,Traced,10230.0,1,middle_feedback,,,,,cb_intrinsic
11338,PVLP140,PVLP140_L,L,gaba,0.8695645332336426,1906,7266,Traced,10986.0,-1,middle_feedback,,,,,cb_intrinsic
821708,LgLG8,LgLG8_L,L,unclear,0.538113534450531,86,109,Traced,,0,sense_touch,,,,,vnc_sensory
521453,pC1_6a,pC1_6a_L,L,acetylcholine,0.9419385194778442,384,911,Traced,20597.0,1,court_p1,,,,,cb_intrinsic
136183,LB3a,LB3a_L,L,acetylcholine,0.8518118262290955,189,291,Traced,,1,sense_taste,,,,,cb_sensory
25838,CB1165,CB1165_L,L,acetylcholine,0.9252403378486632,450,905,Traced,,1,middle_feedback,,,,,cb_intrinsic
24922,GNG409,GNG409_L,L,acetylcholine,0.947528600692749,249,1228,Traced,18343.0,1,middle_feedback,,,,,cb_intrinsic
21647,SIP121m,SIP121m_R,R,glutamate,0.6477221250534058,387,2843,Traced,12560.0,-1,middle_feedback,,,,,cb_intrinsic
30347,SIP142m,SIP142m_R,R,glutamate,0.8431861996650696,406,1060,Traced,24780.0,-1,middle_feedback,,,,,cb_intrinsic
16146,GNG582,GNG582_R,R,gaba,0.8473842144012451,811,2468,Traced,16146.0,-1,middle_feedback,,,,,cb_intrinsic
26782,VES206m,VES206m_L,L,acetylcholine,0.937574565410614,391,779,Traced,26469.0,1,middle_feedback,,,,,cb_intrinsic
11256,DNge040,DNge040_R,R,glutamate,0.716016948223114,1806,5773,Traced,10582.0,-1,middle_feedback,,,,,descending_neuron
11791,SIP104m,SIP104m_L,L,glutamate,0.6701332330703735,410,3016,Traced,11649.0,-1,middle_feedback,,,,,cb_intrinsic
37130,GNG446,GNG446_L,L,acetylcholine,0.8969840407371521,274,613,Traced,37130.0,1,middle_feedback,,,,,cb_intrinsic
18097,,18097_R,R,acetylcholine,0.8944998979568481,567,1779,Traced,18097.0,1,middle_feedback,,,,,cb_intrinsic
27072,AVLP743m,AVLP743m_R,R,unclear,0.4335969686508178,339,1043,Traced,17487.0,0,middle_feedback,,,,,cb_intrinsic
169187,ORN_VA2,ORN_VA2_L,L,acetylcholine,0.9579408764839172,231,270,Traced,,1,sense_smell,,,,,cb_sensory
523512,AVLP538,AVLP538_L,L,unclear,0.3452351987361908,5358,28160,Traced,10353.0,0,middle_feedback,,,,,cb_intrinsic
16801,AVLP471,AVLP471_L,L,glutamate,0.837581217288971,781,2439,Traced,14202.0,-1,middle_feedback,,,,,cb_intrinsic
115666,LB1a,LB1a_R,R,acetylcholine,0.6746644377708435,171,194,Traced,,1,sense_taste,,,,,cb_sensory
521747,GNG576,GNG576_L,L,glutamate,0.7728061676025391,1018,2973,Traced,14670.0,-1,middle_feedback,,,,,cb_intrinsic
1064786432,LgLG7,LgLG7_L,L,acetylcholine,0.5213700532913208,45,60,Traced,,1,sense_touch,,,,,vnc_sensory
15297,SMP193,SMP193_L,L,acetylcholine,0.8712084293365479,1103,1835,Traced,15297.0,1,middle_feedback,,,,,cb_intrinsic
296449,ORN_DM1,ORN_DM1_L,L,acetylcholine,0.955316126346588,150,181,Traced,,1,sense_smell,,,,,cb_sensory
26343,CL062_b3,CL062_b3_R,R,acetylcholine,0.8708348870277405,569,1507,Traced,26343.0,1,middle_feedback,,,,,cb_intrinsic
29759,mAL_m3c,mAL_m3c_R,R,gaba,0.7660183310508728,330,886,Traced,20335.0,-1,middle_court,,,,,cb_intrinsic
10588,AVLP710m,AVLP710m_R,R,gaba,0.8299246430397034,2722,9635,Traced,10588.0,-1,middle_court,,,,,cb_intrinsic
81596,GNG377,GNG377_L,L,acetylcholine,0.9692431092262268,354,830,Traced,27324.0,1,middle_feedback,,,,,cb_intrinsic
514297,GNG018,GNG018_R,R,acetylcholine,0.9327819347381592,879,6524,Traced,514297.0,1,middle_feedback,,,,,cb_intrinsic
13401,AVLP744m,AVLP744m_L,L,acetylcholine,0.9434573650360109,558,1758,Traced,13401.0,1,middle_feedback,,,,,cb_intrinsic
250249,ORN_VA2,ORN_VA2_R,R,acetylcholine,0.9394354224205016,55,68,Traced,,1,sense_smell,,,,,cb_sensory
12520,DNge028,DNge028_R,R,acetylcholine,0.9492039680480956,1707,3230,Traced,12520.0,1,middle_feedback,,,,,descending_neuron
157131,claw_tpGRN,claw_tpGRN_R,R,acetylcholine,0.745118260383606,173,174,Traced,,1,sense_taste,,,,,cb_sensory
10084,DP1m_adPN,DP1m_adPN_R,R,acetylcholine,0.9578179121017456,6712,18446,Traced,10084.0,1,smell_pn,,,,,cb_intrinsic
21038,GNG178,GNG178_L,L,gaba,0.8294767141342163,417,1923,Traced,14734.0,-1,middle_feedback,,,,,cb_intrinsic
16543,GNG213,GNG213_L,L,glutamate,0.821225643157959,1081,1796,Traced,16543.0,-1,middle_feedback,,,,,cb_intrinsic
17604,SIP109m,SIP109m_L,L,acetylcholine,0.937280774116516,674,2535,Traced,16906.0,1,middle_feedback,,,,,cb_intrinsic
520168,SLP212_c,SLP212_c_L,L,unclear,0.4257391095161438,923,3313,Traced,17114.0,0,middle_feedback,,,,,cb_intrinsic
10239,AOTU042,AOTU042_R,R,gaba,0.8664931058883667,3834,10079,Traced,10212.0,-1,middle_court,,,,,cb_intrinsic
10657,AVLP299_b,AVLP299_b_L,L,acetylcholine,0.9371057152748108,927,2336,Traced,10657.0,1,middle_feedback,,,,,cb_intrinsic
18382,VES203m,VES203m_L,L,acetylcholine,0.9539439082145692,467,1521,Traced,15694.0,1,middle_feedback,,,,,cb_intrinsic
15567,GNG578,GNG578_L,L,unclear,0.4182995855808258,999,3220,Traced,12806.0,0,middle_feedback,,,,,cb_intrinsic
70011,pC1_5b,pC1_5b_L,L,acetylcholine,0.9317180514335632,338,810,Traced,29143.0,1,court_p1,,,,,cb_intrinsic
22839,aIPg5,aIPg5_R,R,acetylcholine,0.9164385795593262,880,2160,Traced,16933.0,1,middle_feedback,,,,,cb_intrinsic
14178,GNG216,GNG216_R,R,acetylcholine,0.9583032727241516,649,1765,Traced,14178.0,1,middle_feedback,,,,,cb_intrinsic
16048,GNG125,GNG125_R,R,gaba,0.8467734456062317,815,4427,Traced,12258.0,-1,middle_feedback,,,,,cb_intrinsic
73405,GNG209,GNG209_L,L,acetylcholine,0.9361546635627748,628,1931,Traced,73405.0,1,middle_feedback,,,,,cb_intrinsic
16548,mAL_m2b,mAL_m2b_L,L,gaba,0.598114013671875,670,2893,Traced,16548.0,-1,middle_court,,,,,cb_intrinsic
528986,pC1_6a,pC1_6a_R,R,acetylcholine,0.9645465016365052,380,758,Traced,26543.0,1,court_p1,,,,,cb_intrinsic
22336,CL062_b2,CL062_b2_L,L,acetylcholine,0.9287033677101136,631,1537,Traced,22336.0,1,middle_feedback,,,,,cb_intrinsic
207430,ORN_DM1,ORN_DM1_R,R,acetylcholine,0.9327538013458252,231,302,Traced,,1,sense_smell,,,,,cb_sensory
13297,GNG081,GNG081_L,L,acetylcholine,0.8162095546722412,1386,2160,Traced,13297.0,1,middle_feedback,,,,,cb_intrinsic
806323,LgLG6,LgLG6_R,R,acetylcholine,0.8805850744247437,423,551,Traced,,1,sense_touch,,,,,vnc_sensory
13964,,,R,acetylcholine,0.8931528329849243,2659,2638,Traced,,1,middle_feedback,,,,,descending_neuron
808812,LgLG5,LgLG5_L,L,glutamate,0.7579109072685242,294,614,Traced,,-1,sense_touch,,,,,vnc_sensory
13560,M_lvPNm25,M_lvPNm25_R,R,acetylcholine,0.9453142285346984,560,1174,Traced,13560.0,1,smell_pn,,,,,cb_intrinsic
42494,M_lvPNm33,M_lvPNm33_L,L,acetylcholine,0.949621081352234,309,388,Traced,15746.0,1,smell_pn,,,,,cb_intrinsic
218745,ORN_DM1,ORN_DM1_R,R,acetylcholine,0.9399471282958984,223,309,Traced,,1,sense_smell,,,,,cb_sensory
16575,AVLP300_a,AVLP300_a_R,R,acetylcholine,0.9160616397857666,825,2014,Traced,11366.0,1,middle_feedback,,,,,cb_intrinsic
243595,ORN_DP1m,ORN_DP1m_L,L,acetylcholine,0.9147797226905824,550,724,Traced,,1,sense_smell,,,,,cb_sensory
24857,GNG092,GNG092_L,L,gaba,0.8682247400283813,1297,4294,Traced,10960.0,-1,middle_feedback,,,,,cb_intrinsic
15450,DNge057,DNge057_L,L,acetylcholine,0.9666435718536376,958,2235,Traced,15254.0,1,middle_feedback,,,,,descending_neuron
13460,GNG024,GNG024_R,R,gaba,0.8602803945541382,1197,6638,Traced,13460.0,-1,middle_feedback,,,,,cb_intrinsic
12498,GNG062,GNG062_L,L,gaba,0.8409413695335388,1021,2672,Traced,10492.0,-1,middle_feedback,,,,,cb_intrinsic
531277,SMP334,SMP334_L,L,acetylcholine,0.9322070479393004,684,1751,Traced,512899.0,1,middle_feedback,,,,,cb_intrinsic
19480,ANXXX462a,ANXXX462a_R,R,acetylcholine,0.902236819267273,828,2520,Traced,19480.0,1,middle_feedback,,,,,ascending_neuron
22570,PRW069,PRW069_R,R,acetylcholine,0.8726137280464172,910,1310,Traced,17853.0,1,middle_feedback,,,,,cb_intrinsic
529718,mAL_m3c,mAL_m3c_R,R,gaba,0.7421521544456482,283,676,Traced,20335.0,-1,middle_feedback,,,,,cb_intrinsic
67168,GNG183,GNG183_L,L,acetylcholine,0.8658156991004944,809,1618,Traced,49856.0,1,middle_feedback,,,,,cb_intrinsic
29670,GNG319,GNG319_R,R,gaba,0.6161186695098877,414,790,Traced,26832.0,-1,middle_feedback,,,,,cb_intrinsic
533044,GNG018,GNG018_L,L,acetylcholine,0.9339803457260132,976,6774,Traced,514297.0,1,middle_feedback,,,,,cb_intrinsic
85395,Z_lvPNm1,Z_lvPNm1_R,R,acetylcholine,0.9231449365615844,488,1168,Traced,24701.0,1,middle_feedback,,,,,cb_intrinsic
521748,GNG060,GNG060_L,L,unclear,0.3888435661792755,1787,2827,Traced,512266.0,0,middle_taste,,,,,cb_intrinsic
555292,GNG412,GNG412_L,L,acetylcholine,0.9308023452758788,265,824,Traced,28514.0,1,middle_feedback,,,,,cb_intrinsic
558825,GNG460,GNG460_R,R,gaba,0.8807404041290283,1124,2561,Traced,14044.0,-1,middle_feedback,,,,,cb_intrinsic
82328,ORN_DP1m,ORN_DP1m_L,L,acetylcholine,0.9258258938789368,694,945,Traced,,1,sense_smell,,,,,cb_sensory
183950,ORN_DM2,ORN_DM2_R,R,acetylcholine,0.9638597369194032,178,282,Traced,,1,sense_smell,,,,,cb_sensory
519753,SMP720m,SMP720m_R,R,gaba,0.8215100765228271,632,1870,Traced,519753.0,-1,middle_feedback,,,,,cb_intrinsic
524298,AN09B017b,AN09B017b_R,R,glutamate,0.9506638646125792,1653,2550,Traced,16747.0,-1,relay_vab3,,,,,ascending_neuron
14715,GNG191,GNG191_L,L,acetylcholine,0.8598602414131165,1778,1960,Traced,14715.0,1,middle_feedback,,,,,cb_intrinsic
50967,GNG233,GNG233_L,L,glutamate,0.6855742335319519,1053,1503,Traced,50967.0,-1,middle_feedback,,,,,cb_intrinsic
17251,mAL_m8,mAL_m8_L,L,gaba,0.6336790919303894,570,2193,Traced,13738.0,-1,middle_feedback,,,,,cb_intrinsic
32774,M_lvPNm33,M_lvPNm33_R,R,acetylcholine,0.9629010558128356,246,420,Traced,15746.0,1,smell_pn,,,,,cb_intrinsic
87497,pC1_18b,pC1_18b_L,L,acetylcholine,0.9107957482337952,1228,3631,Traced,15035.0,1,court_p1,,,,,cb_intrinsic
61957,SIP103m,SIP103m_L,L,glutamate,0.8320053815841675,550,1348,Traced,27918.0,-1,middle_feedback,,,,,cb_intrinsic
114239,LB2b,LB2b_R,R,unclear,0.6031057834625244,273,171,Traced,,0,sense_taste,,,,,cb_sensory
220200,pC1_13b,pC1_13b_R,R,acetylcholine,0.9341076016426086,525,1015,Traced,21538.0,1,court_p1,,,,,cb_intrinsic
46447,SIP100m,SIP100m_R,R,glutamate,0.816434919834137,384,1166,Traced,18172.0,-1,middle_feedback,,,,,cb_intrinsic
15247,,,L,acetylcholine,0.8382247090339661,929,2744,Traced,14773.0,1,middle_taste,,,,,cb_intrinsic
68114,ORN_DP1m,ORN_DP1m_R,R,acetylcholine,0.9337897300720216,758,1021,Traced,,1,sense_smell,,,,,cb_sensory
350383,ORN_DM4,ORN_DM4_R,R,acetylcholine,0.951071321964264,205,206,Traced,,1,sense_smell,,,,,cb_sensory
12777,GNG572,GNG572_L,L,unclear,0.7235844731330872,1543,3040,Traced,10385.0,0,middle_feedback,,,,,cb_intrinsic
516644,claw_tpGRN,claw_tpGRN_R,R,acetylcholine,0.8266245126724243,170,174,Traced,,1,sense_taste,,,,,cb_sensory
12256,DNge056,DNge056_R,R,acetylcholine,0.967723548412323,1523,5416,Traced,12256.0,1,middle_feedback,,,,,descending_neuron
12364,DNge080,DNge080_R,R,acetylcholine,0.9634013175964355,1967,4299,Traced,12364.0,1,middle_taste,,,,,descending_neuron
154359,LB1e,LB1e_L,L,acetylcholine,0.7926654815673828,234,323,Traced,,1,sense_taste,,,,,cb_sensory
16874,AVLP728m,AVLP728m_R,R,acetylcholine,0.9477999210357666,1116,2635,Traced,16874.0,1,middle_feedback,,,,,cb_intrinsic
514680,LH004m,LH004m_L,L,gaba,0.5466023683547974,607,1550,Traced,15598.0,-1,middle_feedback,,,,,cb_intrinsic
923024,LB4b,LB4b_R,R,acetylcholine,0.4301510155200958,146,113,Traced,,1,sense_taste,,,,,cb_sensory
36988,GNG319,GNG319_L,L,gaba,0.6674309968948364,337,671,Traced,26832.0,-1,middle_feedback,,,,,cb_intrinsic
17701,mAL_m2b,mAL_m2b_L,L,gaba,0.5422959923744202,605,2343,Traced,16548.0,-1,middle_feedback,,,,,cb_intrinsic
557937,LB1a,LB1a_L,L,acetylcholine,0.7618046402931213,150,184,Traced,,1,sense_taste,,,,,cb_sensory
519661,GNG142,GNG142_R,R,acetylcholine,0.8337681293487549,1079,3699,Traced,11844.0,1,middle_feedback,,,,,cb_intrinsic
35642,FLA001m,FLA001m_L,L,acetylcholine,0.926450788974762,482,881,Traced,14146.0,1,middle_court,,,,,cb_intrinsic
11765,DNge142,DNge142_R,R,gaba,0.8712962865829468,2889,4422,Traced,11765.0,-1,middle_feedback,,,,,descending_neuron
16944,GNG212,GNG212_R,R,acetylcholine,0.9121304750442504,897,1641,Traced,16944.0,1,middle_feedback,,,,,cb_intrinsic
35611,GNG239,GNG239_R,R,gaba,0.6237718462944031,326,1169,Traced,29109.0,-1,middle_feedback,,,,,cb_intrinsic
513162,GNG120,GNG120_L,L,acetylcholine,0.8979133367538452,1149,4595,Traced,10881.0,1,middle_taste,,,,,cb_intrinsic
14960,GNG401,GNG401_L,L,acetylcholine,0.9513444304466248,331,1279,Traced,14960.0,1,middle_feedback,,,,,cb_intrinsic
511900,mAL_m5c,mAL_m5c_R,R,gaba,0.6300637722015381,563,2313,Traced,13430.0,-1,middle_court,,,,,cb_intrinsic
13160,SIP108m,SIP108m_L,L,acetylcholine,0.9363005757331848,530,2740,Traced,13160.0,1,middle_feedback,,,,,cb_intrinsic
75730,PhG9,PhG9_R,R,acetylcholine,0.5735210180282593,849,739,Traced,55883.0,1,sense_taste,,,,,cb_sensory
21951,AVLP753m,AVLP753m_R,R,acetylcholine,0.8446730971336365,417,1536,Traced,21951.0,1,middle_feedback,,,,,cb_intrinsic
522465,SMP593,SMP593_L,L,gaba,0.8128206133842468,4331,8919,Traced,10707.0,-1,middle_feedback,,,,,cb_intrinsic
13235,AVLP720m,AVLP720m_L,L,acetylcholine,0.9584048986434937,1365,2813,Traced,13038.0,1,middle_feedback,,,,,cb_intrinsic
12268,GNG143,GNG143_R,R,acetylcholine,0.9535569548606871,1464,3646,Traced,12268.0,1,middle_feedback,,,,,cb_intrinsic
12125,AVLP029,AVLP029_R,R,gaba,0.7744687795639038,2545,7882,Traced,12125.0,-1,middle_feedback,,,,,cb_intrinsic
31451,GNG026,GNG026_R,R,gaba,0.864005446434021,1121,4380,Traced,12819.0,-1,middle_taste,,,,,cb_intrinsic
922590,ORN_DM1,ORN_DM1_L,L,acetylcholine,0.9514679312705994,250,295,Traced,,1,sense_smell,,,,,cb_sensory
513411,GNG568,GNG568_R,R,acetylcholine,0.937968909740448,844,1967,Traced,513411.0,1,middle_feedback,,,,,cb_intrinsic
240470,ORN_DM1,ORN_DM1_R,R,acetylcholine,0.9467987418174744,243,398,Traced,,1,sense_smell,,,,,cb_sensory
18268,AVLP744m,AVLP744m_R,R,acetylcholine,0.8903355598449707,540,2049,Traced,13401.0,1,middle_feedback,,,,,cb_intrinsic
36496,,,L,acetylcholine,0.9553009867668152,299,864,Traced,,1,middle_feedback,,,,,cb_intrinsic
530151,GNG453,GNG453_L,L,acetylcholine,0.875843346118927,323,1482,Traced,37921.0,1,middle_feedback,,,,,cb_intrinsic
270082,claw_tpGRN,claw_tpGRN_L,L,acetylcholine,0.7622292637825012,41,50,Traced,,1,sense_taste,,,,,cb_sensory
20770,GNG341,GNG341_R,R,acetylcholine,0.9527670741081238,661,1940,Traced,20770.0,1,middle_feedback,,,,,cb_intrinsic
12617,GNG588,GNG588_L,L,acetylcholine,0.9552974700927734,1198,3387,Traced,12617.0,1,middle_taste,,,,,cb_intrinsic
683472058,ORN_VA2,ORN_VA2_unknown,,acetylcholine,0.9102200865745544,30,21,Traced,,1,sense_smell,,,,,cb_sensory
512486,PhG8,PhG8_R,R,acetylcholine,0.7495271563529968,361,312,Traced,179773.0,1,sense_taste,,,,,cb_sensory
11519,mAL_m5b,mAL_m5b_R,R,gaba,0.6416258215904236,580,2418,Traced,11519.0,-1,middle_court,,,,,cb_intrinsic
13323,AVLP504,AVLP504_R,R,acetylcholine,0.961492955684662,880,3493,Traced,13323.0,1,middle_feedback,,,,,cb_intrinsic
26764,GNG108,GNG108_R,R,acetylcholine,0.9457651972770692,1306,7148,Traced,26764.0,1,middle_taste,,,,,cb_intrinsic
17103,AN09B017a,AN09B017a_R,R,glutamate,0.8180946111679077,1235,1191,Traced,17103.0,-1,relay_vab3,,,,,ascending_neuron
12337,SIP104m,SIP104m_L,L,glutamate,0.7329683899879456,367,2612,Traced,11649.0,-1,middle_feedback,,,,,cb_intrinsic
519297,pC1_2a,pC1_2a_R,R,acetylcholine,0.9560309648513794,570,1857,Traced,15329.0,1,court_p1,,,,,cb_intrinsic
555235,GNG508,GNG508_R,R,gaba,0.7373067140579224,743,1770,Traced,14916.0,-1,middle_feedback,,,,,cb_intrinsic
815589,LgLG6,LgLG6_R,R,acetylcholine,0.7828949093818665,243,303,Traced,,1,sense_touch,,,,,vnc_sensory
919429,LB1e,LB1e_L,L,acetylcholine,0.5871729254722595,45,62,Traced,,1,sense_taste,,,,,cb_sensory
12808,GNG043,GNG043_R,R,histamine,0.5219087600708008,1908,3044,Traced,12230.0,0,middle_taste,,,,,cb_intrinsic
37700,SIP146m,SIP146m_R,R,glutamate,0.7548251748085022,307,1444,Traced,22781.0,-1,middle_feedback,,,,,cb_intrinsic
529229,PhG15,PhG15_L,L,acetylcholine,0.7327706813812256,284,360,Traced,42028.0,1,sense_taste,,,,,cb_sensory
12935,GNG143,GNG143_L,L,acetylcholine,0.9614070057868958,1454,3228,Traced,12268.0,1,middle_feedback,,,,,cb_intrinsic
65272,SIP101m,SIP101m_L,L,glutamate,0.8461111783981323,634,1184,Traced,19121.0,-1,middle_feedback,,,,,cb_intrinsic
514546,LB1b,LB1b_R,R,unclear,0.4856395721435547,376,282,Traced,,0,sense_taste,,,,,cb_sensory
199196,LB3d,LB3d_R,R,acetylcholine,0.9519230127334596,85,156,Traced,,1,sense_taste,,,,,cb_sensory
15732,GNG198,GNG198_R,R,glutamate,0.8026427030563354,1234,2124,Traced,15732.0,-1,middle_feedback,,,,,cb_intrinsic
17416,AN05B102c,AN05B102c_L,L,acetylcholine,0.9530423283576964,2144,9333,Traced,17416.0,1,middle_feedback,,,,,ascending_neuron
520020,AVLP717m,AVLP717m_L,L,acetylcholine,0.956594467163086,1711,7200,Traced,11854.0,1,middle_court,,,,,cb_intrinsic
19073,GNG201,GNG201_R,R,gaba,0.79686039686203,804,2046,Traced,16037.0,-1,middle_taste,,,,,cb_intrinsic
684077918,PhG2,PhG2_L,L,acetylcholine,0.4957241415977478,160,61,Traced,128051.0,1,sense_taste,,,,,cb_sensory
210364,ORN_DM1,ORN_DM1_R,R,acetylcholine,0.9543774127960204,238,283,Traced,,1,sense_smell,,,,,cb_sensory
15933,GNG350,GNG350_L,L,gaba,0.4545091092586517,728,1618,Traced,15933.0,-1,middle_taste,,,,,cb_intrinsic
15812,GNG176,GNG176_L,L,acetylcholine,0.7973552346229553,884,2482,Traced,15500.0,1,middle_feedback,,,,,cb_intrinsic
18017,pC1_3c,pC1_3c_L,L,acetylcholine,0.9609281420707704,843,2012,Traced,18017.0,1,court_p1,,,,,cb_intrinsic
13337,AN08B020,AN08B020_L,L,acetylcholine,0.9314589500427246,2176,2432,Traced,13337.0,1,middle_feedback,,,,,ascending_neuron
804864,LgLG6,LgLG6_L,L,acetylcholine,0.934211492538452,527,608,Traced,,1,sense_touch,,,,,vnc_sensory
514035,GNG537,GNG537_R,R,acetylcholine,0.9615759253501892,885,1795,Traced,514035.0,1,middle_feedback,,,,,cb_intrinsic
515541,mAL_m3a,mAL_m3a_L,L,unclear,0.5233858823776245,433,856,Traced,84395.0,0,middle_court,,,,,cb_intrinsic
14932,GNG076,GNG076_R,R,acetylcholine,0.9228146076202391,1194,2047,Traced,14932.0,1,middle_feedback,,,,,cb_intrinsic
555304,GNG050,GNG050_R,R,acetylcholine,0.9067986011505128,857,3432,Traced,58896.0,1,middle_feedback,,,,,cb_intrinsic
512794,GNG157,GNG157_L,L,unclear,0.5137437582015991,882,2451,Traced,16049.0,0,middle_feedback,,,,,cb_intrinsic
20815,GNG393,GNG393_R,R,gaba,0.8208378553390503,324,1512,Traced,20815.0,-1,middle_taste,,,,,cb_intrinsic
11097,DNge067,DNge067_L,L,gaba,0.826576292514801,1551,2644,Traced,11097.0,-1,middle_taste,,,,,descending_neuron
18172,SIP100m,SIP100m_R,R,glutamate,0.8039084672927856,426,1385,Traced,18172.0,-1,middle_feedback,,,,,cb_intrinsic
792429427,LB1e,LB1e_R,R,acetylcholine,0.6022301912307739,52,63,Traced,,1,sense_taste,,,,,cb_sensory
58786,pC1_16b,pC1_16b_R,R,acetylcholine,0.9150450825691224,406,713,Traced,26833.0,1,court_p1,,,,,cb_intrinsic
513129,pC1_8b,pC1_8b_L,L,acetylcholine,0.9536415338516236,597,1318,Traced,30391.0,1,court_p1,,,,,cb_intrinsic
180317,ORN_DM1,ORN_DM1_L,L,acetylcholine,0.9444315433502196,224,306,Traced,,1,sense_smell,,,,,cb_sensory
556359,GNG511,GNG511_L,L,gaba,0.8115842938423157,1522,6189,Traced,536488.0,-1,middle_feedback,,,,,cb_intrinsic
519365,VES092,VES092_L,L,gaba,0.825123131275177,2423,11722,Traced,519365.0,-1,middle_feedback,,,,,cb_intrinsic
512455,SMP729m,SMP729m_L,L,glutamate,0.8494117856025696,1465,3947,Traced,512455.0,-1,middle_feedback,,,,,cb_intrinsic
513651,pC1_7b,pC1_7b_L,L,acetylcholine,0.95546293258667,603,1249,Traced,43592.0,1,court_p1,,,,,cb_intrinsic
809798,LgLG1a,LgLG1a_R,R,acetylcholine,0.9287066459655762,274,248,Traced,,1,sense_touch,,,,,vnc_sensory
18990,pC1_11a,pC1_11a_L,L,acetylcholine,0.9626877903938292,966,3032,Traced,13495.0,1,court_p1,,,,,cb_intrinsic
723961295,LB2b,LB2b_L,L,unclear,0.711290717124939,186,60,Traced,,0,sense_taste,,,,,cb_sensory
44196,GNG360,GNG360_L,L,acetylcholine,0.939948320388794,223,604,Traced,44196.0,1,middle_taste,,,,,cb_intrinsic
12804,GNG027,GNG027_L,L,gaba,0.8714841604232788,727,4062,Traced,12804.0,-1,middle_taste,,,,,cb_intrinsic
41226,GNG421,GNG421_R,R,acetylcholine,0.8133718967437744,276,885,Traced,35644.0,1,middle_feedback,,,,,cb_intrinsic
514907,GNG083,GNG083_L,L,gaba,0.8251273036003113,803,1517,Traced,19643.0,-1,middle_feedback,,,,,cb_intrinsic
563826,ORN_DM2,ORN_DM2_R,R,acetylcholine,0.9653633236885072,207,285,Traced,,1,sense_smell,,,,,cb_sensory
519902,mAL_m5a,mAL_m5a_L,L,gaba,0.6953608393669128,506,2186,Traced,10405.0,-1,middle_court,,,,,cb_intrinsic
210853,ORN_VA2,ORN_VA2_R,R,acetylcholine,0.9533910155296326,227,274,Traced,,1,sense_smell,,,,,cb_sensory
818937,LgLG5,LgLG5_R,R,glutamate,0.5715026259422302,111,235,Traced,,-1,sense_touch,,,,,vnc_sensory
27724,GNG328,GNG328_L,L,glutamate,0.7540335059165955,783,904,Traced,13859.0,-1,middle_feedback,,,,,cb_intrinsic
512730,GNG089,GNG089_L,L,acetylcholine,0.9110291004180908,822,5107,Traced,512730.0,1,middle_taste,,,,,cb_intrinsic
515275,SIP124m,SIP124m_L,L,glutamate,0.7456803917884827,275,2147,Traced,22697.0,-1,middle_feedback,,,,,cb_intrinsic
521764,PVLP206m,PVLP206m_L,L,acetylcholine,0.9533037543296814,679,1496,Traced,26952.0,1,middle_feedback,,,,,cb_intrinsic
173912,ORN_VA2,ORN_VA2_R,R,acetylcholine,0.9605419635772704,205,283,Traced,,1,sense_smell,,,,,cb_sensory
23513,AN05B035,AN05B035_L,L,gaba,0.8342831134796143,1578,4797,Traced,23513.0,-1,middle_feedback,,,,,ascending_neuron
14016,AN08B020,AN08B020_R,R,acetylcholine,0.9509636759757996,2162,2430,Traced,13337.0,1,middle_feedback,,,,,ascending_neuron
221939,SIP113m,SIP113m_R,R,glutamate,0.7821340560913086,319,1085,Traced,56590.0,-1,middle_feedback,,,,,cb_intrinsic
28972,pC1_15b,pC1_15b_L,L,acetylcholine,0.9113620519638062,566,1753,Traced,25690.0,1,court_p1,,,,,cb_intrinsic
512355,SMP548,SMP548_L,L,acetylcholine,0.9003052115440369,2005,6903,Traced,512355.0,1,middle_feedback,,,,,cb_intrinsic
340841530,ORN_DP1m,ORN_DP1m_L,L,acetylcholine,0.8741898536682129,222,264,Traced,,1,sense_smell,,,,,cb_sensory
20709,AVLP744m,AVLP744m_L,L,acetylcholine,0.9373734593391418,623,1848,Traced,13401.0,1,middle_feedback,,,,,cb_intrinsic
186942,ORN_DM2,ORN_DM2_R,R,acetylcholine,0.969726860523224,194,276,Traced,,1,sense_smell,,,,,cb_sensory
20823,LH006m,LH006m_L,L,acetylcholine,0.8898547887802124,445,1174,Traced,20823.0,1,middle_feedback,,,,,cb_intrinsic
499769368,ORN_DM1,ORN_DM1_L,L,acetylcholine,0.9584400653839112,119,196,Traced,,1,sense_smell,,,,,cb_sensory
46337,GNG249,GNG249_R,R,gaba,0.739984929561615,345,1121,Traced,22136.0,-1,middle_feedback,,,,,cb_intrinsic
15146,GNG052,GNG052_L,L,glutamate,0.6749881505966187,1402,2953,Traced,14346.0,-1,middle_feedback,,,,,cb_intrinsic
25542,pC1_7a,pC1_7a_R,R,acetylcholine,0.9634649753570556,775,1161,Traced,25542.0,1,court_p1,,,,,cb_intrinsic
15321,GNG042,GNG042_L,L,gaba,0.86881422996521,614,3587,Traced,15321.0,-1,middle_taste,,,,,cb_intrinsic
34409,SIP145m,SIP145m_L,L,glutamate,0.7964329719543457,522,1221,Traced,22848.0,-1,middle_feedback,,,,,cb_intrinsic
21902,AVLP753m,AVLP753m_R,R,acetylcholine,0.9347867369651794,437,2023,Traced,21902.0,1,middle_feedback,,,,,cb_intrinsic
521126,CL248,CL248_L,L,gaba,0.8388999104499817,2148,6586,Traced,11311.0,-1,middle_feedback,,,,,cb_intrinsic
48344,SIP123m,SIP123m_R,R,glutamate,0.7479351162910461,443,2050,Traced,48344.0,-1,middle_feedback,,,,,cb_intrinsic
532435,SIP141m,SIP141m_R,R,glutamate,0.723333477973938,358,1473,Traced,23680.0,-1,middle_feedback,,,,,cb_intrinsic
16181,GNG135,GNG135_R,R,acetylcholine,0.5923985242843628,929,3762,Traced,16181.0,1,middle_taste,,,,,cb_intrinsic
59789,,,L,acetylcholine,0.9335573315620422,259,1060,Traced,15277.0,1,middle_feedback,,,,,cb_intrinsic
802014155,ORN_DM1,ORN_DM1_L,L,acetylcholine,0.9444605708122252,64,107,Traced,,1,sense_smell,,,,,cb_sensory
20839,GNG237,GNG237_L,L,acetylcholine,0.8981077671051025,455,1282,Traced,19874.0,1,middle_feedback,,,,,cb_intrinsic
13099,GNG292,GNG292_R,R,gaba,0.7384918928146362,697,2487,Traced,13099.0,-1,middle_feedback,,,,,cb_intrinsic
523516,GNG467,GNG467_L,L,acetylcholine,0.9029939770698548,783,2577,Traced,11248.0,1,middle_feedback,,,,,cb_intrinsic
807918,LgLG6,LgLG6_R,R,acetylcholine,0.7947751879692078,421,532,Traced,,1,sense_touch,,,,,vnc_sensory
12829,PVLP211m_c,PVLP211m_c_L,L,acetylcholine,0.972123086452484,1117,2766,Traced,12829.0,1,middle_feedback,,,,,cb_intrinsic
21190,CB1852,CB1852_R,R,acetylcholine,0.9607838988304138,696,3378,Traced,,1,middle_feedback,,,,,cb_intrinsic
14418,PVLP211m_a,PVLP211m_a_L,L,acetylcholine,0.9641782641410828,920,1932,Traced,10983.0,1,middle_feedback,,,,,cb_intrinsic
11998,AN09B017f,AN09B017f_R,R,glutamate,0.9421838521957396,2026,1896,Traced,11998.0,-1,relay_vab3,,,,,ascending_neuron
12319,GNG088,GNG088_L,L,gaba,0.8467410206794739,1350,7616,Traced,11710.0,-1,middle_taste,,,,,cb_intrinsic
907638584,ORN_VA2,ORN_VA2_L,L,acetylcholine,0.9548308253288268,195,188,Traced,,1,sense_smell,,,,,cb_sensory
14566,GNG231,GNG231_R,R,glutamate,0.7979893684387207,929,1294,Traced,14566.0,-1,middle_feedback,,,,,cb_intrinsic
276359,ORN_VA2,ORN_VA2_L,L,acetylcholine,0.9632863402366638,339,407,Traced,,1,sense_smell,,,,,cb_sensory
809521,LgLG5,LgLG5_R,R,glutamate,0.6833640933036804,292,576,Traced,,-1,sense_touch,,,,,vnc_sensory
522752,LB1b,LB1b_R,R,unclear,0.5150964260101318,379,217,Traced,,0,sense_taste,,,,,cb_sensory
71925,ORN_DP1m,ORN_DP1m_L,L,acetylcholine,0.9254443645477296,728,991,Traced,,1,sense_smell,,,,,cb_sensory
105395,ORN_DM1,ORN_DM1_L,L,acetylcholine,0.9417294263839722,235,277,Traced,,1,sense_smell,,,,,cb_sensory
557380,AVLP753m,AVLP753m_L,L,acetylcholine,0.6738667488098145,415,1285,Traced,22720.0,1,middle_feedback,,,,,cb_intrinsic
189605,ORN_DM1,ORN_DM1_R,R,acetylcholine,0.9633538722991944,256,327,Traced,,1,sense_smell,,,,,cb_sensory
17114,SLP212_c,SLP212_c_R,R,unclear,0.3312398493289947,928,3609,Traced,17114.0,0,middle_feedback,,,,,cb_intrinsic
16691,GNG452,GNG452_L,L,gaba,0.8304383754730225,353,1080,Traced,16331.0,-1,middle_taste,,,,,cb_intrinsic
12901,GNG557,GNG557_L,L,acetylcholine,0.9245573878288268,1582,2638,Traced,12595.0,1,middle_feedback,,,,,cb_intrinsic
30288,CB1165,CB1165_R,R,acetylcholine,0.9072539806365968,531,872,Traced,,1,middle_feedback,,,,,cb_intrinsic
184729,ORN_VA2,ORN_VA2_R,R,acetylcholine,0.9624056220054626,236,343,Traced,,1,sense_smell,,,,,cb_sensory
21591,SIP104m,SIP104m_R,R,glutamate,0.6621379852294922,403,3485,Traced,11649.0,-1,middle_feedback,,,,,cb_intrinsic
46508,AVLP715m,AVLP715m_L,L,acetylcholine,0.937530755996704,573,2475,Traced,19013.0,1,middle_feedback,,,,,cb_intrinsic
14346,GNG052,GNG052_R,R,glutamate,0.7472521066665649,1373,3161,Traced,14346.0,-1,middle_feedback,,,,,cb_intrinsic
532767,ORN_DP1m,ORN_DP1m_L,L,acetylcholine,0.8958441019058228,639,877,Traced,,1,sense_smell,,,,,cb_sensory
36316,GNG134,GNG134_R,R,acetylcholine,0.9221506714820862,1677,3758,Traced,12563.0,1,middle_taste,,,,,cb_intrinsic
12955,GNG158,GNG158_R,R,acetylcholine,0.7022902965545654,1020,3118,Traced,12877.0,1,middle_feedback,,,,,cb_intrinsic
181166,ORN_DM4,ORN_DM4_R,R,acetylcholine,0.9638871550559998,179,218,Traced,,1,sense_smell,,,,,cb_sensory
44816,LB1e,LB1e_R,R,acetylcholine,0.5074182748794556,432,489,Traced,,1,sense_taste,,,,,cb_sensory
524123,SIP140m,SIP140m_L,L,glutamate,0.6913950443267822,362,1496,Traced,524123.0,-1,middle_feedback,,,,,cb_intrinsic
555295,GNG513,GNG513_L,L,acetylcholine,0.869105875492096,688,3356,Traced,36216.0,1,middle_feedback,,,,,cb_intrinsic
907867,LgLG1a,LgLG1a_R,R,acetylcholine,0.7455635070800781,106,109,Traced,,1,sense_touch,,,,,vnc_sensory
10160,DNg90,DNg90_L,L,gaba,0.884382426738739,2253,5328,Traced,10160.0,-1,middle_feedback,,,,,descending_neuron
17192,aIPg_m1,aIPg_m1_R,R,acetylcholine,0.9530026912689208,1159,2045,Traced,17192.0,1,middle_feedback,,,,,cb_intrinsic
120627,ORN_VA2,ORN_VA2_R,R,acetylcholine,0.9441826343536376,254,267,Traced,,1,sense_smell,,,,,cb_sensory
809352,LgLG5,LgLG5_L,L,glutamate,0.7241162061691284,296,507,Traced,,-1,sense_touch,,,,,vnc_sensory
16093,GNG640,GNG640_R,R,acetylcholine,0.7261090874671936,1475,2665,Traced,15051.0,1,middle_feedback,,,,,cb_intrinsic
178913,LB3a,LB3a_L,L,acetylcholine,0.7754773497581482,136,110,Traced,,1,sense_taste,,,,,cb_sensory
192172,dorsal_tpGRN,dorsal_tpGRN_L,L,acetylcholine,0.6675689816474915,293,115,Traced,129802.0,1,sense_taste,,,,,cb_sensory
15618,mAL_m3b,mAL_m3b_R,R,unclear,0.4414226710796356,285,752,Traced,11147.0,0,middle_feedback,,,,,cb_intrinsic
17589,AVLP734m,AVLP734m_R,R,gaba,0.8401401042938232,567,1742,Traced,12889.0,-1,middle_feedback,,,,,cb_intrinsic
10707,SMP593,SMP593_R,R,gaba,0.816511869430542,3947,8886,Traced,10707.0,-1,middle_feedback,,,,,cb_intrinsic
807634,LgLG6,LgLG6_R,R,acetylcholine,0.8054991960525513,350,421,Traced,,1,sense_touch,,,,,vnc_sensory
19121,SIP101m,SIP101m_R,R,glutamate,0.7932406663894653,559,1400,Traced,19121.0,-1,middle_feedback,,,,,cb_intrinsic
536488,GNG511,GNG511_R,R,gaba,0.8613921403884888,1486,6793,Traced,536488.0,-1,middle_feedback,,,,,cb_intrinsic
526086,SIP145m,SIP145m_R,R,glutamate,0.7811514139175415,505,1311,Traced,22848.0,-1,middle_feedback,,,,,cb_intrinsic
149384,claw_tpGRN,claw_tpGRN_R,R,acetylcholine,0.7405550479888916,182,201,Traced,,1,sense_taste,,,,,cb_sensory
808825,LgLG5,LgLG5_L,L,glutamate,0.6155681610107422,295,635,Traced,,-1,sense_touch,,,,,vnc_sensory
524428,GNG318,GNG318_L,L,acetylcholine,0.9218732118606568,275,778,Traced,14125.0,1,middle_feedback,,,,,cb_intrinsic
10964,GNG115,GNG115_R,R,gaba,0.8434460759162903,881,4646,Traced,10964.0,-1,middle_feedback,,,,,cb_intrinsic
108777,SIP147m,SIP147m_R,R,glutamate,0.7830682396888733,394,1252,Traced,50620.0,-1,middle_feedback,,,,,cb_intrinsic
18066,AVLP718m,AVLP718m_R,R,acetylcholine,0.9614429473876952,584,1420,Traced,16767.0,1,middle_court,,,,,cb_intrinsic
53553,GNG403,GNG403_R,R,gaba,0.7837045192718506,676,1621,Traced,53553.0,-1,middle_feedback,,,,,cb_intrinsic
519419,AVLP729m,AVLP729m_L,L,acetylcholine,0.930292785167694,567,1687,Traced,13665.0,1,middle_feedback,,,,,cb_intrinsic
10126,DP1m_adPN,DP1m_adPN_L,L,acetylcholine,0.9604547023773192,7135,17405,Traced,10084.0,1,smell_pn,,,,,cb_intrinsic
180465,ORN_VA2,ORN_VA2_R,R,acetylcholine,0.9476829171180724,251,272,Traced,,1,sense_smell,,,,,cb_sensory
162611,ORN_DM1,ORN_DM1_L,L,acetylcholine,0.9551355838775636,198,300,Traced,,1,sense_smell,,,,,cb_sensory
568134,AVLP753m,AVLP753m_L,L,acetylcholine,0.9390443563461304,408,1566,Traced,21951.0,1,middle_feedback,,,,,cb_intrinsic
31789,GNG412,GNG412_R,R,acetylcholine,0.8435763120651245,251,809,Traced,28514.0,1,middle_feedback,,,,,cb_intrinsic
30699,pC1_10b,pC1_10b_R,R,acetylcholine,0.9478616118431092,505,1432,Traced,26153.0,1,court_p1,,,,,cb_intrinsic
15329,pC1_2a,pC1_2a_R,R,acetylcholine,0.9612227082252502,575,1699,Traced,15329.0,1,court_p1,,,,,cb_intrinsic
17530,CL123_d,CL123_d_R,R,acetylcholine,0.9446628093719482,516,1710,Traced,17530.0,1,middle_feedback,,,,,cb_intrinsic
13701,mAL_m6,mAL_m6_R,R,unclear,0.4757577180862427,340,678,Traced,13701.0,0,middle_feedback,,,,,cb_intrinsic
557092,PhG1c,PhG1c_R,R,acetylcholine,0.8577272295951843,910,683,Traced,86931.0,1,sense_taste,,,,,cb_sensory
16151,GNG040,GNG040_R,R,acetylcholine,0.9072932600975036,1924,3526,Traced,16151.0,1,middle_feedback,,,,,cb_intrinsic
25746,pC1_16b,pC1_16b_R,R,acetylcholine,0.9168336987495422,502,1378,Traced,25746.0,1,court_p1,,,,,cb_intrinsic
70815,pC1_17a,pC1_17a_L,L,acetylcholine,0.9340349435806274,857,1518,Traced,22818.0,1,court_p1,,,,,cb_intrinsic
517916,LB2c,LB2c_L,L,acetylcholine,0.8219209313392639,209,187,Traced,,1,sense_taste,,,,,cb_sensory
18038,SMP333,SMP333_R,R,acetylcholine,0.8966111540794373,782,2252,Traced,18038.0,1,middle_feedback,,,,,cb_intrinsic
14506,M_lvPNm24,M_lvPNm24_L,L,acetylcholine,0.9487042427062988,1079,1628,Traced,12471.0,1,smell_pn,,,,,cb_intrinsic
17195,GNG189,GNG189_L,L,gaba,0.8119157552719116,683,1454,Traced,14130.0,-1,middle_feedback,,,,,cb_intrinsic
803619,vPR9_c,vPR9_c_M,M,gaba,0.7951570749282837,587,2583,Traced,,-1,middle_feedback,,,,,vnc_intrinsic
123968,ORN_DM4,ORN_DM4_R,R,acetylcholine,0.9283342957496644,209,197,Traced,,1,sense_smell,,,,,cb_sensory
66610,pC1_16b,pC1_16b_R,R,acetylcholine,0.922924816608429,580,1447,Traced,66610.0,1,court_p1,,,,,cb_intrinsic
22026,M_vPNml52,M_vPNml52_L,L,gaba,0.759903609752655,262,860,Traced,22026.0,-1,smell_pn,,,,,cb_intrinsic
524604,GNG080,GNG080_L,L,glutamate,0.751876950263977,973,2072,Traced,13272.0,-1,middle_feedback,,,,,cb_intrinsic
853982,LgLG6,LgLG6_L,L,acetylcholine,0.8019900321960449,45,60,Traced,,1,sense_touch,,,,,vnc_sensory
646393090,claw_tpGRN,claw_tpGRN_L,L,acetylcholine,0.8813228607177734,83,89,Traced,,1,sense_taste,,,,,cb_sensory
81985,AVLP728m,AVLP728m_L,L,acetylcholine,0.9410415887832642,835,2274,Traced,81985.0,1,middle_feedback,,,,,cb_intrinsic
515743,SIP116m,SIP116m_L,L,glutamate,0.7647753953933716,621,1333,Traced,16857.0,-1,middle_feedback,,,,,cb_intrinsic
11366,AVLP300_a,AVLP300_a_L,L,acetylcholine,0.9083924889564514,978,1521,Traced,11366.0,1,middle_feedback,,,,,cb_intrinsic
59527,pC1_16a,pC1_16a_R,R,acetylcholine,0.912998616695404,612,1431,Traced,23789.0,1,court_p1,,,,,cb_intrinsic
23924,pC1_13b,pC1_13b_L,L,acetylcholine,0.9316946864128112,563,1035,Traced,21538.0,1,court_p1,,,,,cb_intrinsic
237355379,ORN_VA2,ORN_VA2_unknown,,acetylcholine,0.9498809576034546,156,171,Traced,,1,sense_smell,,,,,cb_sensory
525423,AVLP728m,AVLP728m_R,R,acetylcholine,0.942562997341156,874,2325,Traced,81985.0,1,middle_feedback,,,,,cb_intrinsic
14955,GNG136,GNG136_L,L,acetylcholine,0.928974986076355,1081,3426,Traced,12073.0,1,middle_feedback,,,,,cb_intrinsic
522762,LB1b,LB1b_R,R,unclear,0.5860389471054077,361,293,Traced,,0,sense_taste,,,,,cb_sensory
11799,AVLP715m,AVLP715m_L,L,acetylcholine,0.9459447860717772,539,2216,Traced,11799.0,1,middle_feedback,,,,,cb_intrinsic
85806,LB3c,LB3c_L,L,acetylcholine,0.9220219254493712,294,444,Traced,,1,sense_taste,,,,,cb_sensory
17867,pC1_4b,pC1_4b_L,L,acetylcholine,0.9642058610916138,1014,2439,Traced,16719.0,1,court_p1,,,,,cb_intrinsic
187949,ORN_DM1,ORN_DM1_R,R,acetylcholine,0.9668487310409546,246,372,Traced,,1,sense_smell,,,,,cb_sensory
173010,claw_tpGRN,claw_tpGRN_L,L,acetylcholine,0.8430103063583374,147,151,Traced,,1,sense_taste,,,,,cb_sensory
10662,DNge003,DNge003_L,L,acetylcholine,0.9501609206199646,2053,5214,Traced,10662.0,1,middle_feedback,,,,,descending_neuron
10916,CRE021,CRE021_L,L,gaba,0.8428569436073303,2950,9961,Traced,10635.0,-1,middle_court,,,,,cb_intrinsic
524747,pC1_2a,pC1_2a_L,L,acetylcholine,0.9562336802482604,629,1415,Traced,15329.0,1,court_p1,,,,,cb_intrinsic
811864,LgLG7,LgLG7_L,L,acetylcholine,0.8000428080558777,228,199,Traced,,1,sense_touch,,,,,vnc_sensory
524606,GNG091,GNG091_R,R,gaba,0.8647942543029785,927,6201,Traced,11274.0,-1,middle_feedback,,,,,cb_intrinsic
89638,GNG232,GNG232_L,L,acetylcholine,0.9348206520080566,486,1598,Traced,31018.0,1,middle_taste,,,,,cb_intrinsic
15302,GNG063,GNG063_R,R,gaba,0.8514381051063538,626,2723,Traced,15302.0,-1,middle_feedback,,,,,cb_intrinsic
15657,GNG079,GNG079_L,L,acetylcholine,0.794126570224762,965,2135,Traced,15657.0,1,middle_taste,,,,,cb_intrinsic
34191,GNG319,GNG319_L,L,gaba,0.5059584379196167,397,820,Traced,26832.0,-1,middle_feedback,,,,,cb_intrinsic
813471,LgLG5,LgLG5_R,R,glutamate,0.5223974585533142,207,369,Traced,,-1,sense_touch,,,,,vnc_sensory
538117,LB4b,LB4b_R,R,acetylcholine,0.8799456357955933,184,327,Traced,,1,sense_taste,,,,,cb_sensory
555751,pC1_9a,pC1_9a_R,R,acetylcholine,0.947827160358429,649,1745,Traced,15876.0,1,court_p1,,,,,cb_intrinsic
13823,GNG173,GNG173_L,L,gaba,0.882104754447937,713,2415,Traced,13823.0,-1,middle_feedback,,,,,cb_intrinsic
18276,pC1_10a,pC1_10a_L,L,acetylcholine,0.9553447365760804,701,2126,Traced,18276.0,1,court_p1,,,,,cb_intrinsic
525452,AVLP710m,AVLP710m_L,L,gaba,0.8389460444450378,2638,8883,Traced,10588.0,-1,middle_court,,,,,cb_intrinsic
90681,SMP723m,SMP723m_R,R,glutamate,0.8553027510643005,372,714,Traced,90681.0,-1,middle_feedback,,,,,cb_intrinsic
523983,GNG048,GNG048_L,L,gaba,0.8368338942527771,709,2997,Traced,14210.0,-1,middle_taste,,,,,cb_intrinsic
68624,pC1_19,pC1_19_L,L,acetylcholine,0.9321373105049132,387,523,Traced,68624.0,1,court_p1,,,,,cb_intrinsic
14782,SIP137m_b,SIP137m_b_L,L,acetylcholine,0.9595248103141784,830,2128,Traced,14782.0,1,middle_feedback,,,,,cb_intrinsic
13115,GNG510,GNG510_R,R,acetylcholine,0.624698281288147,1833,4548,Traced,13115.0,1,middle_taste,,,,,cb_intrinsic
46570,pC1_14b,pC1_14b_L,L,acetylcholine,0.8450419306755066,508,1249,Traced,25740.0,1,court_p1,,,,,cb_intrinsic
373875,ORN_DM4,ORN_DM4_L,L,acetylcholine,0.9054614901542664,196,190,Traced,,1,sense_smell,,,,,cb_sensory
14333,GNG137,GNG137_R,R,unclear,0.6241956353187561,1187,2741,Traced,10557.0,0,middle_feedback,,,,,cb_intrinsic
497471,ORN_DM2,ORN_DM2_L,L,acetylcholine,0.9747326970100404,108,126,Traced,,1,sense_smell,,,,,cb_sensory
148445,ORN_VA2,ORN_VA2_L,L,acetylcholine,0.9172065854072572,236,329,Traced,,1,sense_smell,,,,,cb_sensory
564451,ORN_DM1,ORN_DM1_L,L,acetylcholine,0.961628258228302,222,330,Traced,,1,sense_smell,,,,,cb_sensory
305105,aIPg_m2,aIPg_m2_R,R,acetylcholine,0.9530397057533264,938,1936,Traced,305105.0,1,middle_feedback,,,,,cb_intrinsic
10988,AVLP712m,AVLP712m_R,R,glutamate,0.7576296329498291,2402,7274,Traced,10988.0,-1,middle_court,,,,,cb_intrinsic
11833,AVLP751m,AVLP751m_R,R,acetylcholine,0.9586939215660096,1874,4206,Traced,11833.0,1,middle_feedback,,,,,cb_intrinsic
810049,LgLG8,LgLG8_L,L,unclear,0.41301429271698,325,480,Traced,,0,sense_touch,,,,,vnc_sensory
204564,ORN_DM4,ORN_DM4_R,R,acetylcholine,0.9352895617485046,246,255,Traced,,1,sense_smell,,,,,cb_sensory
12474,GNG025,GNG025_R,R,gaba,0.8693481087684631,1122,5056,Traced,12474.0,-1,middle_feedback,,,,,cb_intrinsic
16941,GNG365,GNG365_R,R,gaba,0.7823731303215027,644,2157,Traced,16941.0,-1,middle_feedback,,,,,cb_intrinsic
518309,DNpe007,DNpe007(hb1343489608)_R,R,acetylcholine,0.9085907936096193,1581,2950,Traced,11201.0,1,middle_feedback,,,,,descending_neuron
513313,mAL_m8,mAL_m8_R,R,gaba,0.5830488204956055,401,876,Traced,19128.0,-1,middle_feedback,,,,,cb_intrinsic
17233,GNG139,GNG139_L,L,gaba,0.8079679608345032,1199,3439,Traced,12757.0,-1,middle_feedback,,,,,cb_intrinsic
198139,ORN_VA2,ORN_VA2_L,L,acetylcholine,0.9297705888748168,259,266,Traced,,1,sense_smell,,,,,cb_sensory
13171,CL144,CL144_R,R,glutamate,0.792431652545929,1676,3096,Traced,13171.0,-1,middle_feedback,,,,,cb_intrinsic
10241,AVLP001,AVLP001_R,R,gaba,0.8573102355003357,5342,48481,Traced,10224.0,-1,middle_feedback,,,,,cb_intrinsic
29214,pC1_14a,pC1_14a_R,R,acetylcholine,0.8823214769363403,430,997,Traced,29214.0,1,court_p1,,,,,cb_intrinsic
32931,GNG392,GNG392_L,L,acetylcholine,0.9667189717292786,242,1035,Traced,32931.0,1,middle_feedback,,,,,cb_intrinsic
35918,mAL_m3c,mAL_m3c_L,L,gaba,0.7434222102165222,214,512,Traced,20335.0,-1,middle_feedback,,,,,cb_intrinsic
22346,AVLP743m,AVLP743m_L,L,unclear,0.468037486076355,512,1533,Traced,19109.0,0,middle_court,,,,,cb_intrinsic
518776,GNG271,GNG271_L,L,acetylcholine,0.945816934108734,469,646,Traced,30373.0,1,middle_feedback,,,,,cb_intrinsic
17918,AVLP734m,AVLP734m_L,L,gaba,0.8582113981246948,597,1330,Traced,12889.0,-1,middle_feedback,,,,,cb_intrinsic
15347,DNge082,DNge082_L,L,acetylcholine,0.9493994116783142,1416,3140,Traced,13627.0,1,middle_feedback,,,,,descending_neuron
810164,LgLG1a,LgLG1a_R,R,acetylcholine,0.9099835157394408,270,299,Traced,,1,sense_touch,,,,,vnc_sensory
514292,GNG518,GNG518_L,L,acetylcholine,0.9593855738639832,949,4099,Traced,514292.0,1,middle_feedback,,,,,cb_intrinsic
44225,,,R,acetylcholine,0.8417077660560608,262,804,Traced,15277.0,1,middle_feedback,,,,,cb_intrinsic
35202,pC1_17b,pC1_17b_R,R,acetylcholine,0.8410837054252625,471,889,Traced,23661.0,1,court_p1,,,,,cb_intrinsic
29819,GNG622,GNG622_R,R,acetylcholine,0.9386104941368104,429,736,Traced,29819.0,1,middle_feedback,,,,,cb_intrinsic
302181,ORN_DM4,ORN_DM4_L,L,acetylcholine,0.9590919613838196,62,88,Traced,,1,sense_smell,,,,,cb_sensory
16267,GNG065,GNG065_R,R,acetylcholine,0.8554251790046692,933,2631,Traced,16267.0,1,middle_feedback,,,,,cb_intrinsic
28236,LH003m,LH003m_R,R,acetylcholine,0.9093663692474364,652,949,Traced,,1,middle_feedback,,,,,cb_intrinsic
19414,AVLP750m,AVLP750m_R,R,acetylcholine,0.9385161399841307,1258,2489,Traced,19414.0,1,middle_feedback,,,,,cb_intrinsic
49959,SIP122m,SIP122m_R,R,glutamate,0.7085180878639221,365,1909,Traced,49959.0,-1,middle_feedback,,,,,cb_intrinsic
14579,AN27X022,AN27X022_R,R,gaba,0.8268814086914062,915,2049,Traced,14579.0,-1,middle_feedback,,,,,ascending_neuron
525311,GNG623,GNG623_L,L,acetylcholine,0.9421502351760864,357,754,Traced,31675.0,1,middle_taste,,,,,cb_intrinsic
512795,GNG397,GNG397_L,L,acetylcholine,0.7718628644943237,291,1387,Traced,,1,middle_feedback,,,,,cb_intrinsic
15734,GNG042,GNG042_R,R,gaba,0.8748757243156433,621,3955,Traced,15321.0,-1,middle_taste,,,,,cb_intrinsic
174237,ORN_VA2,ORN_VA2_R,R,acetylcholine,0.9463306665420532,239,296,Traced,,1,sense_smell,,,,,cb_sensory
527282,SIP147m,SIP147m_L,L,glutamate,0.7913093566894531,374,1188,Traced,50620.0,-1,middle_feedback,,,,,cb_intrinsic
292378,ORN_DM4,ORN_DM4_L,L,acetylcholine,0.9230695366859436,244,223,Traced,,1,sense_smell,,,,,cb_sensory
71330,PhG10,PhG10_R,R,acetylcholine,0.5976407527923584,706,681,Traced,22603.0,1,sense_taste,,,,,cb_sensory
174589841,ORN_DM2,ORN_DM2_L,L,acetylcholine,0.9450281262397766,98,130,Traced,,1,sense_smell,,,,,cb_sensory
128051,PhG2,PhG2_R,R,acetylcholine,0.8049044609069824,211,154,Traced,128051.0,1,sense_taste,,,,,cb_sensory
521297,GNG149,GNG149_R,R,gaba,0.8649436831474304,833,3353,Traced,13145.0,-1,middle_feedback,,,,,cb_intrinsic
119181,ORN_DM1,ORN_DM1_R,R,acetylcholine,0.9562270045280457,262,353,Traced,,1,sense_smell,,,,,cb_sensory
33468,GNG446,GNG446_R,R,acetylcholine,0.917571187019348,288,595,Traced,,1,middle_feedback,,,,,cb_intrinsic
13822,SIP115m,SIP115m_L,L,glutamate,0.7184004783630371,479,1511,Traced,13811.0,-1,middle_feedback,,,,,cb_intrinsic
908944,LgLG6,LgLG6_L,L,acetylcholine,0.8021270036697388,422,591,Traced,,1,sense_touch,,,,,vnc_sensory
82263,SMP703m,SMP703m_R,R,glutamate,0.7990900874137878,431,1084,Traced,31697.0,-1,middle_feedback,,,,,cb_intrinsic
533966,GNG179,GNG179_R,R,gaba,0.8185189366340637,883,2373,Traced,533966.0,-1,middle_feedback,,,,,cb_intrinsic
523998,pIP10,pIP10_L,L,acetylcholine,0.9433122873306274,2564,11256,Traced,11116.0,1,out_song,,,,,descending_neuron
517098,PVLP217m,PVLP217m_L,L,acetylcholine,0.944283127784729,701,1695,Traced,14338.0,1,middle_feedback,,,,,cb_intrinsic
170350,claw_tpGRN,claw_tpGRN_L,L,acetylcholine,0.9254236817359924,157,156,Traced,,1,sense_taste,,,,,cb_sensory
519868,ORN_DP1m,ORN_DP1m_R,R,acetylcholine,0.914415717124939,675,997,Traced,,1,sense_smell,,,,,cb_sensory
13388,SMP551,SMP551_L,L,acetylcholine,0.8619762659072876,1743,5173,Traced,13388.0,1,middle_feedback,,,,,cb_intrinsic
21828,GNG215,GNG215_R,R,acetylcholine,0.9518291354179382,550,1834,Traced,21828.0,1,middle_taste,,,,,cb_intrinsic
13595,CL326,CL326_R,R,acetylcholine,0.9203143119812012,943,1710,Traced,13595.0,1,middle_feedback,,,,,cb_intrinsic
10097,oviIN,oviIN_L,L,gaba,0.8075352907180786,7738,27959,Traced,10097.0,-1,middle_feedback,,,,,cb_intrinsic
272883,ORN_DM4,ORN_DM4_R,R,acetylcholine,0.9388068914413452,189,214,Traced,,1,sense_smell,,,,,cb_sensory
11248,GNG467,GNG467_L,L,acetylcholine,0.911572813987732,736,2690,Traced,11248.0,1,middle_taste,,,,,cb_intrinsic
13186,DNge028,DNge028_L,L,acetylcholine,0.9320756793022156,1953,2633,Traced,12520.0,1,middle_feedback,,,,,descending_neuron
23968,pC1_4a,pC1_4a_R,R,acetylcholine,0.9549683928489684,637,1729,Traced,23968.0,1,court_p1,,,,,cb_intrinsic
261450,LB3c,LB3c_L,L,acetylcholine,0.8711662292480469,159,155,Traced,,1,sense_taste,,,,,cb_sensory
125111,LB1c,LB1c_L,L,acetylcholine,0.720356822013855,312,242,Traced,,1,sense_taste,,,,,cb_sensory
524406,GNG061,GNG061_R,R,acetylcholine,0.9443443417549132,1370,2792,Traced,16186.0,1,middle_taste,,,,,cb_intrinsic
13177,SIP111m,SIP111m_L,L,acetylcholine,0.9582247734069824,882,3120,Traced,13089.0,1,middle_feedback,,,,,cb_intrinsic
810846,LgLG8,LgLG8_R,R,unclear,0.4657637178897857,271,391,Traced,,0,sense_touch,,,,,vnc_sensory
141308,ORN_VA2,ORN_VA2_R,R,acetylcholine,0.962291955947876,234,306,Traced,,1,sense_smell,,,,,cb_sensory
523993,GNG069,GNG069_R,R,glutamate,0.647479772567749,812,2628,Traced,520671.0,-1,middle_feedback,,,,,cb_intrinsic
41883,,,R,acetylcholine,0.9424286484718324,240,773,Traced,15277.0,1,middle_feedback,,,,,cb_intrinsic
519906,mAL_m4,mAL_m4_L,L,gaba,0.6679277420043945,490,1466,Traced,16882.0,-1,middle_court,,,,,cb_intrinsic
17396,GNG357,GNG357_L,L,gaba,0.8817117810249329,614,2720,Traced,16990.0,-1,middle_feedback,,,,,cb_intrinsic
558926,ANXXX462b,ANXXX462b_L,L,acetylcholine,0.9642862677574158,743,2354,Traced,526948.0,1,middle_taste,,,,,ascending_neuron
11935,GNG131,GNG131_L,L,gaba,0.8448241949081421,949,3753,Traced,11935.0,-1,middle_taste,,,,,cb_intrinsic
517153,mAL_m8,mAL_m8_L,L,gaba,0.6481817960739136,530,2158,Traced,19128.0,-1,middle_court,,,,,cb_intrinsic
519626,AN17A008,AN17A008_L,L,acetylcholine,0.9645837545394896,1721,3035,Traced,12035.0,1,middle_feedback,,,,,ascending_neuron
15500,GNG176,GNG176_R,R,acetylcholine,0.7310864925384521,1017,2450,Traced,15500.0,1,middle_feedback,,,,,cb_intrinsic
519143,SMP470,SMP470_L,L,acetylcholine,0.9603610634803772,2361,5720,Traced,519143.0,1,middle_feedback,,,,,cb_intrinsic
24136,SMP702m,SMP702m_R,R,glutamate,0.660228967666626,1876,4123,Traced,24136.0,-1,middle_feedback,,,,,cb_intrinsic
57676,ORN_DP1m,ORN_DP1m_L,L,acetylcholine,0.9151005148887634,683,905,Traced,,1,sense_smell,,,,,cb_sensory
523679,DNge051,DNge051_L,L,gaba,0.8893843293190002,1201,4090,Traced,11179.0,-1,middle_taste,,,,,descending_neuron
28366,CB1165,CB1165_R,R,acetylcholine,0.8163409233093262,434,618,Traced,,1,middle_feedback,,,,,cb_intrinsic
194906,claw_tpGRN,claw_tpGRN_L,L,acetylcholine,0.8280505537986755,165,160,Traced,,1,sense_taste,,,,,cb_sensory
814020,LgLG1a,LgLG1a_R,R,acetylcholine,0.8320004343986511,177,220,Traced,,1,sense_touch,,,,,vnc_sensory
10712,DNp36,DNp36(CL342)_L,L,glutamate,0.7693976759910583,3242,7924,Traced,10245.0,-1,middle_feedback,,,,,descending_neuron
65314,GNG398,GNG398_R,R,acetylcholine,0.952724814414978,264,600,Traced,37974.0,1,middle_feedback,,,,,cb_intrinsic
23017,mAL_m8,mAL_m8_L,L,gaba,0.6134719252586365,515,1908,Traced,13738.0,-1,middle_court,,,,,cb_intrinsic
565132,ORN_DM2,ORN_DM2_R,R,acetylcholine,0.9591028690338136,186,263,Traced,,1,sense_smell,,,,,cb_sensory
20255,pC1_1a,pC1_1a_L,L,acetylcholine,0.9593290090560912,441,1299,Traced,15208.0,1,court_p1,,,,,cb_intrinsic
519659,GNG140,GNG140_R,R,glutamate,0.76408851146698,1525,3714,Traced,12664.0,-1,middle_feedback,,,,,cb_intrinsic
14338,PVLP217m,PVLP217m_R,R,acetylcholine,0.9657709002494812,758,2116,Traced,14338.0,1,middle_feedback,,,,,cb_intrinsic
102695,SIP147m,SIP147m_L,L,glutamate,0.8298699855804443,366,988,Traced,50620.0,-1,middle_feedback,,,,,cb_intrinsic
186397,ORN_DM1,ORN_DM1_R,R,acetylcholine,0.9593482613563538,252,352,Traced,,1,sense_smell,,,,,cb_sensory
38290,mAL_m3b,mAL_m3b_L,L,unclear,0.4801200926303863,279,922,Traced,11147.0,0,middle_feedback,,,,,cb_intrinsic
513650,pC1_12a,pC1_12a_L,L,acetylcholine,0.9656216502189636,851,1680,Traced,512011.0,1,court_p1,,,,,cb_intrinsic
15646,GNG542,GNG542_R,R,acetylcholine,0.896939754486084,1804,2454,Traced,15646.0,1,middle_feedback,,,,,cb_intrinsic
181625,ORN_DM1,ORN_DM1_R,R,acetylcholine,0.9292773008346558,256,337,Traced,,1,sense_smell,,,,,cb_sensory
17268,GNG241,GNG241_L,L,glutamate,0.8427472710609436,1308,1250,Traced,17268.0,-1,middle_feedback,,,,,cb_intrinsic
53649,GNG398,GNG398_L,L,acetylcholine,0.9366354942321776,229,605,Traced,37974.0,1,middle_feedback,,,,,cb_intrinsic
10565,GNG168,GNG168_R,R,glutamate,0.7101249098777771,1026,2751,Traced,10565.0,-1,middle_feedback,,,,,cb_intrinsic
54892,DP1m_vPN,DP1m_vPN_R,R,gaba,0.7672057151794434,225,367,Traced,54892.0,-1,smell_pn,,,,,cb_intrinsic
569249,ORN_VA2,ORN_VA2_R,R,acetylcholine,0.9400950074195862,168,231,Traced,,1,sense_smell,,,,,cb_sensory
14949,PRW071,PRW071_L,L,glutamate,0.7556532025337219,933,2076,Traced,14949.0,-1,middle_feedback,,,,,cb_intrinsic
18585,GNG055,GNG055_L,L,gaba,0.8069570064544678,466,3041,Traced,18125.0,-1,middle_feedback,,,,,cb_intrinsic
13754,GNG130,GNG130_L,L,gaba,0.8392021656036377,692,3725,Traced,13754.0,-1,middle_taste,,,,,cb_intrinsic
52946,GNG398,GNG398_L,L,acetylcholine,0.9248138070106506,194,571,Traced,37974.0,1,middle_feedback,,,,,cb_intrinsic
20915,M_lvPNm25,M_lvPNm25_L,L,acetylcholine,0.9589197635650636,429,680,Traced,20915.0,1,smell_pn,,,,,cb_intrinsic
163395,LB1a,LB1a_R,R,acetylcholine,0.8465127944946289,151,177,Traced,,1,sense_taste,,,,,cb_sensory
13937,GNG093,GNG093_L,L,gaba,0.85957932472229,1125,5399,Traced,13937.0,-1,middle_feedback,,,,,cb_intrinsic
19296,MNx01,MNx01_R,R,glutamate,0.6030582189559937,1393,1946,Traced,19296.0,-1,middle_feedback,,,,,cb_motor
17282,GNG468,GNG468_L,L,acetylcholine,0.8874503374099731,1475,4672,Traced,17282.0,1,middle_feedback,,,,,cb_intrinsic
518889,SIP109m,SIP109m_R,R,acetylcholine,0.9172396063804626,709,2483,Traced,16906.0,1,middle_feedback,,,,,cb_intrinsic
513609,GNG084,GNG084_L,L,acetylcholine,0.8126083016395569,842,1890,Traced,11941.0,1,middle_feedback,,,,,cb_intrinsic
49856,GNG183,GNG183_R,R,acetylcholine,0.9505528807640076,761,2281,Traced,49856.0,1,middle_feedback,,,,,cb_intrinsic
21507,pC1_6a,pC1_6a_R,R,acetylcholine,0.93365079164505,401,1053,Traced,17098.0,1,court_p1,,,,,cb_intrinsic
122868,SIP113m,SIP113m_L,L,glutamate,0.7959479093551636,371,1358,Traced,56590.0,-1,middle_feedback,,,,,cb_intrinsic
20335,mAL_m3c,mAL_m3c_L,L,gaba,0.6248444318771362,352,1000,Traced,20335.0,-1,middle_court,,,,,cb_intrinsic
16302,AN09B017d,AN09B017d_L,L,glutamate,0.9254446029663086,1653,2772,Traced,15645.0,-1,relay_vab3,,,,,ascending_neuron
176260,ORN_DM1,ORN_DM1_L,L,acetylcholine,0.959750771522522,259,301,Traced,,1,sense_smell,,,,,cb_sensory
13943,GNG501,GNG501_L,L,glutamate,0.6489284038543701,900,2457,Traced,13943.0,-1,middle_feedback,,,,,cb_intrinsic
13162,AVLP758m,AVLP758m_R,R,acetylcholine,0.9584860801696776,2389,4908,Traced,11331.0,1,middle_court,,,,,cb_intrinsic
10245,DNp36,DNp36(CL342)_R,R,glutamate,0.7973302006721497,3256,7400,Traced,10245.0,-1,middle_feedback,,,,,descending_neuron
49886,ORN_DP1m,ORN_DP1m_R,R,acetylcholine,0.9110316634178162,761,1053,Traced,,1,sense_smell,,,,,cb_sensory
515990,AVLP734m,AVLP734m_R,R,gaba,0.8270639181137085,553,1295,Traced,12889.0,-1,middle_feedback,,,,,cb_intrinsic
16142,GNG234,GNG234_R,R,acetylcholine,0.9136695265769958,888,1374,Traced,14891.0,1,middle_taste,,,,,cb_intrinsic
191144,ORN_DM1,ORN_DM1_R,R,acetylcholine,0.9322462677955629,274,364,Traced,,1,sense_smell,,,,,cb_sensory
12073,GNG136,GNG136_R,R,acetylcholine,0.958584487438202,1081,3908,Traced,12073.0,1,middle_feedback,,,,,cb_intrinsic
520039,SMP493,SMP493_L,L,acetylcholine,0.9576085209846495,1643,6039,Traced,45633.0,1,middle_feedback,,,,,cb_intrinsic
163657,ORN_VA2,ORN_VA2_R,R,acetylcholine,0.9649303555488586,198,264,Traced,,1,sense_smell,,,,,cb_sensory
20650,SIP121m,SIP121m_R,R,glutamate,0.6666229963302612,377,2895,Traced,12560.0,-1,middle_feedback,,,,,cb_intrinsic
328160,ORN_DM2,ORN_DM2_L,L,acetylcholine,0.9747326970100404,167,216,Traced,,1,sense_smell,,,,,cb_sensory
12664,GNG140,GNG140_L,L,glutamate,0.6989558339118958,1504,3287,Traced,12664.0,-1,middle_feedback,,,,,cb_intrinsic
164269,ORN_VA2,ORN_VA2_R,R,acetylcholine,0.921234667301178,272,287,Traced,,1,sense_smell,,,,,cb_sensory
10553,GNG001,GNG001_M,M,gaba,0.8385997414588928,2465,16614,Traced,,-1,middle_feedback,,,,,cb_intrinsic
262567,LB3c,LB3c_L,L,acetylcholine,0.5184455513954163,113,62,Traced,,1,sense_taste,,,,,cb_sensory
511989,GNG130,GNG130_R,R,gaba,0.8766513466835022,703,4277,Traced,13754.0,-1,middle_taste,,,,,cb_intrinsic
16454,GNG223,GNG223_R,R,gaba,0.810060977935791,732,1653,Traced,16454.0,-1,middle_feedback,,,,,cb_intrinsic
15051,GNG640,GNG640_L,L,acetylcholine,0.7347078919410706,1597,3009,Traced,15051.0,1,middle_feedback,,,,,cb_intrinsic
17735,AVLP729m,AVLP729m_R,R,acetylcholine,0.931359589099884,760,2073,Traced,13665.0,1,middle_feedback,,,,,cb_intrinsic
919942,GNG191,GNG191_R,R,acetylcholine,0.6737346053123474,1807,2093,Traced,14715.0,1,middle_feedback,,,,,cb_intrinsic
524046,,,L,gaba,0.7346810698509216,618,1728,Traced,14160.0,-1,middle_taste,,,,,cb_intrinsic
519592,SMP054,SMP054_R,R,gaba,0.828434407711029,1397,6295,Traced,10528.0,-1,middle_feedback,,,,,cb_intrinsic
157520,ORN_DM1,ORN_DM1_R,R,acetylcholine,0.9389298558235168,271,459,Traced,,1,sense_smell,,,,,cb_sensory
933317,LB3c,LB3c_L,L,acetylcholine,0.951787292957306,380,592,Traced,,1,sense_taste,,,,,cb_sensory
23789,pC1_16a,pC1_16a_L,L,acetylcholine,0.9443276524543762,606,1425,Traced,23789.0,1,court_p1,,,,,cb_intrinsic
517601,AN05B035,AN05B035_R,R,gaba,0.8406559228897095,1547,4468,Traced,23513.0,-1,middle_feedback,,,,,ascending_neuron
21105,PhG1a,PhG1a_R,R,acetylcholine,0.924556314945221,849,1287,Traced,21105.0,1,sense_taste,,,,,cb_sensory
214985,ORN_DM4,ORN_DM4_R,R,acetylcholine,0.9637246131896972,176,175,Traced,,1,sense_smell,,,,,cb_sensory
14708,GNG235,GNG235_R,R,gaba,0.7098393440246582,725,1356,Traced,13816.0,-1,middle_feedback,,,,,cb_intrinsic
12377,GNG058,GNG058_R,R,acetylcholine,0.906448781490326,1262,2257,Traced,12377.0,1,middle_taste,,,,,cb_intrinsic
514413,AN27X020,AN27X020_L,L,unclear,0.4257180094718933,870,2011,Traced,514413.0,0,middle_feedback,,,,,ascending_neuron
78065,SIP119m,SIP119m_L,L,glutamate,0.7714822888374329,489,2014,Traced,27870.0,-1,middle_feedback,,,,,cb_intrinsic
522755,PhG8,PhG8_R,R,acetylcholine,0.6695345640182495,574,323,Traced,179773.0,1,sense_taste,,,,,cb_sensory
20751,pC1_16a,pC1_16a_L,L,acetylcholine,0.9416989088058472,646,1613,Traced,23789.0,1,court_p1,,,,,cb_intrinsic
522761,LB1c,LB1c_R,R,acetylcholine,0.5575077533721924,406,266,Traced,,1,sense_taste,,,,,cb_sensory
19197,AN09B018,AN09B018_R,R,acetylcholine,0.8244258761405945,1475,8347,Traced,19197.0,1,middle_feedback,,,,,ascending_neuron
530561,PRW046,PRW046_R,R,acetylcholine,0.8237481713294983,1058,3085,Traced,14475.0,1,middle_feedback,,,,,cb_intrinsic
149131,ORN_DM4,ORN_DM4_R,R,acetylcholine,0.9248626828193665,214,231,Traced,,1,sense_smell,,,,,cb_sensory
15036,mAL_m1,mAL_m1_L,L,gaba,0.5459445118904114,728,2108,Traced,12287.0,-1,middle_court,,,,,cb_intrinsic
36545,pC1_17b,pC1_17b_R,R,acetylcholine,0.8519642949104309,434,992,Traced,23661.0,1,court_p1,,,,,cb_intrinsic
41427,pC1_17b,pC1_17b_L,L,acetylcholine,0.8952513337135315,463,930,Traced,23661.0,1,court_p1,,,,,cb_intrinsic
18645,GNG192,GNG192_L,L,acetylcholine,0.943511128425598,466,2249,Traced,18080.0,1,middle_taste,,,,,cb_intrinsic
41640,GNG593,GNG593_L,L,acetylcholine,0.8921951651573181,903,3085,Traced,14611.0,1,middle_feedback,,,,,cb_intrinsic
10670,DM4_adPN,DM4_adPN_L,L,acetylcholine,0.92745041847229,4390,7126,Traced,,1,smell_pn,,,,,cb_intrinsic
15707,GNG045,GNG045_R,R,glutamate,0.8273954391479492,1122,3429,Traced,15452.0,-1,middle_feedback,,,,,cb_intrinsic
805659,LgLG6,LgLG6_R,R,acetylcholine,0.9250670671463012,469,670,Traced,,1,sense_touch,,,,,vnc_sensory
520671,GNG069,GNG069_L,L,glutamate,0.5901739001274109,706,2485,Traced,520671.0,-1,middle_feedback,,,,,cb_intrinsic
517257,PhG13,PhG13_R,R,acetylcholine,0.804945707321167,565,398,Traced,517256.0,1,sense_taste,,,,,cb_sensory
129624,GNG380,GNG380_L,L,acetylcholine,0.8870906233787537,243,477,Traced,50843.0,1,middle_taste,,,,,cb_intrinsic
523540,GNG148,GNG148_R,R,acetylcholine,0.9444038271903992,992,3491,Traced,14637.0,1,middle_feedback,,,,,cb_intrinsic
530067,SIP118m,SIP118m_L,L,glutamate,0.7894904613494873,466,1101,Traced,15299.0,-1,middle_feedback,,,,,cb_intrinsic
11160,DNd02,DNd02(SAD039)_L,L,unclear,0.3716355860233307,5547,4802,Traced,11160.0,0,middle_feedback,,,,,descending_neuron
372711713,claw_tpGRN,claw_tpGRN_R,R,acetylcholine,0.590363085269928,106,110,Traced,,1,sense_taste,,,,,cb_sensory
518112,LB1c,LB1c_L,L,acetylcholine,0.4561927914619446,311,283,Traced,,1,sense_taste,,,,,cb_sensory
519667,MN6,MN6_R,R,acetylcholine,0.6324248313903809,187,1308,Traced,519667.0,1,middle_feedback,,,,,cb_motor
523982,GNG164,GNG164_L,L,glutamate,0.6965134739875793,955,2802,Traced,11386.0,-1,middle_feedback,,,,,cb_intrinsic
160475,claw_tpGRN,claw_tpGRN_R,R,acetylcholine,0.626970648765564,167,136,Traced,,1,sense_taste,,,,,cb_sensory
437025,ORN_DM4,ORN_DM4_L,L,acetylcholine,0.9601503014564514,133,150,Traced,,1,sense_smell,,,,,cb_sensory
11200,GNG022,GNG022_L,L,glutamate,0.7328920960426331,1439,5365,Traced,11200.0,-1,middle_feedback,,,,,cb_intrinsic
183009,claw_tpGRN,claw_tpGRN_R,R,acetylcholine,0.8103746771812439,165,164,Traced,,1,sense_taste,,,,,cb_sensory
68086,M_lvPNm25,M_lvPNm25_L,L,acetylcholine,0.9676086902618408,545,1253,Traced,13560.0,1,smell_pn,,,,,cb_intrinsic
934523007,claw_tpGRN,claw_tpGRN_L,L,acetylcholine,0.7851839065551758,46,37,Traced,,1,sense_taste,,,,,cb_sensory
32404,GNG271,GNG271_R,R,acetylcholine,0.925564467906952,394,725,Traced,30373.0,1,middle_feedback,,,,,cb_intrinsic
204061,ORN_DM2,ORN_DM2_R,R,acetylcholine,0.9537550806999208,185,235,Traced,,1,sense_smell,,,,,cb_sensory
451940,PhG1c,PhG1c_L,L,acetylcholine,0.5902661085128784,1001,707,Traced,86931.0,1,sense_taste,,,,,cb_sensory
13319,GNG027,GNG027_R,R,gaba,0.8739110231399536,721,4235,Traced,12804.0,-1,middle_taste,,,,,cb_intrinsic
192555,ORN_VA2,ORN_VA2_R,R,acetylcholine,0.9371948838233948,310,392,Traced,,1,sense_smell,,,,,cb_sensory
555293,DNge146,DNge146_L,L,gaba,0.8781880140304565,1245,5177,Traced,10976.0,-1,middle_taste,,,,,descending_neuron
40206,PhG4,PhG4_R,R,acetylcholine,0.8938904404640198,527,363,Traced,13491.0,1,sense_taste,,,,,cb_sensory
555238,GNG572,GNG572_R,R,unclear,0.7229096293449402,1885,3285,Traced,10385.0,0,middle_feedback,,,,,cb_intrinsic
161413,ORN_DM2,ORN_DM2_R,R,acetylcholine,0.9747326970100404,194,279,Traced,,1,sense_smell,,,,,cb_sensory
13665,AVLP729m,AVLP729m_R,R,acetylcholine,0.9496958255767822,697,2079,Traced,13665.0,1,middle_feedback,,,,,cb_intrinsic
522746,LB1c,LB1c_R,R,acetylcholine,0.617482602596283,363,317,Traced,,1,sense_taste,,,,,cb_sensory
15254,DNge057,DNge057_R,R,acetylcholine,0.9638355374336244,891,1891,Traced,15254.0,1,middle_feedback,,,,,descending_neuron
226920,ORN_DM1,ORN_DM1_R,R,acetylcholine,0.9341762065887452,263,395,Traced,,1,sense_smell,,,,,cb_sensory
183061,LB3a,LB3a_R,R,acetylcholine,0.6541487574577332,163,113,Traced,,1,sense_taste,,,,,cb_sensory
17502,GNG481,GNG481_R,R,gaba,0.8941758871078491,374,1948,Traced,14322.0,-1,middle_feedback,,,,,cb_intrinsic
515538,AVLP732m,AVLP732m_L,L,acetylcholine,0.9501921534538268,910,1821,Traced,10940.0,1,middle_feedback,,,,,cb_intrinsic
520888,GNG078,GNG078_L,L,gaba,0.7178623676300049,821,2111,Traced,24776.0,-1,middle_feedback,,,,,cb_intrinsic
20324,M_lvPNm26,M_lvPNm26_L,L,acetylcholine,0.9634870290756226,432,1281,Traced,20324.0,1,smell_pn,,,,,cb_intrinsic
524504,CRE039,CRE039_L,L,glutamate,0.7255599498748779,438,1542,Traced,21613.0,-1,middle_feedback,,,,,cb_intrinsic
11649,SIP104m,SIP104m_L,L,glutamate,0.6674672365188599,393,3178,Traced,11649.0,-1,middle_feedback,,,,,cb_intrinsic
20371,ANXXX151,ANXXX151_L,L,acetylcholine,0.9416314959526062,1523,4714,Traced,20371.0,1,middle_feedback,,,,,ascending_neuron
16037,GNG201,GNG201_L,L,gaba,0.8229524493217468,773,1736,Traced,16037.0,-1,middle_feedback,,,,,cb_intrinsic
15239,mAL_m1,mAL_m1_L,L,gaba,0.5753596425056458,839,2449,Traced,12287.0,-1,middle_court,,,,,cb_intrinsic
151800,FLA001m,FLA001m_R,R,acetylcholine,0.9354857802391052,568,1098,Traced,13520.0,1,middle_court,,,,,cb_intrinsic
523040,GNG108,GNG108_L,L,acetylcholine,0.9454908967018129,1261,5893,Traced,26764.0,1,middle_taste,,,,,cb_intrinsic
23994,FLA003m,FLA003m_L,L,acetylcholine,0.8557729125022888,456,1031,Traced,23994.0,1,middle_feedback,,,,,cb_intrinsic
925375,ORN_VA2,ORN_VA2_L,L,acetylcholine,0.9400812387466432,252,297,Traced,,1,sense_smell,,,,,cb_sensory
11772,GNG147,GNG147_R,R,glutamate,0.771616518497467,1653,2722,Traced,11772.0,-1,middle_taste,,,,,cb_intrinsic
12074,SIP133m,SIP133m_R,R,glutamate,0.6499910950660706,1977,8486,Traced,12074.0,-1,middle_feedback,,,,,cb_intrinsic
181374,claw_tpGRN,claw_tpGRN_R,R,acetylcholine,0.8754920363426208,166,148,Traced,,1,sense_taste,,,,,cb_sensory
16961,aIPg10,aIPg10_L,L,acetylcholine,0.9390469193458556,761,2674,Traced,16789.0,1,middle_feedback,,,,,cb_intrinsic
515679,AN27X020,AN27X020_R,R,unclear,0.4584672451019287,978,2252,Traced,514413.0,0,middle_feedback,,,,,ascending_neuron
16794,GNG016,GNG016_R,R,unclear,0.4739749133586883,1799,8957,Traced,11021.0,0,middle_feedback,,,,,cb_intrinsic
806194,LgLG6,LgLG6_R,R,acetylcholine,0.911820948123932,432,635,Traced,,1,sense_touch,,,,,vnc_sensory
15277,,,R,acetylcholine,0.9151026010513306,276,976,Traced,15277.0,1,middle_feedback,,,,,cb_intrinsic
101002,MNx01,MNx01_L,L,glutamate,0.4498787224292755,1441,1736,Traced,19296.0,-1,middle_feedback,,,,,cb_motor
221747,ORN_DM1,ORN_DM1_L,L,acetylcholine,0.9747326970100404,159,209,Traced,,1,sense_smell,,,,,cb_sensory
812439,LgLG1b,LgLG1b_L,L,unclear,0.547859251499176,200,288,Traced,,0,sense_touch,,,,,vnc_sensory
189075,ORN_DM1,ORN_DM1_L,L,acetylcholine,0.9416603446006776,264,338,Traced,,1,sense_smell,,,,,cb_sensory
184468,ORN_VA2,ORN_VA2_L,L,acetylcholine,0.9564236998558044,159,204,Traced,,1,sense_smell,,,,,cb_sensory
12886,DNg54,DNg54_L,L,acetylcholine,0.9677627086639404,975,3397,Traced,12821.0,1,middle_feedback,,,,,descending_neuron
18187,CL123_e,CL123_e_L,L,acetylcholine,0.9621448516845704,540,1445,Traced,18187.0,1,middle_feedback,,,,,cb_intrinsic
202888,LB3c,LB3c_R,R,acetylcholine,0.4588055610656738,169,170,Traced,,1,sense_taste,,,,,cb_sensory
23752,AVLP738m,AVLP738m_R,R,acetylcholine,0.943100094795227,429,1286,Traced,23752.0,1,middle_feedback,,,,,cb_intrinsic
274780241,dorsal_tpGRN,dorsal_tpGRN_L,L,acetylcholine,0.7037883400917053,229,81,Traced,129802.0,1,sense_taste,,,,,cb_sensory
156865,pC1_19,pC1_19_L,L,acetylcholine,0.8649871349334717,150,333,Traced,68624.0,1,court_p1,,,,,cb_intrinsic
14117,PRW064,PRW064_R,R,acetylcholine,0.8281962275505066,991,1265,Traced,14117.0,1,middle_feedback,,,,,cb_intrinsic
33053,GNG447,GNG447_R,R,acetylcholine,0.8577449321746826,273,817,Traced,21731.0,1,middle_feedback,,,,,cb_intrinsic
16259,VES205m,VES205m_L,L,acetylcholine,0.9706737399101256,717,1910,Traced,13998.0,1,middle_feedback,,,,,cb_intrinsic
19223,ICL003m,ICL003m_L,L,glutamate,0.8013014197349548,469,1479,Traced,19223.0,-1,middle_feedback,,,,,cb_intrinsic
20803,pC1_4a,pC1_4a_R,R,acetylcholine,0.959061563014984,927,2962,Traced,12442.0,1,court_p1,,,,,cb_intrinsic
519666,GNG224,GNG224_R,R,acetylcholine,0.9375717639923096,1122,1629,Traced,519666.0,1,middle_feedback,,,,,cb_intrinsic
519939,mAL_m8,mAL_m8_L,L,gaba,0.698739767074585,479,1633,Traced,19128.0,-1,middle_court,,,,,cb_intrinsic
32154,GNG608,GNG608_L,L,gaba,0.8746970891952515,270,858,Traced,32154.0,-1,middle_feedback,,,,,cb_intrinsic
31021,GNG377,GNG377_L,L,acetylcholine,0.9653545022010804,414,932,Traced,27324.0,1,middle_feedback,,,,,cb_intrinsic
804154,vPR9_a,vPR9_a_M,M,gaba,0.8598282337188721,516,2495,Traced,804154.0,-1,middle_feedback,,,,,vnc_intrinsic
55883,PhG9,PhG9_L,L,acetylcholine,0.7204504609107971,862,1069,Traced,55883.0,1,sense_taste,,,,,cb_sensory
153849,ORN_VA2,ORN_VA2_R,R,acetylcholine,0.9500705599784852,236,271,Traced,,1,sense_smell,,,,,cb_sensory
520089,mAL_m9,mAL_m9_L,L,gaba,0.514864444732666,370,1158,Traced,15199.0,-1,middle_court,,,,,cb_intrinsic
14826,AN27X021,AN27X021_L,L,gaba,0.5928975939750671,1206,3408,Traced,12597.0,-1,middle_feedback,,,,,ascending_neuron
11195,M_spPN5t10,M_spPN5t10_L,L,acetylcholine,0.9317843317985536,1288,3486,Traced,11195.0,1,smell_pn,,,,,cb_intrinsic
18620,AVLP733m,AVLP733m_R,R,acetylcholine,0.9448810815811156,650,1555,Traced,18620.0,1,middle_feedback,,,,,cb_intrinsic
178321,LB3d,LB3d_L,L,acetylcholine,0.9105964303016664,166,309,Traced,,1,sense_taste,,,,,cb_sensory
37300,SIP115m,SIP115m_R,R,glutamate,0.6920903921127319,412,1625,Traced,13811.0,-1,middle_feedback,,,,,cb_intrinsic
17782,GNG184,GNG184_L,L,gaba,0.8115342259407043,688,2421,Traced,16595.0,-1,middle_taste,,,,,cb_intrinsic
87982,GNG400,GNG400_L,L,acetylcholine,0.9163033962249756,315,1063,Traced,25362.0,1,middle_feedback,,,,,cb_intrinsic
513652,pC1_7b,pC1_7b_L,L,acetylcholine,0.9629315733909608,739,1350,Traced,26746.0,1,court_p1,,,,,cb_intrinsic
18757,GNG066,GNG066_R,R,gaba,0.7528299689292908,878,2706,Traced,17840.0,-1,middle_feedback,,,,,cb_intrinsic
222974,ORN_DM1,ORN_DM1_L,L,acetylcholine,0.9230617880821228,244,335,Traced,,1,sense_smell,,,,,cb_sensory
533971,MNx01,MNx01_L,L,glutamate,0.6332665681838989,2564,4848,Traced,,-1,middle_feedback,,,,,cb_motor
17937,GNG244,GNG244_R,R,unclear,0.4190760552883148,724,1147,Traced,17937.0,0,middle_feedback,,,,,cb_intrinsic
557646,LB3b,LB3b_R,R,acetylcholine,0.8216069340705872,177,261,Traced,,1,sense_taste,,,,,cb_sensory
45633,SMP493,SMP493_R,R,acetylcholine,0.946041703224182,1858,5454,Traced,45633.0,1,middle_feedback,,,,,cb_intrinsic
13958,GNG473,GNG473_R,R,glutamate,0.5975494384765625,809,1895,Traced,13958.0,-1,middle_taste,,,,,cb_intrinsic
15903,GNG077,GNG077_R,R,acetylcholine,0.7029531002044678,1550,2102,Traced,15903.0,1,middle_feedback,,,,,cb_intrinsic
18343,GNG409,GNG409_L,L,acetylcholine,0.8818743824958801,292,1272,Traced,18343.0,1,middle_feedback,,,,,cb_intrinsic
167640,ORN_DM1,ORN_DM1_R,R,acetylcholine,0.9254918098449708,256,384,Traced,,1,sense_smell,,,,,cb_sensory
127239,SIP124m,SIP124m_L,L,glutamate,0.7909089922904968,300,1306,Traced,22697.0,-1,middle_feedback,,,,,cb_intrinsic
16951,GNG350,GNG350_R,R,gaba,0.5367007255554199,950,2391,Traced,15933.0,-1,middle_feedback,,,,,cb_intrinsic
19881,CL025,CL025_L,L,glutamate,0.8076349496841431,751,2130,Traced,19375.0,-1,middle_feedback,,,,,cb_intrinsic
12675,DNg103,DNg103_L,L,gaba,0.6005867719650269,1649,4119,Traced,11173.0,-1,middle_feedback,,,,,descending_neuron
17709,GNG175,GNG175_L,L,gaba,0.6576108932495117,723,1943,Traced,17709.0,-1,middle_feedback,,,,,cb_intrinsic
519662,GNG403,GNG403_L,L,gaba,0.7749332785606384,540,1739,Traced,53553.0,-1,middle_feedback,,,,,cb_intrinsic
146047,dorsal_tpGRN,dorsal_tpGRN_R,R,acetylcholine,0.7412376403808594,286,133,Traced,129802.0,1,sense_taste,,,,,cb_sensory
21763,AN13B002,AN13B002_R,R,gaba,0.8914148807525635,4169,19777,Traced,21763.0,-1,middle_taste,,,,,ascending_neuron
32306,SIP124m,SIP124m_L,L,glutamate,0.7930634617805481,249,1197,Traced,22697.0,-1,middle_feedback,,,,,cb_intrinsic
519630,GNG505,GNG505_L,L,glutamate,0.7203390002250671,1145,2683,Traced,519630.0,-1,middle_feedback,,,,,cb_intrinsic
521580,AVLP729m,AVLP729m_L,L,acetylcholine,0.9451757669448853,656,1644,Traced,13665.0,1,middle_feedback,,,,,cb_intrinsic
521420,ORN_VA2,ORN_VA2_R,R,acetylcholine,0.937242865562439,233,325,Traced,,1,sense_smell,,,,,cb_sensory
16557,GNG200,GNG200_R,R,acetylcholine,0.5597633123397827,1355,2035,Traced,16557.0,1,middle_taste,,,,,cb_intrinsic
13693,AN09B017e,AN09B017e_L,L,glutamate,0.9525073766708374,2226,1818,Traced,13341.0,-1,relay_vab3,,,,,ascending_neuron
129424482,PhG2,PhG2_L,L,acetylcholine,0.8412041664123535,196,96,Traced,128051.0,1,sense_taste,,,,,cb_sensory
23209,PhG11,PhG11_L,L,acetylcholine,0.8187002539634705,608,309,Traced,23209.0,1,sense_taste,,,,,cb_sensory
555704,LH006m,LH006m_L,L,acetylcholine,0.8588569760322571,376,1039,Traced,22045.0,1,middle_feedback,,,,,cb_intrinsic
514625,ANXXX462a,ANXXX462a_L,L,acetylcholine,0.9049603343009948,722,2249,Traced,19480.0,1,middle_taste,,,,,ascending_neuron
890169,LgLG6,LgLG6_R,R,acetylcholine,0.6368489861488342,92,118,Traced,,1,sense_touch,,,,,vnc_sensory
549024,LB1d,LB1d_R,R,acetylcholine,0.7178982496261597,147,203,Traced,,1,sense_taste,,,,,cb_sensory
12734,GNG281,GNG281_R,R,gaba,0.7005083560943604,955,2951,Traced,12734.0,-1,middle_feedback,,,,,cb_intrinsic
556512,GNG089,GNG089_R,R,acetylcholine,0.9409018754959106,803,6078,Traced,512730.0,1,middle_taste,,,,,cb_intrinsic
518013,SIP100m,SIP100m_R,R,glutamate,0.8147673010826111,487,1546,Traced,18172.0,-1,middle_feedback,,,,,cb_intrinsic
515600,GNG483,GNG483_L,L,gaba,0.8391499519348145,418,1141,Traced,17768.0,-1,middle_feedback,,,,,cb_intrinsic
569995,ORN_VA2,ORN_VA2_L,L,acetylcholine,0.9420294761657716,178,218,Traced,,1,sense_smell,,,,,cb_sensory
521230,GNG054,GNG054_R,R,gaba,0.8338111042976379,1410,3053,Traced,13961.0,-1,middle_taste,,,,,cb_intrinsic
17055,GNG357,GNG357_R,R,gaba,0.8797281980514526,575,2393,Traced,16990.0,-1,middle_feedback,,,,,cb_intrinsic
915599549,ORN_DM2,ORN_DM2_L,L,acetylcholine,0.9285329580307008,63,76,Traced,,1,sense_smell,,,,,cb_sensory
19136,pC1_3c,pC1_3c_L,L,acetylcholine,0.9603150486946106,941,1850,Traced,19136.0,1,court_p1,,,,,cb_intrinsic
521225,SMP418,SMP418_L,L,glutamate,0.7997363209724426,1098,3043,Traced,14698.0,-1,middle_feedback,,,,,cb_intrinsic
13146,GNG111,GNG111_L,L,glutamate,0.5840638875961304,1197,4953,Traced,10467.0,-1,middle_feedback,,,,,cb_intrinsic
531867,SIP102m,SIP102m_L,L,glutamate,0.8410488963127136,1775,4256,Traced,521981.0,-1,middle_feedback,,,,,cb_intrinsic
163597,LB3b,LB3b_R,R,acetylcholine,0.8658119440078735,160,316,Traced,,1,sense_taste,,,,,cb_sensory
253648,LB2c,LB2c_R,R,acetylcholine,0.7151044011116028,220,161,Traced,,1,sense_taste,,,,,cb_sensory
26469,VES206m,VES206m_R,R,acetylcholine,0.9328827261924744,417,784,Traced,26469.0,1,middle_feedback,,,,,cb_intrinsic
81228,PhG14,PhG14_L,L,acetylcholine,0.7720973491668701,492,280,Traced,81228.0,1,sense_taste,,,,,cb_sensory
524254,GNG472,GNG472_R,R,acetylcholine,0.9532077312469482,676,1909,Traced,46013.0,1,middle_feedback,,,,,cb_intrinsic
11970,DNge042,DNge042_R,R,acetylcholine,0.9462913870811462,1603,5845,Traced,11304.0,1,middle_feedback,,,,,descending_neuron
160114,claw_tpGRN,claw_tpGRN_R,R,acetylcholine,0.7619898319244385,182,171,Traced,,1,sense_taste,,,,,cb_sensory
520029,PVLP208m,PVLP208m_L,L,acetylcholine,0.9526985883712769,881,1686,Traced,13890.0,1,middle_feedback,,,,,cb_intrinsic
555715,SIP100m,SIP100m_L,L,glutamate,0.807218611240387,468,1431,Traced,18172.0,-1,middle_feedback,,,,,cb_intrinsic
170950,ORN_VA2,ORN_VA2_R,R,acetylcholine,0.9106634855270386,227,254,Traced,,1,sense_smell,,,,,cb_sensory
567693,AVLP733m,AVLP733m_L,L,acetylcholine,0.946425199508667,958,1836,Traced,15871.0,1,middle_feedback,,,,,cb_intrinsic
26049,DNg02_a,DNg02_a_R,R,acetylcholine,0.9518529772758484,382,1116,Traced,21122.0,1,out_flight,,,,,descending_neuron
31641,DNg02_a,DNg02_a_R,R,acetylcholine,0.9557626843452454,358,849,Traced,21122.0,1,out_flight,,,,,descending_neuron
21122,DNg02_a,DNg02_a_L,L,acetylcholine,0.9555980563163757,405,1366,Traced,21122.0,1,out_flight,,,,,descending_neuron
22404,DNg02_a,DNg02_a_L,L,acetylcholine,0.9620836973190308,383,1274,Traced,21122.0,1,out_flight,,,,,descending_neuron
25852,DNg02_a,DNg02_a_L,L,acetylcholine,0.951134979724884,411,1042,Traced,21122.0,1,out_flight,,,,,descending_neuron
30228,DNg02_a,DNg02_a_R,R,acetylcholine,0.9097170233726501,373,680,Traced,21122.0,1,out_flight,,,,,descending_neuron
22393,DNg02_a,DNg02_a_R,R,acetylcholine,0.955590009689331,355,1154,Traced,21122.0,1,out_flight,,,,,descending_neuron
23411,DNg02_a,DNg02_a_R,R,acetylcholine,0.9547204971313477,388,1809,Traced,21122.0,1,out_flight,,,,,descending_neuron
28905,DNg02_a,DNg02_a_L,L,acetylcholine,0.9630361199378967,414,833,Traced,21122.0,1,out_flight,,,,,descending_neuron
35988,DNg02_a,DNg02_a_L,L,acetylcholine,0.9594925045967102,318,634,Traced,21122.0,1,out_flight,,,,,descending_neuron
20849,DNg02_b,DNg02_b_L,L,acetylcholine,0.9635813236236572,348,776,Traced,20849.0,1,out_flight,,,,,descending_neuron
37135,DNg02_b,DNg02_b_L,L,acetylcholine,0.960478663444519,340,563,Traced,20849.0,1,out_flight,,,,,descending_neuron
33424,DNg02_b,DNg02_b_L,L,acetylcholine,0.9661595225334167,340,524,Traced,20849.0,1,out_flight,,,,,descending_neuron
262979,DNg02_b,DNg02_b_R,R,acetylcholine,0.962328314781189,313,656,Traced,20849.0,1,out_flight,,,,,descending_neuron
26079,DNg02_b,DNg02_b_R,R,acetylcholine,0.9577447175979614,400,648,Traced,20849.0,1,out_flight,,,,,descending_neuron
302599,DNg02_c,DNg02_c_L,L,acetylcholine,0.9519352912902832,213,614,Traced,295340.0,1,out_flight,,,,,descending_neuron
225466,DNg02_c,DNg02_c_R,R,acetylcholine,0.9534941911697388,411,1489,Traced,225466.0,1,out_flight,,,,,descending_neuron
525126,DNg02_c,DNg02_c_L,L,acetylcholine,0.9468220472335815,452,1585,Traced,225466.0,1,out_flight,,,,,descending_neuron
295340,DNg02_c,DNg02_c_R,R,acetylcholine,0.9607734680175781,278,747,Traced,295340.0,1,out_flight,,,,,descending_neuron
25357,DNg02_d,DNg02_d_L,L,acetylcholine,0.9546903967857361,436,2154,Traced,17331.0,1,out_flight,,,,,descending_neuron
17331,DNg02_d,DNg02_d_R,R,acetylcholine,0.9546896815299988,484,2603,Traced,17331.0,1,out_flight,,,,,descending_neuron
516667,DNg02_e,DNg02_e_R,R,acetylcholine,0.946249783039093,409,1794,Traced,177685.0,1,out_flight,,,,,descending_neuron
177685,DNg02_e,DNg02_e_L,L,acetylcholine,0.9480137228965759,400,1469,Traced,177685.0,1,out_flight,,,,,descending_neuron
18183,DNg02_f,DNg02_f_R,R,acetylcholine,0.9314454793930054,426,2033,Traced,18183.0,1,out_flight,,,,,descending_neuron
20962,DNg02_f,DNg02_f_L,L,acetylcholine,0.9623188376426697,391,1853,Traced,18183.0,1,out_flight,,,,,descending_neuron
20289,DNg02_g,DNg02_g_R,R,acetylcholine,0.9639951586723328,452,1718,Traced,19773.0,1,out_flight,,,,,descending_neuron
22462,DNg02_g,DNg02_g_R,R,acetylcholine,0.9629647135734558,412,1271,Traced,22462.0,1,out_flight,,,,,descending_neuron
19773,DNg02_g,DNg02_g_L,L,acetylcholine,0.9687797427177429,489,1642,Traced,19773.0,1,out_flight,,,,,descending_neuron
33333,DNg02_g,DNg02_g_L,L,acetylcholine,0.9576030969619751,453,1581,Traced,22462.0,1,out_flight,,,,,descending_neuron
801970,"DLMn a, b","DLMn a, b_L",L,unclear,0.32236209511756897,80,10529,Traced,801295.0,0,out_wing_power,,,,,vnc_motor
801998,DLMn c-f,DLMn c-f_R,R,unclear,0.3983882963657379,32,10610,Traced,800718.0,0,out_wing_power,,,,,vnc_motor
803048,DLMn c-f,DLMn c-f_R,R,unclear,0.46775534749031067,36,7444,Traced,800718.0,0,out_wing_power,,,,,vnc_motor
1050014552,DLMn c-f,DLMn c-f_R,R,unclear,0.49570250511169434,30,8901,Traced,800718.0,0,out_wing_power,,,,,vnc_motor
800718,DLMn c-f,DLMn c-f_L,L,unclear,0.3959811329841614,50,9762,Traced,800718.0,0,out_wing_power,,,,,vnc_motor
800890,DLMn c-f,DLMn c-f_L,L,unclear,0.5704010725021362,48,10451,Traced,800718.0,0,out_wing_power,,,,,vnc_motor
801895,DLMn c-f,DLMn c-f_L,L,unclear,0.4789056181907654,45,8944,Traced,800718.0,0,out_wing_power,,,,,vnc_motor
803013,DLMn c-f,DLMn c-f_L,L,unclear,0.4110625088214874,31,7689,Traced,800718.0,0,out_wing_power,,,,,vnc_motor
932321,"DVMn 3a, b","DVMn 3a, b_R",R,unclear,0.4883682131767273,6,3348,Traced,805165.0,0,out_wing_power,,,,,vnc_motor
801295,"DLMn a, b","DLMn a, b_R",R,unclear,0.5040237307548523,66,11260,Traced,801295.0,0,out_wing_power,,,,,vnc_motor
924167,STTMm,STTMm_L,L,unclear,0.3839127719402313,23,6796,Traced,824223.0,0,out_wing_steer,,,,,vnc_motor
801350,b2 MN,b2 MN_R,R,glutamate,0.4109220504760742,62,13739,Traced,801137.0,-1,out_wing_steer,,,,,vnc_motor
805165,"DVMn 3a, b","DVMn 3a, b_L",L,unclear,0.38786256313323975,24,4404,Traced,805165.0,0,out_wing_power,,,,,vnc_motor
906612,"DVMn 3a, b","DVMn 3a, b_L",L,unclear,0.534704327583313,24,3805,Traced,805165.0,0,out_wing_power,,,,,vnc_motor
800573,i2 MN,i2 MN_R,R,glutamate,0.7859755754470825,36,16019,Traced,800381.0,-1,out_wing_steer,,,,,vnc_motor
932322,DVMn 1a-c,DVMn 1a-c_L,L,glutamate,0.55942702293396,7,5063,Traced,800056.0,-1,out_wing_power,,,,,vnc_motor
932796,DVMn 1a-c,DVMn 1a-c_L,L,glutamate,0.6217581033706665,11,3761,Traced,800056.0,-1,out_wing_power,,,,,vnc_motor
800381,i2 MN,i2 MN_L,L,glutamate,0.7547436952590942,97,18073,Traced,800381.0,-1,out_wing_steer,,,,,vnc_motor
803982,"DVMn 2a, b","DVMn 2a, b_L",L,unclear,0.31063738465309143,9,3178,Traced,803599.0,0,out_wing_power,,,,,vnc_motor
807799,"DVMn 2a, b","DVMn 2a, b_L",L,unclear,0.3288203775882721,6,2799,Traced,803599.0,0,out_wing_power,,,,,vnc_motor
801816,DVMn 1a-c,DVMn 1a-c_R,R,glutamate,0.7320626378059387,16,4497,Traced,800056.0,-1,out_wing_power,,,,,vnc_motor
803129,DVMn 1a-c,DVMn 1a-c_R,R,glutamate,0.6105976700782776,8,4748,Traced,800056.0,-1,out_wing_power,,,,,vnc_motor
803100,iii1 MN,iii1 MN_R,R,unclear,0.5749173164367676,34,7446,Traced,802835.0,0,out_wing_steer,,,,,vnc_motor
802120,b3 MN,b3 MN_R,R,glutamate,0.46572327613830566,82,10195,Traced,801292.0,-1,out_wing_steer,,,,,vnc_motor
801310,b1 MN,b1 MN_L,L,glutamate,0.4238797426223755,134,13213,Traced,801310.0,-1,out_wing_steer,,,,,vnc_motor
803599,"DVMn 2a, b","DVMn 2a, b_R",R,unclear,0.4889270067214966,12,2622,Traced,803599.0,0,out_wing_power,,,,,vnc_motor
807924,"DVMn 2a, b","DVMn 2a, b_R",R,unclear,0.7338243126869202,8,2671,Traced,803599.0,0,out_wing_power,,,,,vnc_motor
802835,iii1 MN,iii1 MN_L,L,unclear,0.4894702434539795,38,8124,Traced,802835.0,0,out_wing_steer,,,,,vnc_motor
802544,DLMn c-f,DLMn c-f_R,R,unclear,0.5865527987480164,50,8797,Traced,800718.0,0,out_wing_power,,,,,vnc_motor
1050045395,"DVMn 3a, b","DVMn 3a, b_R",R,unclear,0.697124719619751,28,3720,Traced,805165.0,0,out_wing_power,,,,,vnc_motor
801292,b3 MN,b3 MN_L,L,glutamate,0.4351431727409363,45,12143,Traced,801292.0,-1,out_wing_steer,,,,,vnc_motor
802028,tp1 MN,tp1 MN_R,R,glutamate,0.43821120262145996,18,8341,Traced,802028.0,-1,out_wing_steer,,,,,vnc_motor
800184,MNwm36,MNwm36_L,L,glutamate,0.582201361656189,131,20597,Traced,800184.0,-1,out_wing_steer,,,,,vnc_motor
800743,ps1 MN,ps1 MN_R,R,unclear,0.5515901446342468,39,17083,Traced,800743.0,0,out_wing_steer,,,,,vnc_motor
804131,hg2 MN,hg2 MN_L,L,glutamate,0.8057510852813721,69,5556,Traced,803891.0,-1,out_wing_steer,,,,,vnc_motor
801391,STTMm,STTMm_R,R,unclear,0.4913671314716339,18,7957,Traced,801391.0,0,out_wing_steer,,,,,vnc_motor
801185,tpn MN,tpn MN_L,L,glutamate,0.3812771737575531,18,10296,Traced,801185.0,-1,out_wing_steer,,,,,vnc_motor
824223,STTMm,STTMm_R,R,unclear,0.47736039757728577,33,7252,Traced,824223.0,0,out_wing_steer,,,,,vnc_motor
801815,tpn MN,tpn MN_R,R,glutamate,0.7229609489440918,27,8224,Traced,801185.0,-1,out_wing_steer,,,,,vnc_motor
800190,MNwm35,MNwm35_R,R,unclear,0.7722999453544617,24,14895,Traced,800190.0,0,out_wing_steer,,,,,vnc_motor
800847,hg4 MN,hg4 MN_L,L,unclear,0.5243224501609802,28,16644,Traced,800847.0,0,out_wing_steer,,,,,vnc_motor
801137,b2 MN,b2 MN_L,L,glutamate,0.6347771883010864,60,15577,Traced,801137.0,-1,out_wing_steer,,,,,vnc_motor
800637,i1 MN,i1 MN_R,R,glutamate,0.506907045841217,80,12818,Traced,800637.0,-1,out_wing_steer,,,,,vnc_motor
802315,tp1 MN,tp1 MN_L,L,glutamate,0.5182914733886719,17,9025,Traced,802028.0,-1,out_wing_steer,,,,,vnc_motor
800696,MNwm36,MNwm36_R,R,glutamate,0.33737581968307495,180,18550,Traced,800184.0,-1,out_wing_steer,,,,,vnc_motor
903852,hg3 MN,hg3 MN_R,R,glutamate,0.6375365257263184,157,14188,Traced,801021.0,-1,out_wing_steer,,,,,vnc_motor
804301,b1 MN,b1 MN_R,R,glutamate,0.4552488625049591,150,11909,Traced,801310.0,-1,out_wing_steer,,,,,vnc_motor
803589,ps2 MN,ps2 MN_L,L,glutamate,0.5130637288093567,21,9015,Traced,802837.0,-1,out_wing_steer,,,,,vnc_motor
802327,iii3 MN,iii3 MN_R,R,unclear,0.3850506842136383,56,4737,Traced,802327.0,0,out_wing_steer,,,,,vnc_motor
800606,MNwm35,MNwm35_L,L,unclear,0.5661522150039673,19,17066,Traced,800190.0,0,out_wing_steer,,,,,vnc_motor
800241,hg1 MN,hg1 MN_L,L,glutamate,0.7711461782455444,62,17394,Traced,800241.0,-1,out_wing_steer,,,,,vnc_motor
800899,tp2 MN,tp2 MN_R,R,glutamate,0.6169562935829163,38,9148,Traced,800899.0,-1,out_wing_steer,,,,,vnc_motor
800412,DVMn 1a-c,DVMn 1a-c_L,L,glutamate,0.3923882842063904,15,5049,Traced,800056.0,-1,out_wing_power,,,,,vnc_motor
807987,,,R,unclear,0.3921166956424713,10,2732,Traced,,0,out_wing_steer,,,,,vnc_motor
800056,DVMn 1a-c,DVMn 1a-c_R,R,glutamate,0.3675519526004791,8,4369,Traced,800056.0,-1,out_wing_power,,,,,vnc_motor
801021,hg3 MN,hg3 MN_L,L,glutamate,0.5400863289833069,38,15799,Traced,801021.0,-1,out_wing_steer,,,,,vnc_motor
800906,hg4 MN,hg4 MN_R,R,unclear,0.5377728343009949,40,13036,Traced,800847.0,0,out_wing_steer,,,,,vnc_motor
800928,ps1 MN,ps1 MN_L,L,unclear,0.553408145904541,57,16810,Traced,800743.0,0,out_wing_steer,,,,,vnc_motor
801949,tp2 MN,tp2 MN_L,L,glutamate,0.4893890917301178,12,10007,Traced,800899.0,-1,out_wing_steer,,,,,vnc_motor
803891,hg2 MN,hg2 MN_R,R,glutamate,0.8262819647789001,72,5884,Traced,803891.0,-1,out_wing_steer,,,,,vnc_motor
830847,STTMm,STTMm_L,L,unclear,0.5991601347923279,75,8273,Traced,801391.0,0,out_wing_steer,,,,,vnc_motor
802837,ps2 MN,ps2 MN_R,R,glutamate,0.3419722318649292,29,7749,Traced,802837.0,-1,out_wing_steer,,,,,vnc_motor
801220,i1 MN,i1 MN_L,L,glutamate,0.6629461050033569,81,14767,Traced,800637.0,-1,out_wing_steer,,,,,vnc_motor
804107,iii3 MN,iii3 MN_L,L,unclear,0.32997918128967285,45,5217,Traced,802327.0,0,out_wing_steer,,,,,vnc_motor
800917,hg1 MN,hg1 MN_R,R,glutamate,0.6279414892196655,42,16980,Traced,800241.0,-1,out_wing_steer,,,,,vnc_motor
